<?xml version="1.0" encoding="utf-8" standalone="yes" ?>
<rss version="2.0" xmlns:atom="http://www.w3.org/2005/Atom">
  <channel>
    <title>ResearchGate | Pablo Bernabeu</title>
    <link>/tags/researchgate/</link>
      <atom:link href="/tags/researchgate/index.xml" rel="self" type="application/rss+xml" />
    <description>ResearchGate</description>
    <generator>Source Themes Academic (https://sourcethemes.com/academic/)</generator><language>en-uk</language><copyright>© Pablo Bernabeu, 2020. [CC BY Attribution licence](https://creativecommons.org/licenses/by/4.0/). Cookies only used by Disqus to enable comments ([see details](https://help.disqus.com/en/articles/1717155-use-of-cookies)).</copyright><lastBuildDate>Sun, 01 Jan 2017 00:00:00 +0000</lastBuildDate>
    <image>
      <url>/img/pablobernabeu_image_sharing.png</url>
      <title>ResearchGate</title>
      <link>/tags/researchgate/</link>
    </image>
    
    <item>
      <title>Modality switch effects emerge early and increase throughout conceptual processing: evidence from ERPs [Blog]</title>
      <link>/2017/modality-switch-effects-emerge-early-and-increase-throughout-conceptual-processing-evidence-from-erps/</link>
      <pubDate>Sun, 01 Jan 2017 00:00:00 +0000</pubDate>
      <guid>/2017/modality-switch-effects-emerge-early-and-increase-throughout-conceptual-processing-evidence-from-erps/</guid>
      <description>&lt;p&gt;Research has extensively investigated whether conceptual processing is modality-specific—that is, whether meaning is processed to a large extent on the basis of perceptual and motor affordances (Barsalou, 2016). This possibility challenges long-established theories. It suggests a strong link between physical experience and language which is not borne out of the paradigmatic arbitrariness of words (see Lockwood, Dingemanse, &amp;amp; Hagoort, 2016). Modality-specificity also clashes with models of language that have no link to sensory and motor systems (Barsalou, 2016).&lt;/p&gt;
&lt;a href=&#39;https://psyarxiv.com/a5pcz/download&#39;&gt;
      &lt;button style = &#34;background-color: white; color: black; border: 2px solid #4CAF50; border-radius: 12px;&#34;&gt;
      &lt;h3 style = &#34;margin-top: 7px !important; margin-left: 9px !important; margin-right: 9px !important;&#34;&gt; 
      &lt;span style=&#34;color:#DBE6DA;&#34;&gt;&lt;i class=&#34;fas fa-mouse-pointer&#34;&gt;&lt;/i&gt;&lt;/span&gt;&amp;nbsp; Article &lt;/h3&gt;&lt;/button&gt;&lt;/a&gt; &amp;nbsp; 
&lt;a href=&#39;https://psyarxiv.com/5gjvk/download&#39;&gt;
      &lt;button style = &#34;background-color: white; color: black; border: 2px solid #196F27; border-radius: 12px;&#34;&gt;
      &lt;h3 style = &#34;margin-top: 7px !important; margin-left: 9px !important; margin-right: 9px !important;&#34;&gt; 
      &lt;span style=&#34;color:#DBE6DA;&#34;&gt;&lt;i class=&#34;fas fa-mouse-pointer&#34;&gt;&lt;/i&gt;&lt;/span&gt;&amp;nbsp; Thesis &lt;/h3&gt;&lt;/button&gt;&lt;/a&gt; &amp;nbsp; 
&lt;br&gt;
&lt;br&gt;
&lt;ul&gt;
&lt;li&gt;
&lt;a href=&#34;https://www.researchgate.net/post/Conceptual_modality_switch_effect_measured_at_first_word&#34; target=&#34;_blank&#34; rel=&#34;noopener&#34;&gt;Early discussion on ResearchGate&lt;/a&gt;&lt;/li&gt;
&lt;li&gt;
&lt;a href=&#34;https://osf.io/97unm/&#34; target=&#34;_blank&#34; rel=&#34;noopener&#34;&gt;data and code&lt;/a&gt;&lt;/li&gt;
&lt;li&gt;
&lt;a href=&#34;https://mybinder.org/v2/gh/pablobernabeu/Modality-switch-effects-emerge-early-and-increase-throughout-conceptual-processing/master?urlpath=rstudio&#34; target=&#34;_blank&#34; rel=&#34;noopener&#34;&gt;analysis environment in RStudio&lt;/a&gt;&lt;/li&gt;
&lt;/ul&gt;
&lt;p&gt;In the Conceptual Modality Switch (CMS) paradigm, participants perform a property verification task, deciding whether certain property words can reasonably describe concept words. Covertly, the conceptual modality of consecutive trials is manipulated in order to produce specific switches in conceptual modality. For instance, after the trial &lt;em&gt;Soundless Answer&lt;/em&gt;, which is primarily auditory, the following trial may match in modality—&lt;em&gt;Loud Welcome&lt;/em&gt;—or mismatch—&lt;em&gt;Fine Selection&lt;/em&gt; (visual).&lt;/p&gt;
&lt;p&gt;&lt;img src=&#34;designoverview.png&#34; alt=&#34;&#34;&gt;&lt;/p&gt;
&lt;p&gt;Modality switches incur processing costs, as reflected in brain signals linked to semantic violation, and in longer response times (RTs) (Scerrati, Lugli, Nicoletti, &amp;amp; Borghi, 2016). This effect suggests that perceptual features of concepts are accessed during conceptual processing. More recently, however, the CMS effect was reanalysed using a non-perceptual alternative. Louwerse and Connell (2011) found that language statistics (the co-occurrence of words in a language) were able to approximately predict visual/haptic, olfactory/gustatory, and auditory modalities, but not the subtler differences between visual and haptic and between olfactory and gustatory, which seemed to be reserved for perceptual simulations. Moreover, faster response times (RTs) were best explained by language statistics, whereas slower RTs were best explained by perceptual simulations.&lt;/p&gt;
&lt;p&gt;The time course of word processing is important. Research suggests that word processing spans one second, during which different processes—semantic and post-semantic—gradually accumulate (Hauk, 2016). The later an effect, the more reasons to question it. Yet, having an early emergence does not either make an effect lexicosemantic, as the meaning encoded could have gone through working memory before activating the actual system of interest, e.g., sensorimotor (Mahon &amp;amp; Caramazza, 2008). Research also suggests that modal systems may contribute to conceptual processing early on—within 200 ms (Vukovic, Feurra, Shpektor, Myachykov, &amp;amp; Shtyrov, 2017). Thus, measuring effects online may prove valuable.&lt;/p&gt;
&lt;h2 id=&#34;experiment&#34;&gt;Experiment&lt;/h2&gt;
&lt;p&gt;Bernabeu, Willems and Louwerse (2017) investigated whether CMS reflects a functionally relevant process of simulation or instead arises only after basic conceptual processing has been attained. We also examined whether different processing systems, amodal and modal, may compatibly operate.&lt;/p&gt;
&lt;p&gt;We measured CMS online by time-locking Event-Related brain Potentials (ERPs) to the onset of the first word in the target trials, in order to assess how strongly CMS may be influenced by post-semantic processes. Previous research would predict an increase in the CMS effect over time because earlier processing is relatively amodal (Louwerse &amp;amp; Hutchinson, 2012).&lt;/p&gt;
&lt;p&gt;We tested the compatibility of amodal and modal processing by drawing on Louwerse and Connell’s (2011) findings. In this conceptual replication, we split participants into a Quick and a Slow group based on RT. Maintaining CMS as a within-subjects factor, we predicted that the larger modality switches (e.g., auditory to visual) would be picked up equally by both groups, whereas the subtler switches (e.g., haptic to visual) would be picked up only—or more clearly—by the Slow group.&lt;/p&gt;
&lt;h2 id=&#34;method&#34;&gt;Method&lt;/h2&gt;
&lt;p&gt;The stimuli were normed (Bernabeu, Louwerse, &amp;amp; Willems, in prep.). Three CMS conditions were created—Auditory-to-visual, Haptic-to-visual, Visual-to-visual—, each with 36 target trials. The property verification task was pretested valid (&lt;em&gt;N&lt;/em&gt; = 19).&lt;/p&gt;
&lt;h2 id=&#34;results&#34;&gt;Results&lt;/h2&gt;
&lt;p&gt;All participants but one responded correctly to over half of the trials, with an overall accuracy of 63%.&lt;/p&gt;
&lt;p&gt;ERPs showed a CMS effect from time window 1 on, larger after 350 ms. It appeared with both switch conditions, and was characterized by a more negative amplitude for the switch conditions compared to the no-switch condition. It was generally stronger in the posterior brain regions, and in the Slow group. The results are illustrated in the figure below, which includes 95% Confidence Intervals and time windows.&lt;/p&gt;
&lt;p&gt;&lt;img src=&#34;stackERPs.png&#34; alt=&#34;&#34;&gt;&lt;/p&gt;
&lt;p&gt;&lt;img style = &#34;float: right; margin-left: 30px;&#34; width = &#39;50%&#39; src=&#39;results.jpg&#39; /&gt;&lt;/p&gt;
&lt;p&gt;The analysis was done with Linear Mixed Effects models. Final models presented good fits, with R&lt;sup&gt;2&lt;/sup&gt; ranging from .748 to .862. First, the CMS effect in time window 1 was confirmed significant. Such an early emergence is unprecedented in the CMS literature, and it may have been enabled by the time-locking of ERPs to the first word in target trials. In this time window, the only process not lexicosemantic is possibly working memory (Hauk, 2016), and therefore this early emergence adds support to the possibility that CMS was directly caused by perceptual simulation.&lt;/p&gt;
&lt;p&gt;Whereas, in time window 1, the effect was circumscribed to an interaction with Brain Area, by time window 2 a main effect of CMS emerged, and in windows 3 and 4 the only critical effect was CMS.&lt;/p&gt;
&lt;p&gt;Bonferroni-corrected, planned ANOVA contrasts into CMS conditions revealed that the no-switch condition differed significantly from the switch conditions. By contrast, the switch conditions (Haptic-to-visual and Auditory-to-visual) hardly differed from each other, underscoring the CMS effect.&lt;/p&gt;
&lt;p&gt;Although the interaction of Group and CMS was only significant in time windows 1 and 2, windows 2 to 4 presented a pattern fitting our predictions (Louwerse &amp;amp; Connell, 2011). While the Slow group picked up the switches across all modalities similarly, the Quick group picked up the Auditory-to-visual switch more clearly than the Haptic-to-visual switch.&lt;/p&gt;
&lt;h2 id=&#34;discussion&#34;&gt;Discussion&lt;/h2&gt;
&lt;p&gt;Results broadly suggest that cognition may operate on qualitatively different systems for the same task. In conceptual processing, one of these systems appears to be modality-independent, potentially based on linguistic co-occurrences, whereas another system is modality-specific, linked to physical experience.&lt;/p&gt;
&lt;h3 id=&#34;bonus-a-conference-poster-with-further-analyses-nbspa-hrefhttpsmfrosfiorenderurlhttpsosfiodj52ndirect26moderender26actiondownload26moderenderi-classfas-fa-external-link-altia&#34;&gt;Bonus: a conference poster with further analyses  &lt;a href=&#39;https://mfr.osf.io/render?url=https://osf.io/dj52n/?direct%26mode=render%26action=download%26mode=render&#39;&gt;&lt;i class=&#34;fas fa-external-link-alt&#34;&gt;&lt;/i&gt;&lt;/a&gt;&lt;/h3&gt;
&lt;style&gt;.embed-responsive{position:relative;height:100%;}.embed-responsive iframe{position:absolute;height:100%;}&lt;/style&gt;&lt;script&gt;window.jQuery || document.write(&#39;&lt;script src=&#34;//code.jquery.com/jquery-1.11.2.min.js&#34;&gt;\x3C/script&gt;&#39;) &lt;/script&gt;&lt;link href=&#34;https://mfr.osf.io/static/css/mfr.css&#34; media=&#34;all&#34; rel=&#34;stylesheet&#34;&gt;&lt;div id=&#34;mfrIframe&#34; class=&#34;mfr mfr-file&#34;&gt;&lt;/div&gt;&lt;script src=&#34;https://mfr.osf.io/static/js/mfr.js&#34;&gt;&lt;/script&gt; &lt;script&gt;var mfrRender = new mfr.Render(&#34;mfrIframe&#34;, &#34;https://mfr.osf.io/render?url=https://osf.io/dj52n/?direct%26mode=render%26action=download%26mode=render&#34;);&lt;/script&gt;
&lt;h2 id=&#34;references&#34;&gt;References&lt;/h2&gt;
&lt;div style = &#34;text-indent:-2em; margin-left:2em;&#34;&gt;
&lt;p&gt;Barsalou, L. W. (2016). On staying grounded and avoiding quixotic dead ends. &lt;em&gt;Psychonomic Bulletin &amp;amp; Review, 23&lt;/em&gt;.&lt;/p&gt;
&lt;p&gt;Bernabeu, P., Louwerse, M. M., &amp;amp; Willems, R. M. (in prep.). Modality exclusivity norms for 747 properties and concepts in Dutch: a replication of English. Retrieved from &lt;a href=&#34;https://osf.io/brkjw/&#34;&gt;https://osf.io/brkjw/&lt;/a&gt;&lt;/p&gt;
&lt;p&gt;Bernabeu, P., Willems, R. M., &amp;amp; Louwerse, M. M. (2017). Modality switch effects emerge early and increase throughout conceptual processing: Evidence from ERPs. In G. Gunzelmann, A. Howes, T. Tenbrink, &amp;amp; E. J. Davelaar (Eds.), Proceedings of the 39th Annual Conference of the Cognitive Science Society (pp. 1629-1634). Austin, TX: Cognitive Science Society.&lt;/p&gt;
&lt;p&gt;Hauk, O. (2016). Only time will tell—Why temporal information is essential for our neuroscientific understanding of semantics. &lt;em&gt;Psychonomic Bulletin &amp;amp; Review, 23&lt;/em&gt;, 4, 1072-1079.&lt;/p&gt;
&lt;p&gt;Lockwood, G., Hagoort, P., &amp;amp; Dingemanse, M. (2016). How iconicity helps people learn new words: neural correlates and individual differences in sound-symbolic bootstrapping. &lt;em&gt;Collabra, 2&lt;/em&gt;, 1, 7.&lt;/p&gt;
&lt;p&gt;Louwerse, M., &amp;amp; Connell, L. (2011). A taste of words: linguistic context and perceptual simulation predict the modality of words. &lt;em&gt;Cognitive Science, 35&lt;/em&gt;, 2, 381-98.&lt;/p&gt;
&lt;p&gt;Louwerse, M., &amp;amp; Hutchinson, S. (2012). Neurological evidence linguistic processes precede perceptual simulation in conceptual processing. &lt;em&gt;Frontiers in Psychology, 3&lt;/em&gt;, 385.&lt;/p&gt;
&lt;p&gt;Mahon, B. Z., &amp;amp; Caramazza, A. (2008). A critical look at the Embodied Cognition Hypothesis and a new proposal for grounding conceptual content. &lt;em&gt;Journal of Physiology - Paris, 102&lt;/em&gt;, 59-70.&lt;/p&gt;
&lt;p&gt;Scerrati, E., Lugli, L., Nicoletti, R., &amp;amp; Borghi, A. M. (2016). The Multilevel Modality-Switch Effect: What Happens When We See the Bees Buzzing and Hear the Diamonds Glistening. &lt;em&gt;Psychonomic Bulletin &amp;amp; Review&lt;/em&gt;, doi:10.3758/s13423-016-1150-2.&lt;/p&gt;
&lt;p&gt;Vukovic, V., Feurra, M., Shpektor, A., Myachykov, A., &amp;amp; Shtyrov, Y. (2017). Primary motor cortex functionally contributes to language comprehension: An online rTMS study. &lt;em&gt;Neuropsychologia, 96&lt;/em&gt;, 222-229.&lt;/p&gt;
&lt;/div&gt;
</description>
    </item>
    
  </channel>
</rss>
