<?xml version="1.0" encoding="utf-8" standalone="yes" ?>
<rss version="2.0" xmlns:atom="http://www.w3.org/2005/Atom">
  <channel>
    <title>Recent &amp; Upcoming Talks | Pablo Bernabeu</title>
    <link>/talk/</link>
      <atom:link href="/talk/index.xml" rel="self" type="application/rss+xml" />
    <description>Recent &amp; Upcoming Talks</description>
    <generator>Source Themes Academic (https://sourcethemes.com/academic/)</generator><language>en-uk</language><copyright>© Pablo Bernabeu, 2020. [CC BY Attribution licence](https://creativecommons.org/licenses/by/4.0/). Cookies only used by Disqus to enable comments ([see details](https://help.disqus.com/en/articles/1717155-use-of-cookies)).</copyright><lastBuildDate>Sat, 01 Jun 2030 13:00:00 +0000</lastBuildDate>
    <image>
      <url>/img/pablobernabeu_sharing_image.png</url>
      <title>Recent &amp; Upcoming Talks</title>
      <link>/talk/</link>
    </image>
    
    <item>
      <title>Example Talk</title>
      <link>/talk/example/</link>
      <pubDate>Sat, 01 Jun 2030 13:00:00 +0000</pubDate>
      <guid>/talk/example/</guid>
      <description>&lt;div class=&#34;alert alert-note&#34;&gt;
  &lt;div&gt;
    Click on the &lt;strong&gt;Slides&lt;/strong&gt; button above to view the built-in slides feature.
  &lt;/div&gt;
&lt;/div&gt;
&lt;p&gt;Slides can be added in a few ways:&lt;/p&gt;
&lt;ul&gt;
&lt;li&gt;&lt;strong&gt;Create&lt;/strong&gt; slides using Academic&amp;rsquo;s 
&lt;a href=&#34;https://sourcethemes.com/academic/docs/managing-content/#create-slides&#34; target=&#34;_blank&#34; rel=&#34;noopener&#34;&gt;&lt;em&gt;Slides&lt;/em&gt;&lt;/a&gt; feature and link using &lt;code&gt;slides&lt;/code&gt; parameter in the front matter of the talk file&lt;/li&gt;
&lt;li&gt;&lt;strong&gt;Upload&lt;/strong&gt; an existing slide deck to &lt;code&gt;static/&lt;/code&gt; and link using &lt;code&gt;url_slides&lt;/code&gt; parameter in the front matter of the talk file&lt;/li&gt;
&lt;li&gt;&lt;strong&gt;Embed&lt;/strong&gt; your slides (e.g. Google Slides) or presentation video on this page using 
&lt;a href=&#34;https://sourcethemes.com/academic/docs/writing-markdown-latex/&#34; target=&#34;_blank&#34; rel=&#34;noopener&#34;&gt;shortcodes&lt;/a&gt;.&lt;/li&gt;
&lt;/ul&gt;
&lt;p&gt;Further talk details can easily be added to this page using &lt;em&gt;Markdown&lt;/em&gt; and $\rm \LaTeX$ math code.&lt;/p&gt;
</description>
    </item>
    
  </channel>
</rss>
