participant,item,prime,frequency,rt
P01,W01,related,3.84,694
P01,W01,unrelated,3.84,764
P01,W02,related,3.84,601
P01,W02,unrelated,3.84,684
P01,W03,related,4.57,861
P01,W03,unrelated,4.57,717
P01,W04,related,3.56,1220
P01,W04,unrelated,3.56,665
P01,W05,related,4.71,860
P01,W05,unrelated,4.71,724
P01,W06,related,3.47,762
P01,W06,unrelated,3.47,540
P01,W07,related,5.28,600
P01,W07,unrelated,5.28,636
P01,W08,related,4.71,555
P01,W08,unrelated,4.71,1279
P01,W09,related,4.27,681
P01,W09,unrelated,4.27,653
P01,W10,related,5,757
P01,W10,unrelated,5,507
P01,W11,related,4.53,772
P01,W11,unrelated,4.53,763
P01,W12,related,2.86,585
P01,W12,unrelated,2.86,854
P01,W13,related,3.26,637
P01,W13,unrelated,3.26,823
P01,W14,related,4.37,614
P01,W14,unrelated,4.37,679
P01,W15,related,2.58,874
P01,W15,unrelated,2.58,734
P01,W16,unrelated,4.82,623
P01,W17,related,3.43,481
P01,W17,unrelated,3.43,567
P01,W18,related,4.56,957
P01,W18,unrelated,4.56,828
P01,W19,related,5.07,765
P01,W19,unrelated,5.07,846
P01,W20,related,3.66,539
P01,W20,unrelated,3.66,687
P01,W21,related,3.12,752
P01,W21,unrelated,3.12,530
P01,W22,related,3.09,520
P01,W22,unrelated,3.09,761
P01,W23,related,3.3,676
P01,W23,unrelated,3.3,785
P01,W24,related,3.9,566
P01,W24,unrelated,3.9,724
P02,W01,related,3.84,536
P02,W01,unrelated,3.84,853
P02,W02,related,3.84,952
P02,W02,unrelated,3.84,602
P02,W03,related,4.57,598
P02,W03,unrelated,4.57,778
P02,W04,related,3.56,734
P02,W04,unrelated,3.56,716
P02,W05,related,4.71,1014
P02,W05,unrelated,4.71,903
P02,W06,related,3.47,1394
P02,W06,unrelated,3.47,936
P02,W07,related,5.28,769
P02,W07,unrelated,5.28,490
P02,W08,related,4.71,684
P02,W08,unrelated,4.71,645
P02,W09,related,4.27,893
P02,W09,unrelated,4.27,1220
P02,W10,related,5,848
P02,W10,unrelated,5,829
P02,W11,related,4.53,888
P02,W11,unrelated,4.53,945
P02,W12,related,2.86,533
P02,W12,unrelated,2.86,869
P02,W13,related,3.26,576
P02,W13,unrelated,3.26,735
P02,W14,related,4.37,723
P02,W14,unrelated,4.37,942
P02,W15,related,2.58,651
P02,W15,unrelated,2.58,875
P02,W16,unrelated,4.82,542
P02,W17,related,3.43,737
P02,W17,unrelated,3.43,625
P02,W18,related,4.56,850
P02,W18,unrelated,4.56,942
P02,W19,related,5.07,917
P02,W19,unrelated,5.07,737
P02,W20,related,3.66,597
P02,W20,unrelated,3.66,834
P02,W21,related,3.12,614
P02,W21,unrelated,3.12,751
P02,W22,related,3.09,629
P02,W22,unrelated,3.09,469
P02,W23,related,3.3,906
P02,W23,unrelated,3.3,1125
P02,W24,related,3.9,692
P02,W24,unrelated,3.9,602
P03,W01,related,3.84,657
P03,W01,unrelated,3.84,557
P03,W02,related,3.84,762
P03,W02,unrelated,3.84,995
P03,W03,related,4.57,516
P03,W03,unrelated,4.57,715
P03,W04,related,3.56,916
P03,W04,unrelated,3.56,747
P03,W05,related,4.71,728
P03,W05,unrelated,4.71,458
P03,W06,related,3.47,635
P03,W06,unrelated,3.47,817
P03,W07,related,5.28,1002
P03,W07,unrelated,5.28,720
P03,W08,related,4.71,700
P03,W08,unrelated,4.71,645
P03,W09,related,4.27,1028
P03,W09,unrelated,4.27,573
P03,W10,related,5,608
P03,W10,unrelated,5,771
P03,W11,related,4.53,561
P03,W11,unrelated,4.53,837
P03,W12,related,2.86,769
P03,W12,unrelated,2.86,708
P03,W13,related,3.26,614
P03,W13,unrelated,3.26,750
P03,W14,related,4.37,804
P03,W14,unrelated,4.37,696
P03,W15,related,2.58,880
P03,W15,unrelated,2.58,658
P03,W16,related,4.82,529
P03,W16,unrelated,4.82,758
P03,W17,related,3.43,626
P03,W17,unrelated,3.43,727
P03,W18,related,4.56,636
P03,W18,unrelated,4.56,642
P03,W19,related,5.07,680
P03,W19,unrelated,5.07,742
P03,W20,related,3.66,600
P03,W20,unrelated,3.66,1117
P03,W21,related,3.12,559
P03,W21,unrelated,3.12,716
P03,W22,related,3.09,697
P03,W22,unrelated,3.09,635
P03,W23,related,3.3,654
P03,W23,unrelated,3.3,740
P03,W24,related,3.9,761
P03,W24,unrelated,3.9,650
P04,W01,related,3.84,716
P04,W01,unrelated,3.84,783
P04,W02,related,3.84,907
P04,W03,related,4.57,690
P04,W03,unrelated,4.57,1008
P04,W04,related,3.56,699
P04,W04,unrelated,3.56,619
P04,W05,related,4.71,830
P04,W05,unrelated,4.71,639
P04,W06,related,3.47,710
P04,W06,unrelated,3.47,837
P04,W07,related,5.28,698
P04,W07,unrelated,5.28,537
P04,W08,related,4.71,747
P04,W08,unrelated,4.71,764
P04,W09,related,4.27,673
P04,W09,unrelated,4.27,879
P04,W10,related,5,711
P04,W11,related,4.53,1514
P04,W11,unrelated,4.53,600
P04,W12,related,2.86,586
P04,W12,unrelated,2.86,677
P04,W13,related,3.26,669
P04,W13,unrelated,3.26,779
P04,W14,related,4.37,1133
P04,W14,unrelated,4.37,954
P04,W15,unrelated,2.58,940
P04,W16,related,4.82,602
P04,W16,unrelated,4.82,441
P04,W17,related,3.43,606
P04,W17,unrelated,3.43,824
P04,W18,related,4.56,590
P04,W18,unrelated,4.56,990
P04,W19,related,5.07,567
P04,W19,unrelated,5.07,1366
P04,W20,related,3.66,898
P04,W20,unrelated,3.66,572
P04,W21,related,3.12,621
P04,W21,unrelated,3.12,654
P04,W22,related,3.09,888
P04,W22,unrelated,3.09,679
P04,W23,related,3.3,1101
P04,W23,unrelated,3.3,823
P04,W24,unrelated,3.9,793
P05,W01,related,3.84,656
P05,W01,unrelated,3.84,946
P05,W02,related,3.84,524
P05,W02,unrelated,3.84,496
P05,W03,related,4.57,638
P05,W03,unrelated,4.57,692
P05,W04,related,3.56,801
P05,W04,unrelated,3.56,616
P05,W05,unrelated,4.71,864
P05,W06,related,3.47,727
P05,W06,unrelated,3.47,572
P05,W07,related,5.28,696
P05,W07,unrelated,5.28,650
P05,W08,related,4.71,608
P05,W08,unrelated,4.71,634
P05,W09,related,4.27,661
P05,W09,unrelated,4.27,574
P05,W10,related,5,624
P05,W10,unrelated,5,510
P05,W11,related,4.53,707
P05,W11,unrelated,4.53,649
P05,W12,related,2.86,615
P05,W12,unrelated,2.86,780
P05,W13,related,3.26,678
P05,W13,unrelated,3.26,703
P05,W14,related,4.37,748
P05,W14,unrelated,4.37,907
P05,W15,unrelated,2.58,603
P05,W16,related,4.82,940
P05,W16,unrelated,4.82,725
P05,W17,related,3.43,652
P05,W17,unrelated,3.43,687
P05,W18,related,4.56,859
P05,W18,unrelated,4.56,1168
P05,W19,related,5.07,580
P05,W19,unrelated,5.07,946
P05,W20,related,3.66,550
P05,W20,unrelated,3.66,703
P05,W21,related,3.12,743
P05,W21,unrelated,3.12,868
P05,W22,unrelated,3.09,563
P05,W23,related,3.3,954
P05,W23,unrelated,3.3,598
P05,W24,related,3.9,769
P05,W24,unrelated,3.9,595
P06,W01,related,3.84,598
P06,W01,unrelated,3.84,743
P06,W02,related,3.84,646
P06,W02,unrelated,3.84,804
P06,W03,related,4.57,756
P06,W03,unrelated,4.57,541
P06,W04,related,3.56,886
P06,W04,unrelated,3.56,865
P06,W05,related,4.71,563
P06,W05,unrelated,4.71,873
P06,W06,related,3.47,754
P06,W06,unrelated,3.47,883
P06,W07,related,5.28,877
P06,W07,unrelated,5.28,815
P06,W08,related,4.71,594
P06,W08,unrelated,4.71,751
P06,W09,related,4.27,1069
P06,W09,unrelated,4.27,857
P06,W10,unrelated,5,776
P06,W11,related,4.53,886
P06,W11,unrelated,4.53,664
P06,W12,related,2.86,584
P06,W13,related,3.26,657
P06,W13,unrelated,3.26,879
P06,W14,related,4.37,771
P06,W14,unrelated,4.37,1203
P06,W15,related,2.58,1159
P06,W15,unrelated,2.58,567
P06,W16,related,4.82,771
P06,W16,unrelated,4.82,706
P06,W17,related,3.43,580
P06,W17,unrelated,3.43,461
P06,W18,related,4.56,862
P06,W18,unrelated,4.56,689
P06,W19,related,5.07,559
P06,W19,unrelated,5.07,736
P06,W20,related,3.66,952
P06,W20,unrelated,3.66,768
P06,W21,related,3.12,1022
P06,W21,unrelated,3.12,938
P06,W22,related,3.09,1135
P06,W22,unrelated,3.09,1049
P06,W23,related,3.3,684
P06,W23,unrelated,3.3,944
P06,W24,unrelated,3.9,496
P07,W01,related,3.84,709
P07,W02,related,3.84,754
P07,W02,unrelated,3.84,662
P07,W03,related,4.57,783
P07,W04,related,3.56,1001
P07,W04,unrelated,3.56,891
P07,W05,related,4.71,711
P07,W05,unrelated,4.71,795
P07,W06,related,3.47,565
P07,W06,unrelated,3.47,1147
P07,W07,related,5.28,634
P07,W07,unrelated,5.28,715
P07,W08,related,4.71,637
P07,W08,unrelated,4.71,772
P07,W09,related,4.27,624
P07,W09,unrelated,4.27,740
P07,W10,related,5,451
P07,W10,unrelated,5,677
P07,W11,related,4.53,1403
P07,W11,unrelated,4.53,567
P07,W12,related,2.86,642
P07,W13,related,3.26,783
P07,W14,related,4.37,698
P07,W14,unrelated,4.37,1008
P07,W15,unrelated,2.58,704
P07,W16,related,4.82,972
P07,W16,unrelated,4.82,688
P07,W17,related,3.43,853
P07,W17,unrelated,3.43,645
P07,W18,related,4.56,783
P07,W18,unrelated,4.56,698
P07,W19,related,5.07,700
P07,W19,unrelated,5.07,577
P07,W20,related,3.66,581
P07,W20,unrelated,3.66,1066
P07,W21,related,3.12,801
P07,W21,unrelated,3.12,648
P07,W22,related,3.09,613
P07,W22,unrelated,3.09,555
P07,W23,related,3.3,749
P07,W23,unrelated,3.3,941
P07,W24,related,3.9,609
P07,W24,unrelated,3.9,629
P08,W01,related,3.84,669
P08,W01,unrelated,3.84,657
P08,W02,related,3.84,679
P08,W02,unrelated,3.84,630
P08,W03,related,4.57,565
P08,W03,unrelated,4.57,850
P08,W04,related,3.56,775
P08,W04,unrelated,3.56,994
P08,W05,related,4.71,686
P08,W05,unrelated,4.71,1005
P08,W06,related,3.47,823
P08,W06,unrelated,3.47,1007
P08,W07,unrelated,5.28,826
P08,W08,unrelated,4.71,1087
P08,W09,related,4.27,980
P08,W09,unrelated,4.27,789
P08,W10,related,5,731
P08,W10,unrelated,5,731
P08,W11,unrelated,4.53,750
P08,W12,related,2.86,775
P08,W12,unrelated,2.86,939
P08,W13,related,3.26,795
P08,W13,unrelated,3.26,755
P08,W14,related,4.37,885
P08,W14,unrelated,4.37,1242
P08,W15,related,2.58,631
P08,W15,unrelated,2.58,795
P08,W16,related,4.82,562
P08,W16,unrelated,4.82,888
P08,W17,related,3.43,689
P08,W17,unrelated,3.43,589
P08,W18,related,4.56,658
P08,W18,unrelated,4.56,968
P08,W19,related,5.07,888
P08,W19,unrelated,5.07,704
P08,W20,related,3.66,686
P08,W20,unrelated,3.66,891
P08,W21,related,3.12,893
P08,W21,unrelated,3.12,670
P08,W22,related,3.09,944
P08,W22,unrelated,3.09,529
P08,W23,related,3.3,973
P08,W23,unrelated,3.3,1015
P08,W24,related,3.9,949
P08,W24,unrelated,3.9,547
P09,W01,related,3.84,743
P09,W01,unrelated,3.84,597
P09,W02,related,3.84,591
P09,W02,unrelated,3.84,920
P09,W03,unrelated,4.57,554
P09,W04,related,3.56,854
P09,W04,unrelated,3.56,806
P09,W05,unrelated,4.71,560
P09,W06,related,3.47,930
P09,W06,unrelated,3.47,790
P09,W07,related,5.28,685
P09,W07,unrelated,5.28,753
P09,W08,related,4.71,502
P09,W08,unrelated,4.71,605
P09,W09,related,4.27,597
P09,W10,related,5,854
P09,W10,unrelated,5,663
P09,W11,related,4.53,781
P09,W11,unrelated,4.53,644
P09,W12,related,2.86,860
P09,W12,unrelated,2.86,880
P09,W13,related,3.26,622
P09,W14,related,4.37,690
P09,W14,unrelated,4.37,590
P09,W15,related,2.58,717
P09,W15,unrelated,2.58,757
P09,W16,related,4.82,528
P09,W16,unrelated,4.82,561
P09,W17,related,3.43,492
P09,W17,unrelated,3.43,1037
P09,W18,related,4.56,712
P09,W18,unrelated,4.56,960
P09,W19,related,5.07,581
P09,W19,unrelated,5.07,634
P09,W20,related,3.66,875
P09,W20,unrelated,3.66,705
P09,W21,related,3.12,631
P09,W21,unrelated,3.12,586
P09,W22,related,3.09,453
P09,W23,related,3.3,689
P09,W23,unrelated,3.3,861
P09,W24,related,3.9,698
P09,W24,unrelated,3.9,1523
P10,W01,related,3.84,592
P10,W01,unrelated,3.84,754
P10,W02,related,3.84,571
P10,W02,unrelated,3.84,572
P10,W03,related,4.57,688
P10,W03,unrelated,4.57,547
P10,W04,related,3.56,764
P10,W05,related,4.71,656
P10,W05,unrelated,4.71,678
P10,W06,related,3.47,687
P10,W06,unrelated,3.47,777
P10,W07,related,5.28,487
P10,W07,unrelated,5.28,748
P10,W08,related,4.71,854
P10,W08,unrelated,4.71,950
P10,W09,related,4.27,668
P10,W09,unrelated,4.27,828
P10,W10,related,5,518
P10,W10,unrelated,5,620
P10,W11,related,4.53,716
P10,W11,unrelated,4.53,696
P10,W12,related,2.86,690
P10,W12,unrelated,2.86,560
P10,W13,related,3.26,717
P10,W13,unrelated,3.26,667
P10,W14,related,4.37,611
P10,W14,unrelated,4.37,684
P10,W15,related,2.58,583
P10,W15,unrelated,2.58,701
P10,W16,related,4.82,658
P10,W16,unrelated,4.82,641
P10,W17,related,3.43,548
P10,W17,unrelated,3.43,656
P10,W18,related,4.56,526
P10,W18,unrelated,4.56,564
P10,W19,related,5.07,700
P10,W19,unrelated,5.07,634
P10,W20,related,3.66,713
P10,W20,unrelated,3.66,484
P10,W21,related,3.12,976
P10,W21,unrelated,3.12,747
P10,W22,related,3.09,659
P10,W22,unrelated,3.09,705
P10,W23,related,3.3,1107
P10,W23,unrelated,3.3,784
P10,W24,related,3.9,560
P10,W24,unrelated,3.9,644
P11,W01,related,3.84,672
P11,W01,unrelated,3.84,651
P11,W02,related,3.84,735
P11,W02,unrelated,3.84,764
P11,W03,related,4.57,568
P11,W03,unrelated,4.57,558
P11,W04,related,3.56,785
P11,W04,unrelated,3.56,710
P11,W05,related,4.71,618
P11,W05,unrelated,4.71,766
P11,W06,related,3.47,886
P11,W06,unrelated,3.47,827
P11,W07,unrelated,5.28,722
P11,W08,related,4.71,654
P11,W08,unrelated,4.71,818
P11,W09,related,4.27,854
P11,W09,unrelated,4.27,571
P11,W10,related,5,511
P11,W10,unrelated,5,691
P11,W11,related,4.53,994
P11,W11,unrelated,4.53,727
P11,W12,related,2.86,794
P11,W12,unrelated,2.86,1050
P11,W13,unrelated,3.26,658
P11,W14,related,4.37,955
P11,W14,unrelated,4.37,893
P11,W15,related,2.58,825
P11,W15,unrelated,2.58,637
P11,W16,related,4.82,789
P11,W16,unrelated,4.82,570
P11,W17,related,3.43,583
P11,W17,unrelated,3.43,655
P11,W18,related,4.56,615
P11,W18,unrelated,4.56,708
P11,W19,related,5.07,828
P11,W19,unrelated,5.07,629
P11,W20,related,3.66,792
P11,W20,unrelated,3.66,685
P11,W21,related,3.12,933
P11,W21,unrelated,3.12,746
P11,W22,related,3.09,891
P11,W23,related,3.3,575
P11,W23,unrelated,3.3,1580
P11,W24,related,3.9,863
P11,W24,unrelated,3.9,497
P12,W01,related,3.84,691
P12,W01,unrelated,3.84,769
P12,W02,related,3.84,674
P12,W02,unrelated,3.84,682
P12,W03,related,4.57,532
P12,W03,unrelated,4.57,579
P12,W04,related,3.56,901
P12,W04,unrelated,3.56,853
P12,W05,related,4.71,873
P12,W05,unrelated,4.71,648
P12,W06,related,3.47,852
P12,W06,unrelated,3.47,931
P12,W07,related,5.28,776
P12,W07,unrelated,5.28,473
P12,W08,related,4.71,685
P12,W08,unrelated,4.71,561
P12,W09,related,4.27,1171
P12,W09,unrelated,4.27,814
P12,W10,related,5,441
P12,W10,unrelated,5,637
P12,W11,related,4.53,872
P12,W11,unrelated,4.53,885
P12,W12,related,2.86,780
P12,W12,unrelated,2.86,798
P12,W13,related,3.26,765
P12,W14,related,4.37,823
P12,W14,unrelated,4.37,539
P12,W15,related,2.58,814
P12,W15,unrelated,2.58,557
P12,W16,related,4.82,776
P12,W16,unrelated,4.82,598
P12,W17,related,3.43,675
P12,W17,unrelated,3.43,647
P12,W18,related,4.56,542
P12,W18,unrelated,4.56,594
P12,W19,related,5.07,868
P12,W19,unrelated,5.07,790
P12,W20,related,3.66,697
P12,W20,unrelated,3.66,556
P12,W21,related,3.12,653
P12,W21,unrelated,3.12,798
P12,W22,related,3.09,540
P12,W22,unrelated,3.09,753
P12,W23,related,3.3,960
P12,W23,unrelated,3.3,951
P12,W24,related,3.9,942
P12,W24,unrelated,3.9,734
P13,W01,unrelated,3.84,586
P13,W02,related,3.84,888
P13,W02,unrelated,3.84,1040
P13,W03,related,4.57,759
P13,W04,related,3.56,924
P13,W04,unrelated,3.56,770
P13,W05,related,4.71,814
P13,W05,unrelated,4.71,1232
P13,W06,related,3.47,533
P13,W06,unrelated,3.47,634
P13,W07,related,5.28,697
P13,W07,unrelated,5.28,913
P13,W08,related,4.71,823
P13,W08,unrelated,4.71,775
P13,W09,related,4.27,898
P13,W09,unrelated,4.27,541
P13,W10,related,5,673
P13,W10,unrelated,5,632
P13,W11,related,4.53,767
P13,W11,unrelated,4.53,651
P13,W12,related,2.86,1134
P13,W12,unrelated,2.86,689
P13,W13,related,3.26,754
P13,W13,unrelated,3.26,920
P13,W14,related,4.37,946
P13,W14,unrelated,4.37,1381
P13,W15,related,2.58,566
P13,W15,unrelated,2.58,800
P13,W16,related,4.82,839
P13,W16,unrelated,4.82,772
P13,W17,related,3.43,715
P13,W17,unrelated,3.43,686
P13,W18,related,4.56,574
P13,W19,related,5.07,762
P13,W19,unrelated,5.07,668
P13,W20,related,3.66,546
P13,W21,related,3.12,1404
P13,W21,unrelated,3.12,743
P13,W22,related,3.09,550
P13,W22,unrelated,3.09,684
P13,W23,related,3.3,674
P13,W23,unrelated,3.3,1230
P13,W24,related,3.9,735
P13,W24,unrelated,3.9,663
P14,W01,unrelated,3.84,609
P14,W02,related,3.84,817
P14,W02,unrelated,3.84,570
P14,W03,related,4.57,517
P14,W03,unrelated,4.57,530
P14,W04,related,3.56,577
P14,W04,unrelated,3.56,581
P14,W05,related,4.71,920
P14,W05,unrelated,4.71,673
P14,W06,related,3.47,519
P14,W06,unrelated,3.47,794
P14,W07,related,5.28,622
P14,W07,unrelated,5.28,565
P14,W08,related,4.71,521
P14,W08,unrelated,4.71,627
P14,W09,related,4.27,601
P14,W09,unrelated,4.27,537
P14,W10,related,5,741
P14,W10,unrelated,5,684
P14,W11,related,4.53,892
P14,W11,unrelated,4.53,776
P14,W12,related,2.86,639
P14,W13,related,3.26,482
P14,W13,unrelated,3.26,758
P14,W14,related,4.37,677
P14,W14,unrelated,4.37,878
P14,W15,related,2.58,571
P14,W15,unrelated,2.58,571
P14,W16,related,4.82,734
P14,W16,unrelated,4.82,623
P14,W17,related,3.43,557
P14,W17,unrelated,3.43,536
P14,W18,related,4.56,785
P14,W18,unrelated,4.56,929
P14,W19,related,5.07,798
P14,W19,unrelated,5.07,625
P14,W20,related,3.66,996
P14,W20,unrelated,3.66,817
P14,W21,related,3.12,861
P14,W21,unrelated,3.12,713
P14,W22,related,3.09,391
P14,W22,unrelated,3.09,826
P14,W23,related,3.3,674
P14,W23,unrelated,3.3,693
P14,W24,related,3.9,577
P14,W24,unrelated,3.9,661
P15,W01,related,3.84,722
P15,W01,unrelated,3.84,443
P15,W02,related,3.84,778
P15,W02,unrelated,3.84,653
P15,W03,related,4.57,656
P15,W03,unrelated,4.57,517
P15,W04,related,3.56,650
P15,W04,unrelated,3.56,699
P15,W05,related,4.71,561
P15,W05,unrelated,4.71,514
P15,W06,related,3.47,685
P15,W06,unrelated,3.47,623
P15,W07,related,5.28,584
P15,W07,unrelated,5.28,396
P15,W08,related,4.71,527
P15,W08,unrelated,4.71,602
P15,W09,related,4.27,511
P15,W09,unrelated,4.27,628
P15,W10,related,5,859
P15,W11,related,4.53,673
P15,W11,unrelated,4.53,563
P15,W12,related,2.86,635
P15,W12,unrelated,2.86,535
P15,W13,related,3.26,551
P15,W13,unrelated,3.26,682
P15,W14,related,4.37,581
P15,W14,unrelated,4.37,611
P15,W15,related,2.58,597
P15,W15,unrelated,2.58,555
P15,W16,related,4.82,688
P15,W16,unrelated,4.82,525
P15,W17,related,3.43,430
P15,W17,unrelated,3.43,530
P15,W18,related,4.56,546
P15,W18,unrelated,4.56,619
P15,W19,related,5.07,536
P15,W19,unrelated,5.07,664
P15,W20,related,3.66,479
P15,W20,unrelated,3.66,610
P15,W21,related,3.12,645
P15,W21,unrelated,3.12,731
P15,W22,related,3.09,528
P15,W22,unrelated,3.09,671
P15,W23,related,3.3,852
P15,W23,unrelated,3.3,759
P15,W24,related,3.9,472
P15,W24,unrelated,3.9,495
P16,W01,related,3.84,629
P16,W01,unrelated,3.84,941
P16,W02,related,3.84,570
P16,W02,unrelated,3.84,773
P16,W03,related,4.57,857
P16,W03,unrelated,4.57,768
P16,W04,related,3.56,574
P16,W04,unrelated,3.56,697
P16,W05,related,4.71,597
P16,W05,unrelated,4.71,863
P16,W06,related,3.47,960
P16,W06,unrelated,3.47,718
P16,W07,unrelated,5.28,972
P16,W08,related,4.71,558
P16,W08,unrelated,4.71,983
P16,W09,related,4.27,716
P16,W09,unrelated,4.27,956
P16,W10,related,5,592
P16,W10,unrelated,5,710
P16,W11,related,4.53,870
P16,W11,unrelated,4.53,928
P16,W12,related,2.86,464
P16,W12,unrelated,2.86,686
P16,W13,unrelated,3.26,821
P16,W14,related,4.37,552
P16,W14,unrelated,4.37,663
P16,W15,related,2.58,738
P16,W15,unrelated,2.58,791
P16,W16,related,4.82,884
P16,W16,unrelated,4.82,591
P16,W17,related,3.43,705
P16,W17,unrelated,3.43,828
P16,W18,related,4.56,725
P16,W18,unrelated,4.56,718
P16,W19,related,5.07,712
P16,W19,unrelated,5.07,697
P16,W20,related,3.66,737
P16,W20,unrelated,3.66,598
P16,W21,related,3.12,707
P16,W21,unrelated,3.12,962
P16,W22,related,3.09,590
P16,W22,unrelated,3.09,628
P16,W23,related,3.3,1039
P16,W23,unrelated,3.3,1016
P16,W24,unrelated,3.9,915
P17,W01,related,3.84,569
P17,W01,unrelated,3.84,622
P17,W02,related,3.84,651
P17,W02,unrelated,3.84,525
P17,W03,related,4.57,948
P17,W03,unrelated,4.57,668
P17,W04,related,3.56,600
P17,W04,unrelated,3.56,473
P17,W05,related,4.71,599
P17,W05,unrelated,4.71,921
P17,W06,related,3.47,539
P17,W06,unrelated,3.47,591
P17,W07,related,5.28,565
P17,W07,unrelated,5.28,636
P17,W08,related,4.71,615
P17,W08,unrelated,4.71,545
P17,W09,related,4.27,938
P17,W09,unrelated,4.27,715
P17,W10,related,5,495
P17,W10,unrelated,5,477
P17,W11,unrelated,4.53,806
P17,W12,unrelated,2.86,598
P17,W13,related,3.26,738
P17,W13,unrelated,3.26,684
P17,W14,related,4.37,617
P17,W14,unrelated,4.37,743
P17,W15,related,2.58,805
P17,W15,unrelated,2.58,711
P17,W16,related,4.82,487
P17,W16,unrelated,4.82,474
P17,W17,related,3.43,566
P17,W17,unrelated,3.43,928
P17,W18,related,4.56,589
P17,W18,unrelated,4.56,597
P17,W19,related,5.07,598
P17,W19,unrelated,5.07,798
P17,W20,related,3.66,680
P17,W20,unrelated,3.66,727
P17,W21,related,3.12,623
P17,W21,unrelated,3.12,737
P17,W22,related,3.09,692
P17,W23,related,3.3,640
P17,W23,unrelated,3.3,622
P17,W24,related,3.9,645
P18,W01,related,3.84,630
P18,W01,unrelated,3.84,925
P18,W02,related,3.84,902
P18,W02,unrelated,3.84,707
P18,W03,related,4.57,795
P18,W03,unrelated,4.57,696
P18,W04,related,3.56,713
P18,W04,unrelated,3.56,796
P18,W05,related,4.71,669
P18,W05,unrelated,4.71,668
P18,W06,related,3.47,791
P18,W06,unrelated,3.47,1060
P18,W07,related,5.28,702
P18,W07,unrelated,5.28,915
P18,W08,related,4.71,860
P18,W08,unrelated,4.71,763
P18,W09,related,4.27,1006
P18,W09,unrelated,4.27,610
P18,W10,related,5,531
P18,W10,unrelated,5,920
P18,W11,related,4.53,817
P18,W11,unrelated,4.53,877
P18,W12,related,2.86,604
P18,W12,unrelated,2.86,1009
P18,W13,related,3.26,707
P18,W13,unrelated,3.26,987
P18,W14,related,4.37,762
P18,W14,unrelated,4.37,767
P18,W15,related,2.58,960
P18,W15,unrelated,2.58,733
P18,W16,related,4.82,621
P18,W16,unrelated,4.82,707
P18,W17,related,3.43,653
P18,W17,unrelated,3.43,740
P18,W18,related,4.56,756
P18,W18,unrelated,4.56,932
P18,W19,related,5.07,888
P18,W19,unrelated,5.07,791
P18,W20,related,3.66,679
P18,W21,related,3.12,696
P18,W21,unrelated,3.12,728
P18,W22,related,3.09,548
P18,W22,unrelated,3.09,787
P18,W23,related,3.3,686
P18,W23,unrelated,3.3,828
P18,W24,related,3.9,631
P18,W24,unrelated,3.9,672
P19,W01,related,3.84,720
P19,W01,unrelated,3.84,745
P19,W02,related,3.84,642
P19,W02,unrelated,3.84,567
P19,W03,unrelated,4.57,655
P19,W04,related,3.56,581
P19,W04,unrelated,3.56,761
P19,W05,unrelated,4.71,731
P19,W06,related,3.47,767
P19,W06,unrelated,3.47,909
P19,W07,related,5.28,458
P19,W07,unrelated,5.28,787
P19,W08,related,4.71,689
P19,W08,unrelated,4.71,617
P19,W09,related,4.27,791
P19,W09,unrelated,4.27,777
P19,W10,related,5,524
P19,W10,unrelated,5,719
P19,W11,related,4.53,569
P19,W11,unrelated,4.53,690
P19,W12,related,2.86,552
P19,W12,unrelated,2.86,731
P19,W13,related,3.26,858
P19,W13,unrelated,3.26,605
P19,W14,related,4.37,958
P19,W14,unrelated,4.37,725
P19,W15,related,2.58,596
P19,W16,related,4.82,664
P19,W16,unrelated,4.82,550
P19,W17,related,3.43,574
P19,W17,unrelated,3.43,560
P19,W18,related,4.56,650
P19,W18,unrelated,4.56,457
P19,W19,related,5.07,619
P19,W19,unrelated,5.07,709
P19,W20,related,3.66,515
P19,W20,unrelated,3.66,539
P19,W21,related,3.12,771
P19,W22,related,3.09,584
P19,W22,unrelated,3.09,916
P19,W23,related,3.3,618
P19,W23,unrelated,3.3,960
P19,W24,related,3.9,656
P19,W24,unrelated,3.9,549
P20,W01,related,3.84,525
P20,W01,unrelated,3.84,680
P20,W02,unrelated,3.84,442
P20,W03,related,4.57,516
P20,W03,unrelated,4.57,528
P20,W04,related,3.56,550
P20,W04,unrelated,3.56,622
P20,W05,unrelated,4.71,660
P20,W06,related,3.47,624
P20,W06,unrelated,3.47,592
P20,W07,unrelated,5.28,504
P20,W08,related,4.71,607
P20,W08,unrelated,4.71,767
P20,W09,related,4.27,563
P20,W09,unrelated,4.27,532
P20,W10,related,5,603
P20,W10,unrelated,5,526
P20,W11,related,4.53,691
P20,W11,unrelated,4.53,721
P20,W12,related,2.86,546
P20,W12,unrelated,2.86,547
P20,W13,related,3.26,664
P20,W13,unrelated,3.26,584
P20,W14,related,4.37,607
P20,W14,unrelated,4.37,709
P20,W15,related,2.58,614
P20,W15,unrelated,2.58,804
P20,W16,related,4.82,515
P20,W16,unrelated,4.82,561
P20,W17,unrelated,3.43,612
P20,W18,related,4.56,628
P20,W18,unrelated,4.56,764
P20,W19,related,5.07,583
P20,W19,unrelated,5.07,554
P20,W20,related,3.66,531
P20,W20,unrelated,3.66,736
P20,W21,related,3.12,555
P20,W21,unrelated,3.12,687
P20,W22,related,3.09,630
P20,W22,unrelated,3.09,565
P20,W23,related,3.3,616
P20,W23,unrelated,3.3,534
P20,W24,related,3.9,554
P21,W01,related,3.84,575
P21,W01,unrelated,3.84,714
P21,W02,related,3.84,587
P21,W02,unrelated,3.84,556
P21,W03,related,4.57,471
P21,W04,related,3.56,610
P21,W04,unrelated,3.56,755
P21,W05,related,4.71,560
P21,W05,unrelated,4.71,802
P21,W06,related,3.47,643
P21,W06,unrelated,3.47,779
P21,W07,related,5.28,522
P21,W07,unrelated,5.28,978
P21,W08,related,4.71,589
P21,W08,unrelated,4.71,490
P21,W09,related,4.27,876
P21,W09,unrelated,4.27,523
P21,W10,related,5,478
P21,W10,unrelated,5,688
P21,W11,related,4.53,593
P21,W11,unrelated,4.53,696
P21,W12,related,2.86,655
P21,W12,unrelated,2.86,613
P21,W13,related,3.26,558
P21,W13,unrelated,3.26,752
P21,W14,related,4.37,589
P21,W14,unrelated,4.37,671
P21,W15,unrelated,2.58,769
P21,W16,related,4.82,492
P21,W16,unrelated,4.82,614
P21,W17,unrelated,3.43,556
P21,W18,related,4.56,595
P21,W18,unrelated,4.56,562
P21,W19,related,5.07,607
P21,W19,unrelated,5.07,632
P21,W20,related,3.66,625
P21,W20,unrelated,3.66,906
P21,W21,related,3.12,654
P21,W21,unrelated,3.12,845
P21,W22,related,3.09,514
P21,W22,unrelated,3.09,610
P21,W23,related,3.3,660
P21,W23,unrelated,3.3,759
P21,W24,related,3.9,457
P21,W24,unrelated,3.9,582
P22,W01,related,3.84,678
P22,W01,unrelated,3.84,857
P22,W02,related,3.84,792
P22,W02,unrelated,3.84,619
P22,W03,related,4.57,530
P22,W03,unrelated,4.57,735
P22,W04,related,3.56,724
P22,W04,unrelated,3.56,698
P22,W05,related,4.71,776
P22,W05,unrelated,4.71,766
P22,W06,related,3.47,858
P22,W06,unrelated,3.47,901
P22,W07,related,5.28,477
P22,W07,unrelated,5.28,595
P22,W08,related,4.71,784
P22,W08,unrelated,4.71,851
P22,W09,related,4.27,677
P22,W09,unrelated,4.27,589
P22,W10,related,5,730
P22,W11,related,4.53,582
P22,W11,unrelated,4.53,825
P22,W12,related,2.86,708
P22,W12,unrelated,2.86,688
P22,W13,related,3.26,927
P22,W13,unrelated,3.26,690
P22,W14,related,4.37,695
P22,W14,unrelated,4.37,862
P22,W15,related,2.58,1039
P22,W15,unrelated,2.58,480
P22,W16,related,4.82,811
P22,W16,unrelated,4.82,700
P22,W17,related,3.43,733
P22,W17,unrelated,3.43,814
P22,W18,related,4.56,518
P22,W18,unrelated,4.56,903
P22,W19,related,5.07,858
P22,W19,unrelated,5.07,697
P22,W20,related,3.66,567
P22,W20,unrelated,3.66,709
P22,W21,related,3.12,707
P22,W21,unrelated,3.12,1002
P22,W22,related,3.09,786
P22,W22,unrelated,3.09,750
P22,W23,related,3.3,831
P22,W23,unrelated,3.3,843
P22,W24,related,3.9,1001
P22,W24,unrelated,3.9,627
P23,W01,related,3.84,768
P23,W01,unrelated,3.84,797
P23,W02,unrelated,3.84,517
P23,W03,related,4.57,898
P23,W03,unrelated,4.57,624
P23,W04,related,3.56,885
P23,W04,unrelated,3.56,733
P23,W05,related,4.71,656
P23,W05,unrelated,4.71,712
P23,W06,related,3.47,699
P23,W06,unrelated,3.47,850
P23,W07,related,5.28,858
P23,W07,unrelated,5.28,1073
P23,W08,related,4.71,606
P23,W08,unrelated,4.71,790
P23,W09,related,4.27,912
P23,W09,unrelated,4.27,1138
P23,W10,related,5,696
P23,W10,unrelated,5,674
P23,W11,related,4.53,578
P23,W11,unrelated,4.53,735
P23,W12,related,2.86,833
P23,W12,unrelated,2.86,913
P23,W13,related,3.26,749
P23,W13,unrelated,3.26,756
P23,W14,related,4.37,696
P23,W14,unrelated,4.37,772
P23,W15,related,2.58,840
P23,W15,unrelated,2.58,1093
P23,W16,related,4.82,610
P23,W16,unrelated,4.82,773
P23,W17,related,3.43,612
P23,W17,unrelated,3.43,933
P23,W18,related,4.56,802
P23,W18,unrelated,4.56,700
P23,W19,related,5.07,630
P23,W19,unrelated,5.07,962
P23,W20,related,3.66,594
P23,W20,unrelated,3.66,852
P23,W21,related,3.12,1082
P23,W21,unrelated,3.12,908
P23,W22,related,3.09,626
P23,W22,unrelated,3.09,690
P23,W23,related,3.3,754
P23,W23,unrelated,3.3,953
P23,W24,related,3.9,955
P23,W24,unrelated,3.9,647
P24,W01,related,3.84,655
P24,W01,unrelated,3.84,821
P24,W02,related,3.84,537
P24,W02,unrelated,3.84,537
P24,W03,unrelated,4.57,573
P24,W04,related,3.56,587
P24,W04,unrelated,3.56,586
P24,W05,related,4.71,622
P24,W05,unrelated,4.71,554
P24,W06,related,3.47,545
P24,W06,unrelated,3.47,677
P24,W07,related,5.28,543
P24,W07,unrelated,5.28,791
P24,W08,related,4.71,670
P24,W08,unrelated,4.71,742
P24,W09,related,4.27,494
P24,W09,unrelated,4.27,659
P24,W10,related,5,528
P24,W10,unrelated,5,518
P24,W12,related,2.86,712
P24,W12,unrelated,2.86,820
P24,W13,unrelated,3.26,521
P24,W14,related,4.37,716
P24,W15,related,2.58,700
P24,W16,related,4.82,800
P24,W16,unrelated,4.82,931
P24,W17,related,3.43,688
P24,W17,unrelated,3.43,675
P24,W18,related,4.56,553
P24,W18,unrelated,4.56,769
P24,W19,related,5.07,634
P24,W19,unrelated,5.07,813
P24,W20,related,3.66,740
P24,W20,unrelated,3.66,531
P24,W21,related,3.12,712
P24,W21,unrelated,3.12,733
P24,W22,related,3.09,617
P24,W22,unrelated,3.09,494
P24,W23,related,3.3,465
P24,W23,unrelated,3.3,651
P24,W24,related,3.9,653
P24,W24,unrelated,3.9,582
P25,W01,related,3.84,984
P25,W01,unrelated,3.84,799
P25,W02,related,3.84,786
P25,W02,unrelated,3.84,914
P25,W03,unrelated,4.57,769
P25,W04,related,3.56,894
P25,W04,unrelated,3.56,1119
P25,W05,related,4.71,994
P25,W05,unrelated,4.71,804
P25,W06,related,3.47,1016
P25,W06,unrelated,3.47,990
P25,W07,related,5.28,709
P25,W07,unrelated,5.28,765
P25,W08,related,4.71,853
P25,W08,unrelated,4.71,1432
P25,W09,related,4.27,1216
P25,W09,unrelated,4.27,1056
P25,W10,related,5,573
P25,W10,unrelated,5,1168
P25,W11,related,4.53,841
P25,W11,unrelated,4.53,608
P25,W12,related,2.86,953
P25,W12,unrelated,2.86,636
P25,W13,related,3.26,833
P25,W13,unrelated,3.26,777
P25,W14,related,4.37,994
P25,W14,unrelated,4.37,1035
P25,W15,unrelated,2.58,1135
P25,W16,related,4.82,706
P25,W16,unrelated,4.82,716
P25,W17,related,3.43,1139
P25,W17,unrelated,3.43,875
P25,W18,related,4.56,673
P25,W18,unrelated,4.56,783
P25,W19,related,5.07,802
P25,W19,unrelated,5.07,927
P25,W20,related,3.66,931
P25,W20,unrelated,3.66,978
P25,W21,related,3.12,1030
P25,W21,unrelated,3.12,786
P25,W22,related,3.09,685
P25,W22,unrelated,3.09,514
P25,W23,related,3.3,746
P25,W23,unrelated,3.3,676
P25,W24,related,3.9,870
P26,W01,related,3.84,448
P26,W01,unrelated,3.84,579
P26,W02,unrelated,3.84,660
P26,W03,related,4.57,582
P26,W03,unrelated,4.57,445
P26,W04,related,3.56,534
P26,W04,unrelated,3.56,732
P26,W05,related,4.71,782
P26,W05,unrelated,4.71,491
P26,W06,related,3.47,895
P26,W06,unrelated,3.47,705
P26,W07,related,5.28,442
P26,W07,unrelated,5.28,643
P26,W08,related,4.71,489
P26,W08,unrelated,4.71,517
P26,W09,related,4.27,547
P26,W09,unrelated,4.27,876
P26,W10,related,5,457
P26,W10,unrelated,5,449
P26,W11,related,4.53,952
P26,W11,unrelated,4.53,504
P26,W12,related,2.86,629
P26,W12,unrelated,2.86,569
P26,W13,related,3.26,714
P26,W13,unrelated,3.26,614
P26,W14,related,4.37,798
P26,W14,unrelated,4.37,718
P26,W15,related,2.58,507
P26,W15,unrelated,2.58,545
P26,W16,related,4.82,659
P26,W16,unrelated,4.82,436
P26,W17,related,3.43,500
P26,W17,unrelated,3.43,634
P26,W18,related,4.56,583
P26,W18,unrelated,4.56,529
P26,W19,related,5.07,653
P26,W19,unrelated,5.07,590
P26,W20,related,3.66,499
P26,W20,unrelated,3.66,540
P26,W21,related,3.12,689
P26,W21,unrelated,3.12,579
P26,W22,related,3.09,641
P26,W22,unrelated,3.09,494
P26,W23,related,3.3,778
P26,W23,unrelated,3.3,514
P26,W24,related,3.9,594
P26,W24,unrelated,3.9,669
P27,W01,related,3.84,450
P27,W01,unrelated,3.84,614
P27,W02,related,3.84,412
P27,W02,unrelated,3.84,535
P27,W03,unrelated,4.57,410
P27,W04,related,3.56,653
P27,W04,unrelated,3.56,469
P27,W05,related,4.71,565
P27,W05,unrelated,4.71,730
P27,W06,related,3.47,570
P27,W07,related,5.28,590
P27,W07,unrelated,5.28,774
P27,W08,related,4.71,819
P27,W08,unrelated,4.71,530
P27,W09,related,4.27,725
P27,W09,unrelated,4.27,596
P27,W10,related,5,580
P27,W10,unrelated,5,585
P27,W11,related,4.53,705
P27,W11,unrelated,4.53,565
P27,W12,related,2.86,486
P27,W12,unrelated,2.86,536
P27,W13,related,3.26,527
P27,W13,unrelated,3.26,621
P27,W14,related,4.37,465
P27,W15,related,2.58,736
P27,W15,unrelated,2.58,646
P27,W16,related,4.82,470
P27,W16,unrelated,4.82,432
P27,W17,unrelated,3.43,433
P27,W18,unrelated,4.56,464
P27,W19,related,5.07,544
P27,W19,unrelated,5.07,447
P27,W20,related,3.66,581
P27,W20,unrelated,3.66,638
P27,W21,related,3.12,771
P27,W21,unrelated,3.12,469
P27,W22,related,3.09,664
P27,W22,unrelated,3.09,511
P27,W23,related,3.3,528
P27,W23,unrelated,3.3,489
P27,W24,related,3.9,649
P27,W24,unrelated,3.9,603
P28,W01,unrelated,3.84,902
P28,W02,related,3.84,794
P28,W02,unrelated,3.84,801
P28,W03,related,4.57,623
P28,W03,unrelated,4.57,1001
P28,W04,related,3.56,799
P28,W04,unrelated,3.56,752
P28,W05,related,4.71,656
P28,W05,unrelated,4.71,899
P28,W06,related,3.47,1050
P28,W06,unrelated,3.47,917
P28,W07,related,5.28,619
P28,W07,unrelated,5.28,668
P28,W08,related,4.71,497
P28,W08,unrelated,4.71,568
P28,W09,related,4.27,867
P28,W09,unrelated,4.27,724
P28,W10,related,5,553
P28,W10,unrelated,5,825
P28,W11,related,4.53,688
P28,W11,unrelated,4.53,752
P28,W12,related,2.86,791
P28,W12,unrelated,2.86,570
P28,W13,related,3.26,535
P28,W13,unrelated,3.26,752
P28,W14,related,4.37,712
P28,W14,unrelated,4.37,838
P28,W15,related,2.58,678
P28,W15,unrelated,2.58,745
P28,W16,related,4.82,618
P28,W16,unrelated,4.82,682
P28,W17,related,3.43,562
P28,W18,related,4.56,807
P28,W18,unrelated,4.56,757
P28,W19,unrelated,5.07,802
P28,W20,related,3.66,536
P28,W20,unrelated,3.66,633
P28,W21,related,3.12,957
P28,W21,unrelated,3.12,828
P28,W22,related,3.09,855
P28,W22,unrelated,3.09,671
P28,W23,related,3.3,557
P28,W23,unrelated,3.3,600
P28,W24,related,3.9,682
P29,W01,related,3.84,561
P29,W01,unrelated,3.84,503
P29,W02,related,3.84,433
P29,W02,unrelated,3.84,610
P29,W03,unrelated,4.57,418
P29,W04,related,3.56,885
P29,W04,unrelated,3.56,779
P29,W05,related,4.71,568
P29,W05,unrelated,4.71,629
P29,W06,related,3.47,593
P29,W06,unrelated,3.47,571
P29,W07,related,5.28,526
P29,W07,unrelated,5.28,664
P29,W08,related,4.71,509
P29,W09,related,4.27,558
P29,W10,related,5,709
P29,W10,unrelated,5,458
P29,W11,related,4.53,589
P29,W11,unrelated,4.53,483
P29,W12,related,2.86,474
P29,W12,unrelated,2.86,468
P29,W13,related,3.26,486
P29,W13,unrelated,3.26,565
P29,W14,related,4.37,654
P29,W14,unrelated,4.37,548
P29,W15,related,2.58,469
P29,W15,unrelated,2.58,560
P29,W16,related,4.82,476
P29,W16,unrelated,4.82,577
P29,W17,related,3.43,666
P29,W17,unrelated,3.43,417
P29,W18,related,4.56,570
P29,W18,unrelated,4.56,632
P29,W19,related,5.07,400
P29,W19,unrelated,5.07,640
P29,W20,related,3.66,442
P29,W20,unrelated,3.66,550
P29,W21,related,3.12,537
P29,W21,unrelated,3.12,683
P29,W22,related,3.09,377
P29,W22,unrelated,3.09,559
P29,W23,unrelated,3.3,718
P29,W24,related,3.9,605
P29,W24,unrelated,3.9,628
P30,W01,related,3.84,648
P30,W02,related,3.84,497
P30,W02,unrelated,3.84,649
P30,W03,related,4.57,794
P30,W03,unrelated,4.57,390
P30,W04,related,3.56,674
P30,W04,unrelated,3.56,538
P30,W05,related,4.71,620
P30,W05,unrelated,4.71,740
P30,W06,related,3.47,765
P30,W06,unrelated,3.47,1061
P30,W07,related,5.28,579
P30,W07,unrelated,5.28,631
P30,W08,related,4.71,571
P30,W08,unrelated,4.71,644
P30,W09,unrelated,4.27,585
P30,W10,unrelated,5,559
P30,W11,unrelated,4.53,674
P30,W12,related,2.86,567
P30,W12,unrelated,2.86,671
P30,W13,related,3.26,622
P30,W13,unrelated,3.26,678
P30,W14,related,4.37,582
P30,W14,unrelated,4.37,656
P30,W15,related,2.58,619
P30,W15,unrelated,2.58,1042
P30,W16,related,4.82,603
P30,W16,unrelated,4.82,606
P30,W17,related,3.43,762
P30,W17,unrelated,3.43,998
P30,W18,related,4.56,608
P30,W18,unrelated,4.56,697
P30,W19,related,5.07,703
P30,W19,unrelated,5.07,590
P30,W20,related,3.66,530
P30,W20,unrelated,3.66,820
P30,W21,related,3.12,670
P30,W21,unrelated,3.12,514
P30,W22,related,3.09,671
P30,W22,unrelated,3.09,690
P30,W23,related,3.3,588
P30,W23,unrelated,3.3,728
P30,W24,related,3.9,637
P30,W24,unrelated,3.9,431
