"order","run_id","route","request","data"
1,"ecd10c31","prose","open","balanced"
2,"22715eb1","prose","specified","balanced"
3,"ccaff99f","prose","open","balanced"
4,"b42ac192","prose","specified","balanced"
5,"437afbd0","script","specified","balanced"
6,"2d6442b4","script","open","balanced"
7,"cdc86c2c","prose","open","balanced"
8,"b6a65ec1","script","open","balanced"
9,"9c608c52","prose","specified","balanced"
10,"9d94880d","script","open","balanced"
11,"03331471","script","open","balanced"
12,"deb8444d","prose","open","balanced"
13,"e7f2fe98","prose","specified","balanced"
14,"5d6c3ffd","script","open","balanced"
15,"61de3062","script","open","balanced"
16,"c1324c3a","prose","specified","balanced"
17,"20cbf4b7","script","specified","balanced"
18,"d2aba3cb","prose","open","balanced"
19,"66384367","script","specified","balanced"
20,"469f84cf","prose","open","balanced"
21,"823cd1c3","script","specified","balanced"
22,"687a7fa6","script","open","balanced"
23,"f9e8703b","prose","open","balanced"
24,"1258be37","prose","specified","balanced"
25,"201fc3ff","script","specified","balanced"
26,"79c3e2a0","prose","specified","balanced"
27,"49960e8a","script","specified","balanced"
28,"a8b26f60","prose","open","balanced"
29,"6ef745cd","script","specified","balanced"
30,"e806a4ac","script","specified","balanced"
31,"73da3681","prose","specified","balanced"
32,"c8710529","script","open","balanced"
33,"d66126c2","script","specified","unbalanced"
34,"4c5d33cc","script","specified","unbalanced"
35,"05596854","script","specified","unbalanced"
36,"a42064f2","prose","specified","unbalanced"
37,"c3d30006","prose","specified","unbalanced"
38,"23f8b188","script","specified","unbalanced"
39,"6a3dce23","prose","specified","unbalanced"
40,"910f595d","prose","specified","unbalanced"
41,"c3db0267","prose","specified","unbalanced"
42,"0ec09017","script","specified","unbalanced"
43,"39711b2d","script","specified","unbalanced"
44,"8ad2b73e","script","specified","unbalanced"
45,"cfe8d155","prose","specified","unbalanced"
46,"777b32fe","prose","specified","unbalanced"
47,"67e1c619","script","specified","unbalanced"
48,"ce585f0c","prose","specified","unbalanced"
