<?xml version="1.0" encoding="utf-8" standalone="yes" ?>
<rss version="2.0" xmlns:atom="http://www.w3.org/2005/Atom">
  <channel>
    <title>fluke | Pablo Bernabeu</title>
    <link>/tags/fluke/</link>
      <atom:link href="/tags/fluke/index.xml" rel="self" type="application/rss+xml" />
    <description>fluke</description>
    <generator>Source Themes Academic (https://sourcethemes.com/academic/)</generator><language>en-uk</language><copyright>© Pablo Bernabeu, 2020 — [CC BY Attribution licence](https://creativecommons.org/licenses/by/4.0/). Cookies only used [by Disqus to enable comments](https://help.disqus.com/en/articles/1717155-use-of-cookies).</copyright><lastBuildDate>Wed, 01 Jan 2020 00:00:00 +0000</lastBuildDate>
    <image>
      <url>/img/pablobernabeu_image_sharing.png</url>
      <title>fluke</title>
      <link>/tags/fluke/</link>
    </image>
    
    <item>
      <title>What&#39;s in a fluke?</title>
      <link>/2020/what-s-in-a-fluke/</link>
      <pubDate>Wed, 01 Jan 2020 00:00:00 +0000</pubDate>
      <guid>/2020/what-s-in-a-fluke/</guid>
      <description>


&lt;blockquote class=&#34;twitter-tweet&#34;&gt;
&lt;p lang=&#34;en&#34; dir=&#34;ltr&#34;&gt;
When I won in 2018, many dismissed our victory as a “fluke.”&lt;br&gt;&lt;br&gt;Our win was treated as an aberration, or bc my opponent “didn’t try.”&lt;br&gt;&lt;br&gt;So from the start, tonight’s race was important to me.&lt;br&gt;&lt;br&gt;Tonight we are proving that the people’s movement in NY isn’t an accident. It‘s a mandate.
&lt;/p&gt;
— Alexandria Ocasio-Cortez (&lt;span class=&#34;citation&#34;&gt;@AOC&lt;/span&gt;) &lt;a href=&#34;https://twitter.com/AOC/status/1275618050134474761?ref_src=twsrc%5Etfw&#34;&gt;June 24, 2020&lt;/a&gt;
&lt;/blockquote&gt;
&lt;script async src=&#34;https://platform.twitter.com/widgets.js&#34; charset=&#34;utf-8&#34;&gt;&lt;/script&gt;
&lt;p&gt;&lt;br&gt;&lt;/p&gt;
&lt;ol style=&#34;list-style-type: decimal&#34;&gt;
&lt;li&gt;&lt;p&gt;The eye of the beholder,&lt;/p&gt;&lt;/li&gt;
&lt;li&gt;&lt;p&gt;the mind of the perceiver,&lt;/p&gt;&lt;/li&gt;
&lt;li&gt;&lt;p&gt;the voice of the voiceful.&lt;/p&gt;&lt;/li&gt;
&lt;/ol&gt;
&lt;p&gt;Eye, mind and voice are three of the ingredients in flukes. These also spice up a large portion of other realities that people may perceive (Zamboni, Ledgeway, McGraw, &amp;amp; Schluppeck, 2016), think about (Rajsic, Taylor, &amp;amp; Pratt, 2018), and record (Hug, 2003).&lt;/p&gt;
&lt;p&gt;References&lt;/p&gt;
&lt;p&gt;Hug, S. (2003). Selection Bias in Comparative Research: The Case of Incomplete Data Sets. &lt;em&gt;Political Analysis, 11&lt;/em&gt;(3), 255-274. &lt;a href=&#34;https://doi.org/10.1093/pan/mpg014&#34; class=&#34;uri&#34;&gt;https://doi.org/10.1093/pan/mpg014&lt;/a&gt;&lt;/p&gt;
&lt;p&gt;Rajsic, J., Taylor, J. E. T. &amp;amp; Pratt, J. (2018) Out of sight, out of mind: Matching bias underlies confirmatory visual search. &lt;em&gt;Attention, Perception, &amp;amp; Psychophysics, 79&lt;/em&gt;, 498–507. &lt;a href=&#34;https://doi.org/10.3758/s13414-016-1259-4&#34; class=&#34;uri&#34;&gt;https://doi.org/10.3758/s13414-016-1259-4&lt;/a&gt;.&lt;/p&gt;
&lt;p&gt;Zamboni, E., Ledgeway, T., McGraw, P. V., &amp;amp; Schluppeck, D. (2016). Do perceptual biases emerge early or late in visual processing? Decision-biases in motion perception. &lt;em&gt;Proceedings of the Royal Society B: Biological Sciences, 283&lt;/em&gt;(1833), 20160263. &lt;a href=&#34;https://doi.org/10.1098/rspb.2016.0263&#34; class=&#34;uri&#34;&gt;https://doi.org/10.1098/rspb.2016.0263&lt;/a&gt;&lt;/p&gt;
</description>
    </item>
    
  </channel>
</rss>
