<?xml version="1.0" encoding="utf-8" standalone="yes" ?>
<rss version="2.0" xmlns:atom="http://www.w3.org/2005/Atom">
  <channel>
    <title>linguistic relativity | Pablo Bernabeu</title>
    <link>/tags/linguistic-relativity/</link>
      <atom:link href="/tags/linguistic-relativity/index.xml" rel="self" type="application/rss+xml" />
    <description>linguistic relativity</description>
    <generator>Source Themes Academic (https://sourcethemes.com/academic/)</generator><language>en-uk</language><copyright>© Pablo Bernabeu, 2020. [CC BY Attribution licence](https://creativecommons.org/licenses/by/4.0/). Cookies only used by Disqus to enable comments ([see details](https://help.disqus.com/en/articles/1717155-use-of-cookies)).</copyright><lastBuildDate>Tue, 01 Jan 2019 00:00:00 +0000</lastBuildDate>
    <image>
      <url>/img/pablobernabeu_sharing_image.png</url>
      <title>linguistic relativity</title>
      <link>/tags/linguistic-relativity/</link>
    </image>
    
    <item>
      <title>More refined typology and design in linguistic relativity: the case of motion event encoding</title>
      <link>/publication/bernabeu-tillman-2019/</link>
      <pubDate>Tue, 01 Jan 2019 00:00:00 +0000</pubDate>
      <guid>/publication/bernabeu-tillman-2019/</guid>
      <description>&lt;h3 id=&#34;reference&#34;&gt;Reference&lt;/h3&gt;
&lt;p&gt;Bernabeu, P., &amp;amp; Tillman, R. (2019). More refined typology and design in linguistic relativity: The case of motion event encoding. &lt;em&gt;Dutch Journal of Applied Linguistics&lt;/em&gt;. &lt;a href=&#34;http://doi.org/10.1075/dujal.15019.ber/&#34;&gt;http://doi.org/10.1075/dujal.15019.ber/&lt;/a&gt;&lt;/p&gt;
</description>
    </item>
    
  </channel>
</rss>
