<?xml version="1.0" encoding="utf-8" standalone="yes" ?>
<rss version="2.0" xmlns:atom="http://www.w3.org/2005/Atom">
  <channel>
    <title>CogSci | Pablo Bernabeu</title>
    <link>/tags/cogsci/</link>
      <atom:link href="/tags/cogsci/index.xml" rel="self" type="application/rss+xml" />
    <description>CogSci</description>
    <generator>Source Themes Academic (https://sourcethemes.com/academic/)</generator><language>en-uk</language><copyright>© Pablo Bernabeu, 2020. [Creative Commons BY Attribution licence](https://creativecommons.org/licenses/by/4.0/). Cookies only used by Disqus to enable comments ([see details](https://help.disqus.com/en/articles/1717155-use-of-cookies)).</copyright><lastBuildDate>Sun, 01 Jan 2017 00:00:00 +0000</lastBuildDate>
    <image>
      <url>/img/pablobernabeu_sharing_image.png</url>
      <title>CogSci</title>
      <link>/tags/cogsci/</link>
    </image>
    
    <item>
      <title>Modality switch effects emerge early and increase throughout conceptual processing: Evidence from ERPs</title>
      <link>/publication/bernabeu-etal-2017/</link>
      <pubDate>Sun, 01 Jan 2017 00:00:00 +0000</pubDate>
      <guid>/publication/bernabeu-etal-2017/</guid>
      <description>&lt;h3 id=&#34;reference&#34;&gt;Reference&lt;/h3&gt;
&lt;p&gt;Bernabeu, P., Willems, R. M., &amp;amp; Louwerse, M. M. (2017). Modality switch effects emerge early and increase throughout conceptual processing: Evidence from ERPs. In G. Gunzelmann, A. Howes, T. Tenbrink, &amp;amp; E. J. Davelaar (Eds.), &lt;em&gt;Proceedings of the 39th Annual Conference of the Cognitive Science Society&lt;/em&gt; (pp. 1629-1634). Austin, TX: Cognitive Science Society. &lt;a href=&#34;https://mindmodeling.org/cogsci2017/papers/0318/&#34;&gt;https://mindmodeling.org/cogsci2017/papers/0318/&lt;/a&gt;&lt;/p&gt;
</description>
    </item>
    
  </channel>
</rss>
