<?xml version="1.0" encoding="utf-8" standalone="yes" ?>
<rss version="2.0" xmlns:atom="http://www.w3.org/2005/Atom">
  <channel>
    <title>datathon | Pablo Bernabeu</title>
    <link>/tags/datathon/</link>
      <atom:link href="/tags/datathon/index.xml" rel="self" type="application/rss+xml" />
    <description>datathon</description>
    <generator>Source Themes Academic (https://sourcethemes.com/academic/)</generator><language>en-uk</language><copyright>© Pablo Bernabeu, 2020 — [CC BY Attribution licence](https://creativecommons.org/licenses/by/4.0/). Cookies only used [by Disqus to enable comments](https://help.disqus.com/en/articles/1717155-use-of-cookies).</copyright><lastBuildDate>Wed, 01 Jan 2020 00:00:00 +0000</lastBuildDate>
    <image>
      <url>/img/pablobernabeu_image_sharing.png</url>
      <title>datathon</title>
      <link>/tags/datathon/</link>
    </image>
    
    <item>
      <title>Data is present: workshops and datathons</title>
      <link>/2020/data-is-present-workshops-and-datathons/</link>
      <pubDate>Wed, 01 Jan 2020 00:00:00 +0000</pubDate>
      <guid>/2020/data-is-present-workshops-and-datathons/</guid>
      <description>


&lt;div id=&#34;enhanced-data-presentation-using-reproducible-documents-and-dashboards&#34; class=&#34;section level2&#34;&gt;
&lt;h2&gt;Enhanced data presentation using reproducible documents and dashboards&lt;/h2&gt;
&lt;div id=&#34;calendar&#34; class=&#34;section level3&#34;&gt;
&lt;h3&gt;Calendar&lt;/h3&gt;
&lt;table&gt;
&lt;colgroup&gt;
&lt;col width=&#34;5%&#34; /&gt;
&lt;col width=&#34;14%&#34; /&gt;
&lt;col width=&#34;21%&#34; /&gt;
&lt;col width=&#34;15%&#34; /&gt;
&lt;col width=&#34;19%&#34; /&gt;
&lt;col width=&#34;23%&#34; /&gt;
&lt;/colgroup&gt;
&lt;thead&gt;
&lt;tr class=&#34;header&#34;&gt;
&lt;th align=&#34;center&#34;&gt;Date&lt;/th&gt;
&lt;th&gt;Title&lt;/th&gt;
&lt;th&gt;Event and location&lt;/th&gt;
&lt;th align=&#34;center&#34;&gt;Registration&lt;/th&gt;
&lt;th&gt;Attendance funding&lt;/th&gt;
&lt;th&gt;Organisation funding&lt;/th&gt;
&lt;/tr&gt;
&lt;/thead&gt;
&lt;tbody&gt;
&lt;tr class=&#34;odd&#34;&gt;
&lt;td align=&#34;center&#34;&gt;To follow&lt;/td&gt;
&lt;td&gt;&lt;a href=&#34;http://wp.lancs.ac.uk/lcicd/programme/&#34;&gt;R is for Resources, Reproducibility and oppRtunities&lt;/a&gt;&lt;/td&gt;
&lt;td&gt;&lt;a href=&#34;http://wp.lancs.ac.uk/lcicd/programme/&#34;&gt;Lancaster Conference on Infant and Early Child Development&lt;/a&gt;, Lancaster University&lt;/td&gt;
&lt;td align=&#34;center&#34;&gt;&lt;a href=&#34;http://wp.lancs.ac.uk/lcicd/registration/&#34;&gt;Link&lt;/a&gt;&lt;/td&gt;
&lt;td&gt;&lt;/td&gt;
&lt;td&gt;&lt;/td&gt;
&lt;/tr&gt;
&lt;tr class=&#34;even&#34;&gt;
&lt;td align=&#34;center&#34;&gt;To follow&lt;/td&gt;
&lt;td&gt;&lt;a href=&#34;https://github.com/pablobernabeu/Data-is-present/blob/master/N8-CIR-workshops.md/&#34;&gt;Data dashboards and Binder environments&lt;/a&gt;&lt;/td&gt;
&lt;td&gt;University of York&lt;/td&gt;
&lt;td align=&#34;center&#34;&gt;&lt;a href=&#34;https://n8cir.org.uk/events/&#34;&gt;Link&lt;/a&gt;&lt;/td&gt;
&lt;td&gt;&lt;a href=&#34;https://n8cir.org.uk/events/&#34;&gt;N8 CIR&lt;/a&gt;&lt;/td&gt;
&lt;td&gt;&lt;a href=&#34;https://n8cir.org.uk/events/&#34;&gt;N8 CIR&lt;/a&gt;, &lt;br&gt; &lt;a href=&#34;https://www.software.ac.uk/programmes-and-events/fellowship-programme&#34;&gt;SSI Fellowship&lt;/a&gt;&lt;/td&gt;
&lt;/tr&gt;
&lt;tr class=&#34;odd&#34;&gt;
&lt;td align=&#34;center&#34;&gt;To follow&lt;/td&gt;
&lt;td&gt;&lt;a href=&#34;https://github.com/pablobernabeu/Data-is-present/blob/master/N8-CIR-workshops.md/&#34;&gt;Introduction to R and R Markdown&lt;/a&gt;&lt;/td&gt;
&lt;td&gt;Durham University&lt;/td&gt;
&lt;td align=&#34;center&#34;&gt;&lt;a href=&#34;https://n8cir.org.uk/events/&#34;&gt;Link&lt;/a&gt;&lt;/td&gt;
&lt;td&gt;&lt;a href=&#34;https://n8cir.org.uk/events/&#34;&gt;N8 CIR&lt;/a&gt;&lt;/td&gt;
&lt;td&gt;&lt;a href=&#34;https://n8cir.org.uk/events/&#34;&gt;N8 CIR&lt;/a&gt;, &lt;br&gt; &lt;a href=&#34;https://www.software.ac.uk/programmes-and-events/fellowship-programme&#34;&gt;SSI Fellowship&lt;/a&gt;&lt;/td&gt;
&lt;/tr&gt;
&lt;tr class=&#34;even&#34;&gt;
&lt;td align=&#34;center&#34;&gt;27 July 2020&lt;/td&gt;
&lt;td&gt;&lt;a href=&#34;https://www.ukclc2020.com/pre-conference&#34;&gt;Open data and reproducibility 2.0&lt;/a&gt;&lt;/td&gt;
&lt;td&gt;&lt;a href=&#34;https://www.ukclc2020.com/&#34;&gt;UK Cognitive Linguistics Conference&lt;/a&gt;, University of Birmingham&lt;/td&gt;
&lt;td align=&#34;center&#34;&gt;&lt;a href=&#34;https://www.ukclc2020.com/registration&#34;&gt;Link&lt;/a&gt;&lt;/td&gt;
&lt;td&gt;&lt;/td&gt;
&lt;td&gt;&lt;a href=&#34;https://www.software.ac.uk/programmes-and-events/fellowship-programme&#34;&gt;SSI Fellowship&lt;/a&gt;&lt;/td&gt;
&lt;/tr&gt;
&lt;tr class=&#34;odd&#34;&gt;
&lt;td align=&#34;center&#34;&gt;To follow&lt;/td&gt;
&lt;td&gt;&lt;a href=&#34;https://github.com/pablobernabeu/Data-is-present/blob/master/N8-CIR-workshops.md&#34;&gt;Data dashboards and Binder environments&lt;/a&gt;&lt;/td&gt;
&lt;td&gt;University of Liverpool&lt;/td&gt;
&lt;td align=&#34;center&#34;&gt;&lt;a href=&#34;https://n8cir.org.uk/events/&#34;&gt;Link&lt;/a&gt;&lt;/td&gt;
&lt;td&gt;&lt;a href=&#34;https://n8cir.org.uk/events/&#34;&gt;N8 CIR&lt;/a&gt;&lt;/td&gt;
&lt;td&gt;&lt;a href=&#34;https://n8cir.org.uk/events/&#34;&gt;N8 CIR&lt;/a&gt;, &lt;br&gt; &lt;a href=&#34;https://www.software.ac.uk/programmes-and-events/fellowship-programme&#34;&gt;SSI Fellowship&lt;/a&gt;&lt;/td&gt;
&lt;/tr&gt;
&lt;tr class=&#34;even&#34;&gt;
&lt;td align=&#34;center&#34;&gt;To follow&lt;/td&gt;
&lt;td&gt;&lt;a href=&#34;https://github.com/pablobernabeu/Data-is-present/blob/master/N8-CIR-workshops.md/&#34;&gt;Introduction to R and R Markdown&lt;/a&gt;&lt;/td&gt;
&lt;td&gt;University of Manchester&lt;/td&gt;
&lt;td align=&#34;center&#34;&gt;&lt;a href=&#34;https://n8cir.org.uk/events/&#34;&gt;Link&lt;/a&gt;&lt;/td&gt;
&lt;td&gt;&lt;a href=&#34;https://n8cir.org.uk/events/&#34;&gt;N8 CIR&lt;/a&gt;&lt;/td&gt;
&lt;td&gt;&lt;a href=&#34;https://n8cir.org.uk/events/&#34;&gt;N8 CIR&lt;/a&gt;, &lt;br&gt; &lt;a href=&#34;https://www.software.ac.uk/programmes-and-events/fellowship-programme&#34;&gt;SSI Fellowship&lt;/a&gt;&lt;/td&gt;
&lt;/tr&gt;
&lt;tr class=&#34;odd&#34;&gt;
&lt;td align=&#34;center&#34;&gt;Event cancelled&lt;/td&gt;
&lt;td&gt;&lt;a href=&#34;https://newcastle2020.satrdays.org/&#34;&gt;Open data and reproducibility 2.0&lt;/a&gt;&lt;/td&gt;
&lt;td&gt;&lt;a href=&#34;https://newcastle2020.satrdays.org/&#34;&gt;SatRday Newcastle upon Tyne&lt;/a&gt;, Newcastle University&lt;/td&gt;
&lt;td align=&#34;center&#34;&gt;&lt;a href=&#34;https://newcastle2020.satrdays.org/&#34;&gt;Link&lt;/a&gt;&lt;/td&gt;
&lt;td&gt;&lt;/td&gt;
&lt;td&gt;&lt;a href=&#34;https://www.software.ac.uk/programmes-and-events/fellowship-programme&#34;&gt;SSI Fellowship&lt;/a&gt;&lt;/td&gt;
&lt;/tr&gt;
&lt;/tbody&gt;
&lt;/table&gt;
&lt;/div&gt;
&lt;div id=&#34;background&#34; class=&#34;section level3&#34;&gt;
&lt;h3&gt;Background&lt;/h3&gt;
&lt;p&gt;This project offers free activities to learn and practise reproducible data presentation across the UK. &lt;a href=&#34;https://www.software.ac.uk/about/fellows/pablo-bernabeu&#34;&gt;Pablo Bernabeu&lt;/a&gt; organises these events thanks to a &lt;a href=&#34;https://www.software.ac.uk/programmes-and-events/fellowship-programme&#34;&gt;Software Sustainability Institute Fellowship&lt;/a&gt; that covers organisation costs on a &lt;a href=&#34;https://www.software.ac.uk/fellowship-programme/2020/terms-and-conditions&#34;&gt;budget basis&lt;/a&gt;, and thanks to further support from the &lt;a href=&#34;https://n8cir.org.uk/events/&#34;&gt;N8 CIR&lt;/a&gt;. If you would like to bring any of these events to your institution at no cost, please submit a request (see &lt;a href=&#34;#contact&#34;&gt;Contact&lt;/a&gt;).&lt;/p&gt;
&lt;div id=&#34;open-source-software&#34; class=&#34;section level4&#34;&gt;
&lt;h4&gt;Open-source software&lt;/h4&gt;
&lt;p&gt;Programming languages such as &lt;a href=&#34;https://www.r-project.org/about.html&#34;&gt;R&lt;/a&gt; and &lt;a href=&#34;https://www.python.org/&#34;&gt;Python&lt;/a&gt; offer free, powerful resources for data processing, visualisation and analysis. Experience in these programs is highly valued in data-intensive disciplines.&lt;/p&gt;
&lt;/div&gt;
&lt;div id=&#34;open-data&#34; class=&#34;section level4&#34;&gt;
&lt;h4&gt;Open data&lt;/h4&gt;
&lt;p&gt;Original data has become a &lt;a href=&#34;https://www.nature.com/articles/d41586-019-01506-x&#34;&gt;public good in many research fields&lt;/a&gt; thanks to cultural and technological advances. On the internet, we can find innumerable data sets from sources such as scientific journals and repositories (e.g., &lt;a href=&#34;https://osf.io&#34;&gt;OSF&lt;/a&gt;), local and national governments (e.g., &lt;a href=&#34;https://data.london.gov.uk/&#34;&gt;London&lt;/a&gt;, UK [&lt;a href=&#34;https://www.ukdataservice.ac.uk/&#34;&gt;1&lt;/a&gt;, &lt;a href=&#34;https://data.gov.uk/&#34;&gt;2&lt;/a&gt;]), non-governmental organisations (e.g., &lt;a href=&#34;https://data.world/datasets/ngo&#34;&gt;data.world&lt;/a&gt;), etc. Researchers inside and outside academia nowadays share a lot of their data under attribution licences (e.g., &lt;a href=&#34;https://creativecommons.org/&#34;&gt;Creative Commons&lt;/a&gt;, the UK &lt;a href=&#34;http://www.nationalarchives.gov.uk/doc/open-government-licence/version/1/&#34;&gt;Open Government Licence&lt;/a&gt;, etc.). This allows any external analysts to access these raw data, create (additional) visualisations and analyses, and share these. In society, making data more accessible can &lt;a href=&#34;https://digitalcommons.law.yale.edu/cgi/viewcontent.cgi?article=1140&amp;amp;context=yhrdlj&#34;&gt;demonstrably benefit citizens&lt;/a&gt; (despite &lt;a href=&#34;https://firstmonday.org/ojs/index.php/fm/article/view/3316/2764#author&#34;&gt;limitations&lt;/a&gt;).&lt;/p&gt;
&lt;/div&gt;
&lt;/div&gt;
&lt;/div&gt;
&lt;div id=&#34;activities&#34; class=&#34;section level2&#34;&gt;
&lt;h2&gt;Activities&lt;/h2&gt;
&lt;p&gt;Activities comprise free &lt;strong&gt;workshops&lt;/strong&gt; and &lt;a href=&#34;#datathons-creating-reproducible-documents-and-dashboards&#34;&gt;&lt;strong&gt;datathons&lt;/strong&gt;&lt;/a&gt;.&lt;/p&gt;
&lt;div id=&#34;workshops&#34; class=&#34;section level3&#34;&gt;
&lt;h3&gt;Workshops&lt;/h3&gt;
&lt;p&gt;&lt;a href=&#34;https://www.r-project.org&#34;&gt;R is a programming language&lt;/a&gt; greatly equipped for the creation of reproducible documents and dashboards. Four workshops are offered that cover a suite of interrelated tools—R, R Markdown, data dashboards and Binder environments—, all underlain by reproducible workflows and open-source software.&lt;/p&gt;
&lt;p&gt;Each workshop includes &lt;strong&gt;taught and practical sections&lt;/strong&gt;. The practice provides a chance for participants to experience and address common issues with the code. The level of taught sections is largely tailored to participants; similarly, practice sections are individually adaptable by means of easier and tougher tasks. The duration is also flexible, and some of the workshops can be combined into the same session.&lt;/p&gt;
&lt;p&gt;The &lt;a href=&#34;https://rstudio.com/&#34;&gt;RStudio&lt;/a&gt; interface is used in all workshops. Multi-levelled, real code examples are used. Throughout the workshops, and especially in the practice sections, individual questions will be encouraged.&lt;/p&gt;
&lt;div id=&#34;workshop-1-introduction-to-r&#34; class=&#34;section level4&#34;&gt;
&lt;h4&gt;Workshop 1: Introduction to R&lt;/h4&gt;
&lt;p&gt;This workshop can serve as an introduction to R or a revision. It demonstrates what can be done in R, and provides resources for individual training. Since the duration is limited, online courses are also recommended (&lt;a href=&#34;https://www.coursera.org/courses?query=r&#34;&gt;see examples&lt;/a&gt; and &lt;a href=&#34;https://learner.coursera.help/hc/en-us/articles/209819033-Apply-for-Financial-Aid-or-a-Scholarship&#34;&gt;fee waivers for full content&lt;/a&gt;).&lt;/p&gt;
&lt;ul&gt;
&lt;li&gt;&lt;a href=&#34;http://adv-r.had.co.nz/Data-structures.html&#34;&gt;Data structures&lt;/a&gt;&lt;/li&gt;
&lt;li&gt;&lt;a href=&#34;http://www.sthda.com/english/wiki/installing-and-using-r-packages&#34;&gt;Packages&lt;/a&gt;: general-purpose examples (e.g., &lt;a href=&#34;https://www.tidyverse.org/&#34;&gt;tidyverse&lt;/a&gt;) and more specific ones (e.g., for &lt;a href=&#34;https://cran.r-project.org/web/packages/lsr/lsr.pdf&#34;&gt;statistics&lt;/a&gt; or &lt;a href=&#34;https://cran.r-project.org/web/packages/GEOmap/GEOmap.pdf&#34;&gt;geography&lt;/a&gt;)&lt;/li&gt;
&lt;li&gt;&lt;a href=&#34;https://cran.r-project.org/web/packages/rio/vignettes/rio.html&#34;&gt;Loading and writing data, in native and foreign formats&lt;/a&gt;&lt;/li&gt;
&lt;li&gt;&lt;em&gt;Wide&lt;/em&gt; format (also dubbed ‘untidy’) versus &lt;em&gt;tidy&lt;/em&gt; format (also dubbed ‘long’ or ‘narrow’). For most processes in R, &lt;a href=&#34;https://r4ds.had.co.nz/tidy-data.html&#34;&gt;data needs to be in a tidy format&lt;/a&gt;.&lt;/li&gt;
&lt;/ul&gt;
&lt;p align=&#34;center&#34;&gt;
&lt;a href = &#39;https://doi.org/10.1371/journal.pbio.3000202.g001&#39;&gt; &lt;img width = &#39;25%&#39; src = &#39;https://journals.plos.org/plosbiology/article/file?id=10.1371/journal.pbio.3000202.g001&amp;type=large&#39; alt = &#39;Illustration of wide and tidy data formats, from Postma and Goedhart (2019)&#39; /&gt; &lt;/a&gt;
&lt;p align=&#34;center&#34; style=&#34;text-align:center;&#34;&gt;
Image from Postma and Goedhart (2019; &lt;a href=&#34;https://doi.org/10.1371/journal.pbio.3000202.g001&#34; class=&#34;uri&#34;&gt;https://doi.org/10.1371/journal.pbio.3000202.g001&lt;/a&gt;).
&lt;/p&gt;
&lt;/p&gt;
&lt;ul&gt;
&lt;li&gt;&lt;a href=&#34;https://psyteachr.github.io/msc-data-skills/joins.html#joins&#34;&gt;Combining data sets&lt;/a&gt;&lt;/li&gt;
&lt;li&gt;&lt;a href=&#34;http://www.cookbook-r.com/Manipulating_data/Summarizing_data/&#34;&gt;Data summaries&lt;/a&gt;&lt;/li&gt;
&lt;li&gt;&lt;a href=&#34;https://philmcaleer.github.io/ug2-practical/visualisation-through-ggplot2.html&#34;&gt;Plots with &lt;code&gt;ggplot2::ggplot()&lt;/code&gt;&lt;/a&gt;&lt;/li&gt;
&lt;li&gt;&lt;a href=&#34;https://plot.ly/ggplot2/&#34;&gt;Interactive plots with &lt;code&gt;plotly::ggplotly()&lt;/code&gt;&lt;/a&gt;&lt;/li&gt;
&lt;li&gt;&lt;a href=&#34;https://learningstatisticswithr-bookdown.netlify.com/part-v-statistical-tools.html&#34;&gt;Statistics&lt;/a&gt;&lt;/li&gt;
&lt;li&gt;&lt;a href=&#34;https://psych.wisc.edu/Brauer/BrauerLab/wp-content/uploads/2014/04/Brauer_and_Curtin_LMEMs-2017-Psych_Methods.pdf&#34;&gt;Linear mixed-effects models&lt;/a&gt; (see also &lt;a href=&#34;https://www.sciencedirect.com/science/article/pii/S0749596X20300061?dgcid=coauthor#b0670&#34;&gt;a review of practices&lt;/a&gt;)&lt;/li&gt;
&lt;li&gt;&lt;a href=&#34;https://swcarpentry.github.io/r-novice-inflammation/02-func-R/&#34;&gt;How functions work&lt;/a&gt;&lt;/li&gt;
&lt;li&gt;&lt;em&gt;Debugging&lt;/em&gt;. Code errors are known as bugs. They can tiresome, but also interesting sometimes! 😅 Some tips for the first many years of experience include: reading and investigating error messages, in both source and console windows; controlling letter case and typos; closing parentheses and inverted commas; ensuring to have the necessary packages installed and loaded; following the format required by each function. To debug, break up code into subcomponents and test each of those to find out the source of the error. Once we act on that, the best outcome is seeing the code work, but sometimes different errors overlap, in which case we may see one error disappearing before another one appears. Debugging soon leads to proficient information seeking. The search process often begins on an internet search engine and extends to user communities, package documentation, tutorials, blogs… (see &lt;a href=&#34;https://youtu.be/Nj9J5iCSMB0?t=2687&#34;&gt;video explanation&lt;/a&gt;). &lt;a href=&#34;https://adv-r.hadley.nz/debugging.html&#34;&gt;Advanced debugging tools are also available&lt;/a&gt;.&lt;/li&gt;
&lt;li&gt;Vast availability of free resources on the internet, from &lt;a href=&#34;https://www.coursera.org/courses?query=r%20programming&#34;&gt;Coursera&lt;/a&gt; and other MOOC sites, &lt;a href=&#34;https://education.rstudio.com/&#34;&gt;RStudio&lt;/a&gt;, &lt;a href=&#34;https://psyteachr.github.io/&#34;&gt;University of Glasgow&lt;/a&gt;, &lt;a href=&#34;http://swcarpentry.github.io/r-novice-inflammation/&#34;&gt;Carpentries&lt;/a&gt;, etc.&lt;/li&gt;
&lt;li&gt;Community: &lt;a href=&#34;https://stackoverflow.com/&#34;&gt;StackOverflow&lt;/a&gt;, &lt;a href=&#34;https://community.rstudio.com/&#34;&gt;RStudio Community&lt;/a&gt;, &lt;a href=&#34;https://github.com&#34;&gt;Github issues&lt;/a&gt; (e.g., for R packages), etc. Using and contributing back.&lt;/li&gt;
&lt;li&gt;&lt;a href=&#34;https://rstudio.cloud/&#34;&gt;RStudio Cloud&lt;/a&gt;: a personal RStudio environment on the internet&lt;/li&gt;
&lt;/ul&gt;
&lt;/div&gt;
&lt;div id=&#34;workshop-2-r-markdown-documents&#34; class=&#34;section level4&#34;&gt;
&lt;h4&gt;Workshop 2: R Markdown documents&lt;/h4&gt;
&lt;p&gt;Set your input and output in stone using &lt;a href=&#34;https://rmarkdown.rstudio.com/&#34;&gt;R Markdown&lt;/a&gt;. The analysis reports may be enriched with website features (HTML/CSS) and published as HTML, PDF or Word documents. Moreover, with R packages such as &lt;code&gt;bookdown&lt;/code&gt;, &lt;code&gt;bookdownplus&lt;/code&gt;, &lt;code&gt;blogdown&lt;/code&gt; and &lt;code&gt;flexdashboard&lt;/code&gt;, documents can be formatted as &lt;a href=&#34;https://awesome-blogdown.com/&#34;&gt;websites&lt;/a&gt;, &lt;a href=&#34;https://bookdown.org/&#34;&gt;digital papers and books&lt;/a&gt; and &lt;a href=&#34;https://rmarkdown.rstudio.com/flexdashboard/&#34;&gt;data dashboards&lt;/a&gt;. Other useful packages include &lt;code&gt;rmarkdown&lt;/code&gt;, &lt;code&gt;knitr&lt;/code&gt;, &lt;code&gt;kableExtra&lt;/code&gt; and &lt;code&gt;ggplot2&lt;/code&gt;.&lt;/p&gt;
&lt;p align=&#34;center&#34;&gt;
&lt;a href = &#39;https://bookdownplus.netlify.com/portfolio/&#39;&gt; &lt;img width = &#39;50%&#39; src = &#39;https://github.com/pablobernabeu/bookdownplus/blob/master/inst2/copernicus/showcase/copernicus2.png?raw=true&#39; alt = &#39;Example of paper created with bookdownplus (image retrieved from R bookdownplus package)&#39;/&gt; &lt;/a&gt;
&lt;p align=&#34;center&#34; style=&#34;text-align:center;&#34;&gt;
Image from bookdownplus package (&lt;a href=&#34;https://bookdownplus.netlify.com/portfolio/&#34; class=&#34;uri&#34;&gt;https://bookdownplus.netlify.com/portfolio/&lt;/a&gt;).
&lt;/p&gt;
&lt;/p&gt;
&lt;/div&gt;
&lt;div id=&#34;workshop-3-introduction-to-data-dashboards&#34; class=&#34;section level4&#34;&gt;
&lt;h4&gt;Workshop 3: Introduction to data dashboards&lt;/h4&gt;
&lt;p&gt;&lt;a href=&#34;https://www.frontiersin.org/articles/10.3389/fpsyg.2015.01782/full&#34;&gt;Data dashboards are web applications used to visualise data&lt;/a&gt; in detail through tables and plots. They assist in explaining and accounting for our data processing and analysis. They don’t require any coding from the end user.&lt;/p&gt;
&lt;p align=&#34;center&#34;&gt;
&lt;a href = &#39;https://pablobernabeu.github.io/2017/the-case-for-data-dashboards-first-steps-in-r-shiny/&#39;&gt; &lt;img width = &#39;60%&#39; src = &#39;https://media-exp1.licdn.com/dms/image/C4D12AQGQ_a0WksT1xQ/article-inline_image-shrink_1500_2232/0?e=1591833600&amp;v=beta&amp;t=Z7b5NDOyurQx_C7Klr3k6NjH-etMqnWo99szE3--eFM&#39; alt = &#39;Illustration of the usage of dashboards alongside data repositories&#39; /&gt; &lt;/a&gt;
&lt;/p&gt;
&lt;p&gt;These all-reproducible dashboards are published as websites, and thus, they can include hyperlinks and downloadable files. Some of the R packages used are &lt;code&gt;knitr&lt;/code&gt;, &lt;code&gt;kableExtra&lt;/code&gt;, &lt;code&gt;reactable&lt;/code&gt;, &lt;code&gt;ggplot2&lt;/code&gt;, &lt;code&gt;plotly&lt;/code&gt;, &lt;code&gt;rmarkdown&lt;/code&gt;, &lt;code&gt;flexdashboard&lt;/code&gt; and &lt;code&gt;shiny&lt;/code&gt;. The aim of this workshop is to practise creating different forms of dashboards—&lt;a href=&#34;https://rmarkdown.rstudio.com/flexdashboard/&#34;&gt;Flexdashboard&lt;/a&gt; and &lt;a href=&#34;https://shiny.rstudio.com/&#34;&gt;Shiny&lt;/a&gt;—the latter of which offers greater features, and to practise also with the hosting platforms fitting each type—such as personal websites, &lt;a href=&#34;https://rpubs.com/&#34;&gt;RPubs&lt;/a&gt;, &lt;a href=&#34;https://mybinder.org/&#34;&gt;Binder&lt;/a&gt;, &lt;a href=&#34;https://www.shinyapps.io/&#34;&gt;Shinyapps&lt;/a&gt; and &lt;a href=&#34;https://rstudio.com/products/shiny/shiny-server/&#34;&gt;custom servers&lt;/a&gt;. A great thing about dashboards is that they may be made very simple, but they can also be taken to the next level using some HTML, CSS or Javascript code (on top of the back-end code present in the R packages used), which is addressed in the next workshop.&lt;/p&gt;
&lt;/div&gt;
&lt;div id=&#34;workshop-4-binder-environments-and-improving-data-dashboards&#34; class=&#34;section level4&#34;&gt;
&lt;h4&gt;Workshop 4: Binder environments and improving data dashboards&lt;/h4&gt;
&lt;div id=&#34;binder&#34; class=&#34;section level5&#34;&gt;
&lt;h5&gt;Binder&lt;/h5&gt;
&lt;p&gt;&lt;a href=&#34;https://mybinder.org/&#34;&gt;Binder&lt;/a&gt; is a tool to facilitate public access to software environments—for instance, by publishing an RStudio environment on the internet. Binder can also host Shiny apps. It is generously free &lt;a href=&#34;https://discourse.jupyter.org/t/mybinder-org-cost-updates/2426&#34;&gt;for users&lt;/a&gt;. After looking at the &lt;a href=&#34;https://github.com/binder-examples/r&#34;&gt;nuts and bolts of a deployment&lt;/a&gt;, participants will be able to deploy their own Binder environments and check the result by the end of the workshop. For this purpose, it’s recommended to have data and R code ready, ideally in a GitHub repository.&lt;/p&gt;
&lt;/div&gt;
&lt;div id=&#34;improving-data-dashboards&#34; class=&#34;section level5&#34;&gt;
&lt;h5&gt;Improving data dashboards&lt;/h5&gt;
&lt;p&gt;We will practise how to improve the functionality of dashboards using some HTML, CSS and Javascript code, which is &lt;a href=&#34;https://www.w3schools.com/whatis/&#34;&gt;the basis of websites&lt;/a&gt;.&lt;/p&gt;
&lt;pre&gt;&lt;code&gt;&amp;lt;!-- Javascript function to enable a hovering tooltip --&amp;gt;
&amp;lt;script&amp;gt;
$(document).ready(function(){
$(&amp;#39;[data-toggle=&amp;quot;tooltip1&amp;quot;]&amp;#39;).tooltip();
});
&amp;lt;/script&amp;gt;&lt;/code&gt;&lt;/pre&gt;
&lt;p align=&#34;center&#34;&gt;
&lt;a href = &#39;https://shiny.rstudio.com/gallery/&#39;&gt; &lt;img align = &#39;center&#39; width = &#39;60%&#39; src = &#39;https://raw.githubusercontent.com/pablobernabeu/data-is-present/master/dashboard%20gif.gif&#39; alt = &#39;Examples of data dashboards&#39; /&gt; &lt;/a&gt;
&lt;/p&gt;
&lt;/div&gt;
&lt;div id=&#34;trade-offs-among-dashboards&#34; class=&#34;section level5&#34;&gt;
&lt;h5&gt;Trade-offs among dashboards&lt;/h5&gt;
&lt;p&gt;Next, we will practise with three dashboard types—&lt;a href=&#34;https://rmarkdown.rstudio.com/flexdashboard/using.html&#34;&gt;Flexdashboard&lt;/a&gt;, &lt;a href=&#34;https://shiny.rstudio.com/tutorial/&#34;&gt;Shiny&lt;/a&gt; and &lt;a href=&#34;https://rmarkdown.rstudio.com/flexdashboard/shiny.html&#34;&gt;Flexdashboard-Shiny&lt;/a&gt;—and with the suitable hosting platforms. Firstly, the strength of Flexdashboard (&lt;a href=&#34;http://rpubs.com/pcbernabeu/Dutch-modality-exclusivity-norms&#34;&gt;example&lt;/a&gt;) is its basis on R Markdown, yielding an unmatched user interface (&lt;em&gt;front-end&lt;/em&gt;). Secondly, the strength of Shiny (&lt;a href=&#34;https://mybinder.org/v2/gh/pablobernabeu/Modality-switch-effects-emerge-early-and-increase-throughout-conceptual-processing/master?urlpath=shiny/Shiny-app/&#34;&gt;example&lt;/a&gt;) is the input reactivity (&lt;em&gt;back-end&lt;/em&gt;) it offers, allowing users to download sections of data they select, in various formats. Last, Flexdashboard-Shiny (&lt;a href=&#34;https://pablobernabeu.shinyapps.io/dutch-modality-exclusivity-norms/&#34;&gt;example&lt;/a&gt;) combines the best of both worlds.&lt;/p&gt;
&lt;p align=&#34;center&#34;&gt;
★ &lt;b&gt; Flexdashboard &lt;/b&gt; ★
&lt;/p&gt;
&lt;p align=&#34;center&#34;&gt;
★ ★ &lt;b&gt; Shiny &lt;/b&gt; ★ ★
&lt;/p&gt;
&lt;p align=&#34;center&#34;&gt;
★ ★ ★ &lt;b&gt; Flexdashboard-Shiny &lt;/b&gt; ★ ★ ★
&lt;/p&gt;
&lt;p&gt;Flexdashboard types are rendered as an HTML document—simple websites—, and can therefore be easily published on personal sites or &lt;a href=&#34;https://rpubs.com/&#34;&gt;RPubs&lt;/a&gt;. This is convenient because no special hosting is required. In contrast, Shiny and Flexdashboard-Shiny types offer greater features, but require Shiny servers. Fortunately, the shinyapps.io server is available for free, up to some &lt;a href=&#34;https://www.shinyapps.io/&#34;&gt;usage limit&lt;/a&gt;. This server can host any of the three dashboards mentioned here. Another good option is presented by Binder environments, which can host the Shiny-type dashboards with no (explicit) limit. Yet, the Flexdashboard-Shiny type cannot be hosted in this server (&lt;a href=&#34;https://github.com/jupyter/repo2docker/issues/799&#34;&gt;as of January 2020, at least&lt;/a&gt;). Consequently, greater functionality may come at a cost for dashboards that have any considerable traffic, whereas dashboards with low traffic may do well on shinyapps.io. Knowing these trade-offs can help navigate &lt;a href=&#34;https://support.rstudio.com/hc/en-us/articles/217592947-What-are-the-limits-of-the-shinyapps-io-Free-plan-&#34;&gt;usage limits&lt;/a&gt;, save on web hosting fees, and increase the availability of our dashboards online, as we can offer fall-back versions on different platforms, as in the example below:&lt;/p&gt;
&lt;blockquote&gt;
&lt;p&gt;… &lt;em&gt;&lt;a href=&#34;https://pablobernabeu.shinyapps.io/dutch-modality-exclusivity-norms/&#34;&gt;preferred-dashboard&lt;/a&gt; (in case of downtime, please visit this &lt;a href=&#34;http://rpubs.com/pcbernabeu/Dutch-modality-exclusivity-norms&#34;&gt;alternative&lt;/a&gt;)&lt;/em&gt;&lt;/p&gt;
&lt;/blockquote&gt;
&lt;p&gt;Transforming dashboards into the different versions can be as easy as enabling or disabling some features, especially input reactivity. For instance, if we want to downgrade a Flexdashboard-Shiny to a Flexdashboard, to publish it outside of a Shiny server (see &lt;a href=&#34;https://github.com/pablobernabeu/Modality-exclusivity-norms-Bernabeu-et-al/blob/master/Dutch-modality-exclusivity-norms-RPubs.Rmd&#34;&gt;example&lt;/a&gt;), we must add a setting in the header of the script,&lt;/p&gt;
&lt;pre&gt;&lt;code&gt;knit: (function(inputFile, encoding) {
rmarkdown::render(inputFile, encoding = encoding) })&lt;/code&gt;&lt;/pre&gt;
&lt;p&gt;and disable reactive features.&lt;/p&gt;
&lt;pre&gt;&lt;code&gt;# Number of words selected on sidebar
# reactive(cat(paste0(&amp;#39;Words selected below: &amp;#39;, nrow(selected_props()))))&lt;/code&gt;&lt;/pre&gt;
&lt;/div&gt;
&lt;div id=&#34;free-accounts-and-tips&#34; class=&#34;section level5&#34;&gt;
&lt;h5&gt;Free accounts and tips&lt;/h5&gt;
&lt;p&gt;Hosting sites have specific terms of use. For instance, &lt;a href=&#34;https://www.shinyapps.io/&#34;&gt;shinyapps.io&lt;/a&gt; has a free starter license with limited use. Free apps can handle a large but limited amount of data, and up to five apps may be created. Beyond this, RStudio offers a wide range of subscriptions starting at $9/month.&lt;/p&gt;
&lt;p&gt;Memory and traffic limits of the free shinyapps.io account can sometimes present problems when heavy data data sets are used, or there are many visits to the app. The memory overload issue is often flagged as &lt;code&gt;Shiny cannot use on-disk bookmarking&lt;/code&gt;, whereas excessive traffic may see the app not loading. Fortunately, usage limits need not always require a paid subscription or a &lt;a href=&#34;https://www.r-bloggers.com/alternative-approaches-to-scaling-shiny-with-rstudio-shiny-server-shinyproxy-or-custom-architecture/&#34;&gt;custom server&lt;/a&gt;, thanks to the following workarounds:&lt;/p&gt;
&lt;ul&gt;
&lt;li&gt;develop app locally as far as possible, and only deploy to shinyapps.io only at the last stage;&lt;/li&gt;
&lt;li&gt;prune data set, leaving only the necessary data;&lt;/li&gt;
&lt;li&gt;if necessary, unlink data by splitting it into different sets, reducing computational demands;&lt;/li&gt;
&lt;li&gt;if necessary, use various apps (five are allowed in each free shinyapps.io account);&lt;/li&gt;
&lt;li&gt;if necessary, link from the app to a PDF with visualisations requiring heavy, interlinked data. High-resolution plots can be rendered into a PDF document in a snap, using code such as below.&lt;/li&gt;
&lt;/ul&gt;
&lt;p&gt;df(‘List of plots per page’, width = 13, height = 5)
print(plot1)
print(plot2)
# …
print(plot150)
dev.off()&lt;/p&gt;
&lt;p&gt;Conveniently, all text in a PDF—even in plots—is indexed, so it can be searched [ Ctrl+f / Cmd+f / 🔍 ] (see &lt;a href=&#34;https://osf.io/2tpxn/&#34;&gt;example&lt;/a&gt;). Furthermore, you may also &lt;a href=&#34;http://www.ilovepdf.com/&#34;&gt;merge the rendered PDF with any other documents&lt;/a&gt;.&lt;/p&gt;
&lt;/div&gt;
&lt;/div&gt;
&lt;div id=&#34;prerequisites-and-suggestions-for-participation-in-each-workshop&#34; class=&#34;section level4&#34;&gt;
&lt;h4&gt;Prerequisites and suggestions for participation in each workshop&lt;/h4&gt;
&lt;p&gt;&lt;em&gt;Necessary:&lt;/em&gt; laptop or computer with &lt;a href=&#34;https://www.r-project.org/&#34;&gt;R&lt;/a&gt; and &lt;a href=&#34;https://rstudio.com/products/rstudio/download/&#34;&gt;RStudio&lt;/a&gt; installed, or access to &lt;a href=&#34;https://rstudio.cloud/&#34;&gt;RStudio Cloud&lt;/a&gt;; familiarity with the content of the preceding workshops through the web links herein.&lt;/p&gt;
&lt;p&gt;&lt;em&gt;Suggested:&lt;/em&gt; having your own data and R code ready (on a Github repository if participating in Workshop 4); participation in some of the preceding workshops.&lt;/p&gt;
&lt;/div&gt;
&lt;/div&gt;
&lt;div id=&#34;datathons-creating-reproducible-documents-and-dashboards&#34; class=&#34;section level3&#34;&gt;
&lt;h3&gt;Datathons: creating reproducible documents and dashboards&lt;/h3&gt;
&lt;p&gt;In these coding meetups, participants collaborate to create reproducible documents or dashboards using the data and software they prefer (see &lt;a href=&#34;https://github.com/pablobernabeu/Data-is-present/tree/master/examples-documents-dashboards&#34;&gt;examples&lt;/a&gt;). Since the work can be split across different people and sections, some nice products may be achieved within a session. Any programming languages may be used.&lt;/p&gt;
&lt;ul&gt;
&lt;li&gt;&lt;p&gt;&lt;strong&gt;Data used:&lt;/strong&gt; academic or non-academic data of your own or from open-access sources such as &lt;a href=&#34;https://osf.io&#34;&gt;OSF&lt;/a&gt;, scientific journals, governments, international institutions, NGOs, etc.&lt;/p&gt;&lt;/li&gt;
&lt;li&gt;&lt;p&gt;Inspired by the great &lt;a href=&#34;https://reprohack.github.io/reprohack-hq/&#34;&gt;Reprohacks&lt;/a&gt;, content suggestions are encouraged. That is, if you’d like to have a reproducible document or dashboard created for a certain, open-access data set, please let us know, and some participants may take it on. Suggestions may be posted as &lt;a href=&#34;https://github.com/pablobernabeu/Data-is-present/issues&#34;&gt;issues&lt;/a&gt; or emailed to &lt;a href=&#34;mailto:p.bernabeu@lancaster.ac.uk&#34; class=&#34;email&#34;&gt;p.bernabeu@lancaster.ac.uk&lt;/a&gt;.
&lt;br&gt;&lt;/br&gt;&lt;/p&gt;&lt;/li&gt;
&lt;li&gt;&lt;p&gt;&lt;strong&gt;Purposes&lt;/strong&gt;&lt;/p&gt;&lt;/li&gt;
&lt;li&gt;&lt;p&gt;collaborating to visualise data in novel ways using reproducible documents or interactive dashboards. For this purpose, participants sometimes draw on additional data to look at a bigger picture;&lt;/p&gt;&lt;/li&gt;
&lt;li&gt;&lt;p&gt;reflecting on the process by reviewing the techniques applied and challenges encountered.&lt;/p&gt;&lt;/li&gt;
&lt;li&gt;&lt;p&gt;&lt;strong&gt;Output:&lt;/strong&gt; A key aspect of datathons is the creation of output. Documents and dashboards are (co-)authored by the participants who work on them, who can then publish them on their websites, or on &lt;a href=&#34;https://rpubs.com/&#34;&gt;RPubs&lt;/a&gt;, &lt;a href=&#34;https://mybinder.org/&#34;&gt;Binder&lt;/a&gt;, &lt;a href=&#34;https://www.shinyapps.io/&#34;&gt;Shinyapps&lt;/a&gt; or &lt;a href=&#34;https://rstudio.com/products/shiny/shiny-server/&#34;&gt;custom servers&lt;/a&gt;. Time constraints notwithstanding, a lot of this output may be very enticing for further development by the same participants, or even by other people if the code is shared online. Just like with data, an attribution licence can be attached to the code.&lt;/p&gt;&lt;/li&gt;
&lt;/ul&gt;
&lt;div id=&#34;prerequisites-and-suggestions-for-participation-in-datathons&#34; class=&#34;section level4&#34;&gt;
&lt;h4&gt;Prerequisites and suggestions for participation in datathons&lt;/h4&gt;
&lt;p&gt;&lt;em&gt;Necessary:&lt;/em&gt; basic knowledge of reproducible documents or dashboards.&lt;/p&gt;
&lt;p&gt;&lt;em&gt;Suggested:&lt;/em&gt; familiarity with the development of reproducible documents or dashboards; an idea about the data you’d like to work with and the kind of document or dashboard you want to create.&lt;/p&gt;
&lt;/div&gt;
&lt;/div&gt;
&lt;/div&gt;
&lt;div id=&#34;contact&#34; class=&#34;section level2&#34;&gt;
&lt;h2&gt;Contact&lt;/h2&gt;
&lt;p&gt;Please submit any queries or requests by &lt;a href=&#34;https://github.com/pablobernabeu/Data-is-present/issues&#34;&gt;posting an issue&lt;/a&gt; or emailing &lt;a href=&#34;mailto:p.bernabeu@lancaster.ac.uk&#34; class=&#34;email&#34;&gt;p.bernabeu@lancaster.ac.uk&lt;/a&gt;.&lt;/p&gt;
&lt;/div&gt;
</description>
    </item>
    
  </channel>
</rss>
