<?xml version="1.0" encoding="utf-8" standalone="yes" ?>
<rss version="2.0" xmlns:atom="http://www.w3.org/2005/Atom">
  <channel>
    <title>iNaturalist | Pablo Bernabeu</title>
    <link>/tags/inaturalist/</link>
      <atom:link href="/tags/inaturalist/index.xml" rel="self" type="application/rss+xml" />
    <description>iNaturalist</description>
    <generator>Source Themes Academic (https://sourcethemes.com/academic/)</generator><language>en-uk</language><copyright>© Pablo Bernabeu, 2020. [CC BY Attribution licence](https://creativecommons.org/licenses/by/4.0/). Cookies only used by Disqus to enable comments ([see details](https://help.disqus.com/en/articles/1717155-use-of-cookies)).</copyright><lastBuildDate>Wed, 01 Jan 2020 00:00:00 +0000</lastBuildDate>
    <image>
      <url>/img/pablobernabeu_image_sharing.png</url>
      <title>iNaturalist</title>
      <link>/tags/inaturalist/</link>
    </image>
    
    <item>
      <title>Butterfly species richness in Los Angeles</title>
      <link>/data-dashboards/butterfly-species-richness-in-la/</link>
      <pubDate>Wed, 01 Jan 2020 00:00:00 +0000</pubDate>
      <guid>/data-dashboards/butterfly-species-richness-in-la/</guid>
      <description>&lt;a href=&#39;https://pablobernabeu.github.io/dashboards/Butterfly-species-richness-in-LA/d.html&#39;&gt;
      &lt;button style = &#34;background-color: white; color: black; border: 2px solid #196F27; border-radius: 12px;&#34;&gt;
      &lt;h3 style = &#34;margin-top: 7px !important; margin-left: 9px !important; margin-right: 9px !important;&#34;&gt;
      &lt;span style=&#34;color:#DBE6DA;&#34;&gt;&lt;i class=&#34;fas fa-mouse-pointer&#34;&gt;&lt;/i&gt;&lt;/span&gt;&amp;nbsp; Dashboard
      &lt;/h3&gt;&lt;/button&gt;
      &lt;/a&gt;
&lt;br&gt;
&lt;br&gt;
&lt;p&gt;This dashboard presents open data&lt;/a&gt; (&lt;a href=&#39;https://github.com/jcoliver/bioscan/blob/master/data/iNaturalist-clean-reduced.csv&#39; target=&#34;_blank&#34;&gt;iNaturalist&lt;/a&gt; and &lt;a href=&#39;https://github.com/jcoliver/bioscan/blob/master/data/BioScanDataComplete.csv&#39; target=&#34;_blank&#34;&gt;BioScan&lt;/a&gt;) from Prudic, K.L.; Oliver, J.C.; Brown, B.V.; Long, E.C. &lt;a href=&#39;https://doi.org/10.3390/insects9040186&#39; target=&#34;_blank&#34;&gt; &lt;strong&gt;Comparisons of Citizen Science Data-Gathering Approaches to Evaluate Urban Butterfly Diversity&lt;/strong&gt;. &lt;em&gt;Insects&lt;/em&gt; &lt;strong&gt;2018&lt;/strong&gt;, &lt;em&gt;9&lt;/em&gt;, 186&lt;/a&gt;. In their study, Prudic and colleagues compared citizen science with traditional methods in the measurement of butterfly populations.&lt;/p&gt;
&lt;p&gt;I developed this dashboard after reproducing the 
&lt;a href=&#34;https://github.com/jcoliver/bioscan&#34; target=&#34;_blank&#34; rel=&#34;noopener&#34;&gt;analyses of the original study&lt;/a&gt; in a 
&lt;a href=&#34;https://github.com/reprohack/reprohack-hq/blob/master/README.md&#34; target=&#34;_blank&#34; rel=&#34;noopener&#34;&gt;Reprohack session&lt;/a&gt;.&lt;/p&gt;
&lt;p&gt;My coding tasks included transforming the data to a long format,&lt;/p&gt;
&lt;pre&gt;&lt;code&gt;# There are pseudovariables, that is, observations entered as variables. Since most R processes 
# need the tidy format, convert below (see https://r4ds.had.co.nz/tidy-data.html).
# The specific numbers found through traps and crowdsourcing methods are preserved.

BioScan = BioScan %&amp;gt;% pivot_longer(
    cols = Anthocharis_sara:Vanessa_cardui, names_to = &amp;quot;Species&amp;quot;,
    values_to = &amp;quot;Number&amp;quot;, values_drop_na = TRUE
  )

# Compare
#str(BioScan)
#str(dat)
# 928 rows now; the result of 29 pseudo-variables being transposed into
# rows, interacting with 32 previous rows, i.e., 29 * 32 = 928.

&lt;/code&gt;&lt;/pre&gt;
&lt;br&gt;
&lt;p&gt;merging three data sets,&lt;/p&gt;
&lt;pre&gt;&lt;code&gt;# The iNaturalist data set presents a challenge slightly different from the pseudovariables found above.
# The number of animals of each species must be computed from repeated entries, per site.

iNaturalist = merge(iNaturalist, iNaturalist %&amp;gt;% count(species, site, name = &#39;Number&#39;))

&lt;/code&gt;&lt;/pre&gt;
&lt;br&gt;
&lt;p&gt;and, as ever, wrangling with the format of the dashboard pages to preserve the format of a table.&lt;/p&gt;
&lt;pre&gt;&lt;code&gt;Species details {style=&amp;quot;background-color: #FCFCFC;&amp;quot;}
=======================================================================

Column {style=&amp;quot;data-width:100%; position:static; height:1000px;&amp;quot;}
-----------------------------------------------------------------------

&lt;/code&gt;&lt;/pre&gt;
&lt;p&gt;Reference&lt;/p&gt;
&lt;div style = &#34;text-indent:-2em; margin-left:2em;&#34;&gt;
&lt;p&gt;Bernabeu, P. (2020). Dashboard with data from Prudic, Oliver, Brown, &amp;amp; Long (2018), Comparisons of Citizen Science Data-Gathering Approaches to Evaluate Urban Butterfly Diversity, &lt;em&gt;Insects&lt;/em&gt;, &lt;em&gt;9&lt;/em&gt;, 186. Retrieved from &lt;a href=&#34;https://pablobernabeu.github.io/dashboards/Butterfly-species-richness-in-LA/d.html&#34;&gt;https://pablobernabeu.github.io/dashboards/Butterfly-species-richness-in-LA/d.html&lt;/a&gt;.&lt;/p&gt;
&lt;/div&gt;
</description>
    </item>
    
  </channel>
</rss>
