<?xml version="1.0" encoding="utf-8" standalone="yes" ?>
<rss version="2.0" xmlns:atom="http://www.w3.org/2005/Atom">
  <channel>
    <title>fluke | Pablo Bernabeu</title>
    <link>/tags/fluke/</link>
      <atom:link href="/tags/fluke/index.xml" rel="self" type="application/rss+xml" />
    <description>fluke</description>
    <generator>Source Themes Academic (https://sourcethemes.com/academic/)</generator><language>en-uk</language><copyright>© Pablo Bernabeu, 2020 — [CC BY Attribution licence](https://creativecommons.org/licenses/by/4.0/). Cookies only used [by Disqus to enable comments](https://help.disqus.com/en/articles/1717155-use-of-cookies).</copyright><lastBuildDate>Thu, 25 Jun 2020 00:00:00 +0000</lastBuildDate>
    <image>
      <url>/img/pablobernabeu_image_sharing.png</url>
      <title>fluke</title>
      <link>/tags/fluke/</link>
    </image>
    
    <item>
      <title>What&#39;s in a fluke?</title>
      <link>/2020/what-s-in-a-fluke/</link>
      <pubDate>Thu, 25 Jun 2020 00:00:00 +0000</pubDate>
      <guid>/2020/what-s-in-a-fluke/</guid>
      <description>


&lt;p&gt;&lt;em&gt;Fluke&lt;/em&gt; is a popular term for the statistical concepts of false positive or false negative results (more commonly used for false positives). A &lt;em&gt;false positive&lt;/em&gt; occurs when a result that does not exist in reality is observed in an analysis due to a methodological error (be it experimental, statistical, or otherwise). Conversely, a &lt;em&gt;false negative&lt;/em&gt; occurs when a genuine result is not observed in an analysis, due to the same kind of error. The concept of fluke is defined by its opposite: a truthful, accurate result.&lt;/p&gt;
&lt;p&gt;The label ‘fluke’ is ubiquitous where statistics is applied, from medicine to psychology and from sociology to politics.&lt;/p&gt;
&lt;blockquote class=&#34;twitter-tweet&#34;&gt;
&lt;p lang=&#34;en&#34; dir=&#34;ltr&#34;&gt;
When I won in 2018, many dismissed our victory as a “fluke.”&lt;br&gt;&lt;br&gt;Our win was treated as an aberration, or bc my opponent “didn’t try.”&lt;br&gt;&lt;br&gt;So from the start, tonight’s race was important to me.&lt;br&gt;&lt;br&gt;Tonight we are proving that the people’s movement in NY isn’t an accident. It‘s a mandate.
&lt;/p&gt;
— Alexandria Ocasio-Cortez (&lt;span class=&#34;citation&#34;&gt;@AOC&lt;/span&gt;) &lt;a href=&#34;https://twitter.com/AOC/status/1275618050134474761?ref_src=twsrc%5Etfw&#34;&gt;June 24, 2020&lt;/a&gt;
&lt;/blockquote&gt;
&lt;script async src=&#34;https://platform.twitter.com/widgets.js&#34; charset=&#34;utf-8&#34;&gt;&lt;/script&gt;
&lt;p&gt;&lt;br&gt;&lt;/p&gt;
&lt;div id=&#34;whats-in-the-label-flukeor-what-could-there-be&#34; class=&#34;section level2&#34;&gt;
&lt;h2&gt;What’s in the label ‘fluke’—or what could there be?&lt;/h2&gt;
&lt;p&gt;AOC’s tweet points at two main types of reactions to her results in the previous elections. The first type is dismissal, on the grounds of a fluke or a weak opposition. The other reaction is plain ‘aberration’. A few months earlier, Mark Leibovich had also delved into this issue in The New York Times (May 4, 2020, &lt;a href=&#34;https://nyti.ms/2YsJ9fb&#34; class=&#34;uri&#34;&gt;https://nyti.ms/2YsJ9fb&lt;/a&gt;):&lt;/p&gt;
&lt;blockquote&gt;
&lt;p&gt;She believed misconceptions had taken hold about her: that she was angry and strident. That she was naïve. “That I just don’t know how this town works,” she said. “That I’m stupid. Or I’m lucky. That was a big thing the Democrats were saying. That I was a fluke. Which is basically just 10 different ways of saying she’s not supposed to be here.”&lt;/p&gt;
&lt;/blockquote&gt;
&lt;p&gt;The seemingly objective term ‘fluke’, with its statistical underpinning, seems to be susceptible to biased uses. We may then have to ask: Have other electoral results, comparable to AOC’s, been equally studied for signs of a fluke? Why is a certain result perceived as a fluke in the first place? From perceptual to cognitive and historical biases, people’s judgements are susceptible to visual mistakes (Zamboni, Ledgeway, McGraw, &amp;amp; Schluppeck, 2016), confirmation bias (Rajsic, Taylor, &amp;amp; Pratt, 2018), and biased records (Hug, 2003).&lt;/p&gt;
&lt;p&gt;In summary, a ‘fluke’ label could in principle be skewed by:&lt;/p&gt;
&lt;div style=&#34;padding-left: 20px;&#34;&gt;
&lt;p&gt;&lt;i class=&#34;fas fa-eye&#34;&gt;&lt;/i&gt;   the eye of the beholder&lt;/p&gt;
&lt;p&gt;&lt;i class=&#34;fas fa-brain&#34;&gt;&lt;/i&gt;   the mind of the perceiver&lt;/p&gt;
&lt;p&gt;&lt;i class=&#34;far fa-newspaper&#34;&gt;&lt;/i&gt;   the availability or lack of data&lt;/p&gt;
&lt;/div&gt;
&lt;p&gt;&lt;br&gt;&lt;/p&gt;
&lt;/div&gt;
&lt;div id=&#34;references&#34; class=&#34;section level2&#34;&gt;
&lt;h2&gt;References&lt;/h2&gt;
&lt;p&gt;Hug, S. (2003). Selection Bias in Comparative Research: The Case of Incomplete Data Sets. &lt;em&gt;Political Analysis, 11&lt;/em&gt;(3), 255-274. &lt;a href=&#34;https://doi.org/10.1093/pan/mpg014&#34; class=&#34;uri&#34;&gt;https://doi.org/10.1093/pan/mpg014&lt;/a&gt;.&lt;/p&gt;
&lt;p&gt;Rajsic, J., Taylor, J. E. T. &amp;amp; Pratt, J. (2018) Out of sight, out of mind: Matching bias underlies confirmatory visual search. &lt;em&gt;Attention, Perception, &amp;amp; Psychophysics, 79&lt;/em&gt;, 498–507. &lt;a href=&#34;https://doi.org/10.3758/s13414-016-1259-4&#34; class=&#34;uri&#34;&gt;https://doi.org/10.3758/s13414-016-1259-4&lt;/a&gt;.&lt;/p&gt;
&lt;p&gt;Zamboni, E., Ledgeway, T., McGraw, P. V., &amp;amp; Schluppeck, D. (2016). Do perceptual biases emerge early or late in visual processing? Decision-biases in motion perception. &lt;em&gt;Proceedings of the Royal Society B: Biological Sciences, 283&lt;/em&gt;(1833), 20160263. &lt;a href=&#34;https://doi.org/10.1098/rspb.2016.0263&#34; class=&#34;uri&#34;&gt;https://doi.org/10.1098/rspb.2016.0263&lt;/a&gt;.&lt;/p&gt;
&lt;p&gt;&lt;br&gt;&lt;/p&gt;
&lt;/div&gt;
</description>
    </item>
    
  </channel>
</rss>
