<?xml version="1.0" encoding="utf-8" standalone="yes" ?>
<rss version="2.0" xmlns:atom="http://www.w3.org/2005/Atom">
  <channel>
    <title>data presentation | Pablo Bernabeu</title>
    <link>/categories/data-presentation/</link>
      <atom:link href="/categories/data-presentation/index.xml" rel="self" type="application/rss+xml" />
    <description>data presentation</description>
    <generator>Source Themes Academic (https://sourcethemes.com/academic/)</generator><language>en-uk</language><copyright>© Pablo Bernabeu, 2020 — [CC BY Attribution licence](https://creativecommons.org/licenses/by/4.0/). Cookies only used [by Disqus to enable comments](https://help.disqus.com/en/articles/1717155-use-of-cookies).</copyright><lastBuildDate>Wed, 01 Jan 2020 00:00:00 +0000</lastBuildDate>
    <image>
      <url>/img/pablobernabeu_image_sharing.png</url>
      <title>data presentation</title>
      <link>/categories/data-presentation/</link>
    </image>
    
    <item>
      <title>Data is present: workshops and datathons</title>
      <link>/2020/data-is-present-workshops-and-datathons/</link>
      <pubDate>Wed, 01 Jan 2020 00:00:00 +0000</pubDate>
      <guid>/2020/data-is-present-workshops-and-datathons/</guid>
      <description>


&lt;div id=&#34;enhanced-data-presentation-using-reproducible-documents-and-dashboards&#34; class=&#34;section level2&#34;&gt;
&lt;h2&gt;Enhanced data presentation using reproducible documents and dashboards&lt;/h2&gt;
&lt;div id=&#34;calendar&#34; class=&#34;section level3&#34;&gt;
&lt;h3&gt;Calendar&lt;/h3&gt;
&lt;table&gt;
&lt;colgroup&gt;
&lt;col width=&#34;5%&#34; /&gt;
&lt;col width=&#34;14%&#34; /&gt;
&lt;col width=&#34;21%&#34; /&gt;
&lt;col width=&#34;15%&#34; /&gt;
&lt;col width=&#34;19%&#34; /&gt;
&lt;col width=&#34;23%&#34; /&gt;
&lt;/colgroup&gt;
&lt;thead&gt;
&lt;tr class=&#34;header&#34;&gt;
&lt;th align=&#34;center&#34;&gt;Date&lt;/th&gt;
&lt;th&gt;Title&lt;/th&gt;
&lt;th&gt;Event and location&lt;/th&gt;
&lt;th align=&#34;center&#34;&gt;Registration&lt;/th&gt;
&lt;th&gt;Attendance funding&lt;/th&gt;
&lt;th&gt;Organisation funding&lt;/th&gt;
&lt;/tr&gt;
&lt;/thead&gt;
&lt;tbody&gt;
&lt;tr class=&#34;odd&#34;&gt;
&lt;td align=&#34;center&#34;&gt;To follow&lt;/td&gt;
&lt;td&gt;&lt;a href=&#34;http://wp.lancs.ac.uk/lcicd/programme/&#34;&gt;R is for Resources, Reproducibility and oppRtunities&lt;/a&gt;&lt;/td&gt;
&lt;td&gt;&lt;a href=&#34;http://wp.lancs.ac.uk/lcicd/programme/&#34;&gt;Lancaster Conference on Infant and Early Child Development&lt;/a&gt;, Lancaster University&lt;/td&gt;
&lt;td align=&#34;center&#34;&gt;&lt;a href=&#34;http://wp.lancs.ac.uk/lcicd/registration/&#34;&gt;Link&lt;/a&gt;&lt;/td&gt;
&lt;td&gt;&lt;/td&gt;
&lt;td&gt;&lt;/td&gt;
&lt;/tr&gt;
&lt;tr class=&#34;even&#34;&gt;
&lt;td align=&#34;center&#34;&gt;To follow&lt;/td&gt;
&lt;td&gt;&lt;a href=&#34;https://github.com/pablobernabeu/Data-is-present/blob/master/N8-CIR-workshops.md/&#34;&gt;Data dashboards and Binder environments&lt;/a&gt;&lt;/td&gt;
&lt;td&gt;University of York&lt;/td&gt;
&lt;td align=&#34;center&#34;&gt;&lt;a href=&#34;https://n8cir.org.uk/events/&#34;&gt;Link&lt;/a&gt;&lt;/td&gt;
&lt;td&gt;&lt;a href=&#34;https://n8cir.org.uk/events/&#34;&gt;N8 CIR&lt;/a&gt;&lt;/td&gt;
&lt;td&gt;&lt;a href=&#34;https://n8cir.org.uk/events/&#34;&gt;N8 CIR&lt;/a&gt;, &lt;br&gt; &lt;a href=&#34;https://www.software.ac.uk/programmes-and-events/fellowship-programme&#34;&gt;SSI Fellowship&lt;/a&gt;&lt;/td&gt;
&lt;/tr&gt;
&lt;tr class=&#34;odd&#34;&gt;
&lt;td align=&#34;center&#34;&gt;To follow&lt;/td&gt;
&lt;td&gt;&lt;a href=&#34;https://github.com/pablobernabeu/Data-is-present/blob/master/N8-CIR-workshops.md/&#34;&gt;Introduction to R and R Markdown&lt;/a&gt;&lt;/td&gt;
&lt;td&gt;Durham University&lt;/td&gt;
&lt;td align=&#34;center&#34;&gt;&lt;a href=&#34;https://n8cir.org.uk/events/&#34;&gt;Link&lt;/a&gt;&lt;/td&gt;
&lt;td&gt;&lt;a href=&#34;https://n8cir.org.uk/events/&#34;&gt;N8 CIR&lt;/a&gt;&lt;/td&gt;
&lt;td&gt;&lt;a href=&#34;https://n8cir.org.uk/events/&#34;&gt;N8 CIR&lt;/a&gt;, &lt;br&gt; &lt;a href=&#34;https://www.software.ac.uk/programmes-and-events/fellowship-programme&#34;&gt;SSI Fellowship&lt;/a&gt;&lt;/td&gt;
&lt;/tr&gt;
&lt;tr class=&#34;even&#34;&gt;
&lt;td align=&#34;center&#34;&gt;27 July 2020&lt;/td&gt;
&lt;td&gt;&lt;a href=&#34;https://www.ukclc2020.com/pre-conference&#34;&gt;Open data and reproducibility 2.0&lt;/a&gt;&lt;/td&gt;
&lt;td&gt;&lt;a href=&#34;https://www.ukclc2020.com/&#34;&gt;UK Cognitive Linguistics Conference&lt;/a&gt;, University of Birmingham&lt;/td&gt;
&lt;td align=&#34;center&#34;&gt;&lt;a href=&#34;https://www.ukclc2020.com/registration&#34;&gt;Link&lt;/a&gt;&lt;/td&gt;
&lt;td&gt;&lt;/td&gt;
&lt;td&gt;&lt;a href=&#34;https://www.software.ac.uk/programmes-and-events/fellowship-programme&#34;&gt;SSI Fellowship&lt;/a&gt;&lt;/td&gt;
&lt;/tr&gt;
&lt;tr class=&#34;odd&#34;&gt;
&lt;td align=&#34;center&#34;&gt;To follow&lt;/td&gt;
&lt;td&gt;&lt;a href=&#34;https://github.com/pablobernabeu/Data-is-present/blob/master/N8-CIR-workshops.md&#34;&gt;Data dashboards and Binder environments&lt;/a&gt;&lt;/td&gt;
&lt;td&gt;University of Liverpool&lt;/td&gt;
&lt;td align=&#34;center&#34;&gt;&lt;a href=&#34;https://n8cir.org.uk/events/&#34;&gt;Link&lt;/a&gt;&lt;/td&gt;
&lt;td&gt;&lt;a href=&#34;https://n8cir.org.uk/events/&#34;&gt;N8 CIR&lt;/a&gt;&lt;/td&gt;
&lt;td&gt;&lt;a href=&#34;https://n8cir.org.uk/events/&#34;&gt;N8 CIR&lt;/a&gt;, &lt;br&gt; &lt;a href=&#34;https://www.software.ac.uk/programmes-and-events/fellowship-programme&#34;&gt;SSI Fellowship&lt;/a&gt;&lt;/td&gt;
&lt;/tr&gt;
&lt;tr class=&#34;even&#34;&gt;
&lt;td align=&#34;center&#34;&gt;To follow&lt;/td&gt;
&lt;td&gt;&lt;a href=&#34;https://github.com/pablobernabeu/Data-is-present/blob/master/N8-CIR-workshops.md/&#34;&gt;Introduction to R and R Markdown&lt;/a&gt;&lt;/td&gt;
&lt;td&gt;University of Manchester&lt;/td&gt;
&lt;td align=&#34;center&#34;&gt;&lt;a href=&#34;https://n8cir.org.uk/events/&#34;&gt;Link&lt;/a&gt;&lt;/td&gt;
&lt;td&gt;&lt;a href=&#34;https://n8cir.org.uk/events/&#34;&gt;N8 CIR&lt;/a&gt;&lt;/td&gt;
&lt;td&gt;&lt;a href=&#34;https://n8cir.org.uk/events/&#34;&gt;N8 CIR&lt;/a&gt;, &lt;br&gt; &lt;a href=&#34;https://www.software.ac.uk/programmes-and-events/fellowship-programme&#34;&gt;SSI Fellowship&lt;/a&gt;&lt;/td&gt;
&lt;/tr&gt;
&lt;tr class=&#34;odd&#34;&gt;
&lt;td align=&#34;center&#34;&gt;6 May 2020&lt;/td&gt;
&lt;td&gt;&lt;a href=&#34;#workshop-2-r-markdown-documents&#34;&gt;R Markdown workshop&lt;/a&gt;&lt;/td&gt;
&lt;td&gt;Lancaster University Department of Psychology&lt;/td&gt;
&lt;td align=&#34;center&#34;&gt;&lt;/td&gt;
&lt;td&gt;&lt;/td&gt;
&lt;td&gt;&lt;/td&gt;
&lt;/tr&gt;
&lt;tr class=&#34;even&#34;&gt;
&lt;td align=&#34;center&#34;&gt;Event cancelled&lt;/td&gt;
&lt;td&gt;&lt;a href=&#34;https://newcastle2020.satrdays.org/&#34;&gt;Open data and reproducibility 2.0&lt;/a&gt;&lt;/td&gt;
&lt;td&gt;&lt;a href=&#34;https://newcastle2020.satrdays.org/&#34;&gt;SatRday Newcastle upon Tyne&lt;/a&gt;, Newcastle University&lt;/td&gt;
&lt;td align=&#34;center&#34;&gt;&lt;a href=&#34;https://newcastle2020.satrdays.org/&#34;&gt;Link&lt;/a&gt;&lt;/td&gt;
&lt;td&gt;&lt;/td&gt;
&lt;td&gt;&lt;a href=&#34;https://www.software.ac.uk/programmes-and-events/fellowship-programme&#34;&gt;SSI Fellowship&lt;/a&gt;&lt;/td&gt;
&lt;/tr&gt;
&lt;/tbody&gt;
&lt;/table&gt;
&lt;/div&gt;
&lt;div id=&#34;background&#34; class=&#34;section level3&#34;&gt;
&lt;h3&gt;Background&lt;/h3&gt;
&lt;p&gt;This project offers free activities to learn and practise reproducible data presentation across the UK. &lt;a href=&#34;https://www.software.ac.uk/about/fellows/pablo-bernabeu&#34;&gt;Pablo Bernabeu&lt;/a&gt; organises these events thanks to a &lt;a href=&#34;https://www.software.ac.uk/programmes-and-events/fellowship-programme&#34;&gt;Software Sustainability Institute Fellowship&lt;/a&gt; that covers organisation costs on a &lt;a href=&#34;https://www.software.ac.uk/fellowship-programme/2020/terms-and-conditions&#34;&gt;budget basis&lt;/a&gt;, and thanks to further support from the &lt;a href=&#34;https://n8cir.org.uk/events/&#34;&gt;N8 CIR&lt;/a&gt;. If you would like to bring any of these events to your institution at no cost, please submit a request (see &lt;a href=&#34;#contact&#34;&gt;Contact&lt;/a&gt;).&lt;/p&gt;
&lt;div id=&#34;open-source-software&#34; class=&#34;section level4&#34;&gt;
&lt;h4&gt;Open-source software&lt;/h4&gt;
&lt;p&gt;Programming languages such as &lt;a href=&#34;https://www.r-project.org/about.html&#34;&gt;R&lt;/a&gt; and &lt;a href=&#34;https://www.python.org/&#34;&gt;Python&lt;/a&gt; offer free, powerful resources for data processing, visualisation and analysis. Experience in these programs is highly valued in data-intensive disciplines.&lt;/p&gt;
&lt;/div&gt;
&lt;div id=&#34;open-data&#34; class=&#34;section level4&#34;&gt;
&lt;h4&gt;Open data&lt;/h4&gt;
&lt;p&gt;Original data has become a &lt;a href=&#34;https://www.nature.com/articles/d41586-019-01506-x&#34;&gt;public good in many research fields&lt;/a&gt; thanks to cultural and technological advances. On the internet, we can find innumerable data sets from sources such as scientific journals and repositories (e.g., &lt;a href=&#34;https://osf.io&#34;&gt;OSF&lt;/a&gt;), local and national governments (e.g., &lt;a href=&#34;https://data.london.gov.uk/&#34;&gt;London&lt;/a&gt;, UK [&lt;a href=&#34;https://www.ukdataservice.ac.uk/&#34;&gt;1&lt;/a&gt;, &lt;a href=&#34;https://data.gov.uk/&#34;&gt;2&lt;/a&gt;]), non-governmental organisations (e.g., &lt;a href=&#34;https://data.world/datasets/ngo&#34;&gt;data.world&lt;/a&gt;), etc. Researchers inside and outside academia nowadays share a lot of their data under attribution licences (e.g., &lt;a href=&#34;https://creativecommons.org/&#34;&gt;Creative Commons&lt;/a&gt;, the UK &lt;a href=&#34;http://www.nationalarchives.gov.uk/doc/open-government-licence/version/1/&#34;&gt;Open Government Licence&lt;/a&gt;, etc.). This allows any external analysts to access these raw data, create (additional) visualisations and analyses, and share these. In society, making data more accessible can &lt;a href=&#34;https://digitalcommons.law.yale.edu/cgi/viewcontent.cgi?article=1140&amp;amp;context=yhrdlj&#34;&gt;demonstrably benefit citizens&lt;/a&gt; (despite &lt;a href=&#34;https://firstmonday.org/ojs/index.php/fm/article/view/3316/2764#author&#34;&gt;limitations&lt;/a&gt;).&lt;/p&gt;
&lt;/div&gt;
&lt;/div&gt;
&lt;/div&gt;
&lt;div id=&#34;activities&#34; class=&#34;section level2&#34;&gt;
&lt;h2&gt;Activities&lt;/h2&gt;
&lt;p&gt;Activities comprise free &lt;strong&gt;workshops&lt;/strong&gt; and &lt;a href=&#34;#datathons-creating-reproducible-documents-and-dashboards&#34;&gt;&lt;strong&gt;datathons&lt;/strong&gt;&lt;/a&gt;.&lt;/p&gt;
&lt;div id=&#34;workshops&#34; class=&#34;section level3&#34;&gt;
&lt;h3&gt;Workshops&lt;/h3&gt;
&lt;p&gt;&lt;a href=&#34;https://www.r-project.org&#34;&gt;R is a programming language&lt;/a&gt; greatly equipped for the creation of reproducible documents and dashboards. Four workshops are offered that cover a suite of interrelated tools—R, R Markdown, data dashboards and Binder environments—, all underlain by reproducible workflows and open-source software.&lt;/p&gt;
&lt;p&gt;Each workshop includes &lt;strong&gt;taught and practical sections&lt;/strong&gt;. The practice provides a chance for participants to experience and address common issues with the code. The level of taught sections is largely tailored to participants; similarly, practice sections are individually adaptable by means of easier and tougher tasks. The duration is also flexible, and some of the workshops can be combined into the same session.&lt;/p&gt;
&lt;p&gt;The &lt;a href=&#34;https://rstudio.com/&#34;&gt;RStudio&lt;/a&gt; interface is used in all workshops. Multi-levelled, real code examples are used. Throughout the workshops, and especially in the practice sections, individual questions will be encouraged.&lt;/p&gt;
&lt;div id=&#34;workshop-1-introduction-to-r&#34; class=&#34;section level4&#34;&gt;
&lt;h4&gt;Workshop 1: Introduction to R&lt;/h4&gt;
&lt;p&gt;This workshop can serve as an introduction to R or a revision. It demonstrates what can be done in R, and provides resources for individual training. Since the duration is limited, online courses are also recommended (&lt;a href=&#34;https://www.coursera.org/courses?query=r&#34;&gt;see examples&lt;/a&gt; and &lt;a href=&#34;https://learner.coursera.help/hc/en-us/articles/209819033-Apply-for-Financial-Aid-or-a-Scholarship&#34;&gt;fee waivers for full content&lt;/a&gt;).&lt;/p&gt;
&lt;ul&gt;
&lt;li&gt;&lt;a href=&#34;http://adv-r.had.co.nz/Data-structures.html&#34;&gt;Data structures&lt;/a&gt;&lt;/li&gt;
&lt;li&gt;&lt;a href=&#34;http://www.sthda.com/english/wiki/installing-and-using-r-packages&#34;&gt;Packages&lt;/a&gt;: general-purpose examples (e.g., &lt;a href=&#34;https://www.tidyverse.org/&#34;&gt;tidyverse&lt;/a&gt;) and more specific ones (e.g., for &lt;a href=&#34;https://cran.r-project.org/web/packages/lsr/lsr.pdf&#34;&gt;statistics&lt;/a&gt; or &lt;a href=&#34;https://cran.r-project.org/web/packages/GEOmap/GEOmap.pdf&#34;&gt;geography&lt;/a&gt;)&lt;/li&gt;
&lt;li&gt;&lt;a href=&#34;https://cran.r-project.org/web/packages/rio/vignettes/rio.html&#34;&gt;Loading and writing data, in native and foreign formats&lt;/a&gt;&lt;/li&gt;
&lt;li&gt;&lt;em&gt;Wide&lt;/em&gt; format (also dubbed ‘untidy’) versus &lt;em&gt;tidy&lt;/em&gt; format (also dubbed ‘long’ or ‘narrow’). For most processes in R, &lt;a href=&#34;https://r4ds.had.co.nz/tidy-data.html&#34;&gt;data needs to be in a tidy format&lt;/a&gt;.&lt;/li&gt;
&lt;/ul&gt;
&lt;p align=&#34;center&#34;&gt;
&lt;a href = &#39;https://doi.org/10.1371/journal.pbio.3000202.g001&#39;&gt; &lt;img width = &#39;25%&#39; src = &#39;https://journals.plos.org/plosbiology/article/file?id=10.1371/journal.pbio.3000202.g001&amp;type=large&#39; alt = &#39;Illustration of wide and tidy data formats, from Postma and Goedhart (2019)&#39; /&gt; &lt;/a&gt;
&lt;p align=&#34;center&#34; style=&#34;text-align:center; margin-top:-20px; margin-bottom:10px;&#34;&gt;
Image from Postma and Goedhart (2019; &lt;a href=&#34;https://doi.org/10.1371/journal.pbio.3000202.g001&#34; class=&#34;uri&#34;&gt;https://doi.org/10.1371/journal.pbio.3000202.g001&lt;/a&gt;).
&lt;/p&gt;
&lt;/p&gt;
&lt;ul&gt;
&lt;li&gt;&lt;a href=&#34;https://psyteachr.github.io/msc-data-skills/joins.html#joins&#34;&gt;Combining data sets&lt;/a&gt;&lt;/li&gt;
&lt;li&gt;&lt;a href=&#34;http://www.cookbook-r.com/Manipulating_data/Summarizing_data/&#34;&gt;Data summaries&lt;/a&gt;&lt;/li&gt;
&lt;li&gt;&lt;a href=&#34;https://philmcaleer.github.io/ug2-practical/visualisation-through-ggplot2.html&#34;&gt;Plots with &lt;code&gt;ggplot2::ggplot()&lt;/code&gt;&lt;/a&gt;&lt;/li&gt;
&lt;li&gt;&lt;a href=&#34;https://plot.ly/ggplot2/&#34;&gt;Interactive plots with &lt;code&gt;plotly::ggplotly()&lt;/code&gt;&lt;/a&gt;&lt;/li&gt;
&lt;li&gt;&lt;a href=&#34;https://learningstatisticswithr-bookdown.netlify.com/part-v-statistical-tools.html&#34;&gt;Statistics&lt;/a&gt;&lt;/li&gt;
&lt;li&gt;&lt;a href=&#34;https://psych.wisc.edu/Brauer/BrauerLab/wp-content/uploads/2014/04/Brauer_and_Curtin_LMEMs-2017-Psych_Methods.pdf&#34;&gt;Linear mixed-effects models&lt;/a&gt; (see also &lt;a href=&#34;https://www.sciencedirect.com/science/article/pii/S0749596X20300061?dgcid=coauthor#b0670&#34;&gt;a review of practices&lt;/a&gt;)&lt;/li&gt;
&lt;li&gt;&lt;a href=&#34;https://swcarpentry.github.io/r-novice-inflammation/02-func-R/&#34;&gt;How functions work&lt;/a&gt;&lt;/li&gt;
&lt;li&gt;&lt;em&gt;Debugging&lt;/em&gt;. Code errors are known as bugs. They can tiresome, but also interesting sometimes! 😅 Some tips for the first many years of experience include: reading and investigating error messages, in both source and console windows; controlling letter case and typos; closing parentheses and inverted commas; ensuring to have the necessary packages installed and loaded; following the format required by each function. To debug, break up code into subcomponents and test each of those to find out the source of the error. Once we act on that, the best outcome is seeing the code work, but sometimes different errors overlap, in which case we may see one error disappearing before another one appears. Debugging soon leads to proficient information seeking. The search process often begins on an internet search engine and extends to user communities, package documentation, tutorials, blogs… (see &lt;a href=&#34;https://youtu.be/Nj9J5iCSMB0?t=2687&#34;&gt;video explanation&lt;/a&gt;). &lt;a href=&#34;https://adv-r.hadley.nz/debugging.html&#34;&gt;Advanced debugging tools are also available&lt;/a&gt;.&lt;/li&gt;
&lt;li&gt;Vast availability of free resources on the internet, from &lt;a href=&#34;https://www.coursera.org/courses?query=r%20programming&#34;&gt;Coursera&lt;/a&gt; and other MOOC sites, &lt;a href=&#34;https://education.rstudio.com/&#34;&gt;RStudio&lt;/a&gt;, &lt;a href=&#34;https://psyteachr.github.io/&#34;&gt;University of Glasgow&lt;/a&gt;, &lt;a href=&#34;http://swcarpentry.github.io/r-novice-inflammation/&#34;&gt;Carpentries&lt;/a&gt;, etc.&lt;/li&gt;
&lt;li&gt;Community: &lt;a href=&#34;https://stackoverflow.com/&#34;&gt;StackOverflow&lt;/a&gt;, &lt;a href=&#34;https://community.rstudio.com/&#34;&gt;RStudio Community&lt;/a&gt;, &lt;a href=&#34;https://github.com&#34;&gt;Github issues&lt;/a&gt; (e.g., for R packages), etc. Using and contributing back.&lt;/li&gt;
&lt;li&gt;&lt;a href=&#34;https://rstudio.cloud/&#34;&gt;RStudio Cloud&lt;/a&gt;: a personal RStudio environment on the internet&lt;/li&gt;
&lt;/ul&gt;
&lt;/div&gt;
&lt;div id=&#34;workshop-2-r-markdown-documents&#34; class=&#34;section level4&#34;&gt;
&lt;h4&gt;Workshop 2: R Markdown documents&lt;/h4&gt;
&lt;p&gt;Set your input and output in stone using &lt;a href=&#34;https://rmarkdown.rstudio.com/&#34;&gt;R Markdown&lt;/a&gt;. The analysis reports may be enriched with website features (HTML/CSS) and published as HTML, PDF or Word documents. Moreover, with R packages such as &lt;code&gt;bookdown&lt;/code&gt;, &lt;code&gt;bookdownplus&lt;/code&gt;, &lt;code&gt;blogdown&lt;/code&gt; and &lt;code&gt;flexdashboard&lt;/code&gt;, documents can be formatted as &lt;a href=&#34;https://awesome-blogdown.com/&#34;&gt;websites&lt;/a&gt;, &lt;a href=&#34;https://bookdown.org/&#34;&gt;digital papers and books&lt;/a&gt; and &lt;a href=&#34;https://rmarkdown.rstudio.com/flexdashboard/&#34;&gt;data dashboards&lt;/a&gt;. Other useful packages include &lt;code&gt;rmarkdown&lt;/code&gt;, &lt;code&gt;knitr&lt;/code&gt;, &lt;code&gt;DT&lt;/code&gt;, &lt;code&gt;kableExtra&lt;/code&gt; and &lt;code&gt;ggplot2&lt;/code&gt;. Further background: &lt;a href=&#34;https://www.youtube.com/watch?v=Nj9J5iCSMB0&#34;&gt;presentation by Michael Frank&lt;/a&gt;, &lt;a href=&#34;https://www.eddjberry.com/talks/reproducible-writing-with-rmarkdown.html#1&#34;&gt;slides by Ed Berry&lt;/a&gt;.&lt;/p&gt;
&lt;p&gt;As well as facilitating the reproducibility of analyses and results to third parties, R Markdown is helpful &lt;em&gt;during the creation&lt;/em&gt; of a report. In particular, it reduces the chances of errors and the number of repetitive tasks. For instance, any part of the data can be inputted in the text directly from the source, rather than manually copying it (e.g., &lt;code&gt;`r mean(dat[dat$location==&#39;Havana&#39;, &#39;measure&#39;])`&lt;/code&gt; (&lt;a href=&#34;https://bookdown.org/yihui/rmarkdown/r-code.html&#34;&gt;expand&lt;/a&gt;). Thus, if and when the analysis needs to be changed or updated, the report can be automatically updated at the click of a button. In another area, the captions for figures and tables can be automatised using &lt;a href=&#34;https://bookdown.org/yihui/rmarkdown-cookbook/cross-ref.html&#34;&gt;cross-reference labels&lt;/a&gt; (e.g., Table &lt;code&gt;\@ref(tab:mtcars)&lt;/code&gt;). This secures the match between the text and the captions of figures and tables, and it automatically updates the numbering whenever and wherever a new figure or table is introduced.&lt;/p&gt;
&lt;p align=&#34;center&#34;&gt;
&lt;a href = &#39;https://bookdownplus.netlify.com/portfolio/&#39;&gt; &lt;img width = &#39;50%&#39; src = &#39;https://github.com/pablobernabeu/bookdownplus/blob/master/inst2/copernicus/showcase/copernicus2.png?raw=true&#39; alt = &#39;Example of paper created with bookdownplus (image retrieved from R bookdownplus package)&#39;/&gt; &lt;/a&gt;
&lt;p align=&#34;center&#34; style=&#34;text-align:center; margin-top:-30px; margin-bottom:30px;&#34;&gt;
Image from bookdownplus package (&lt;a href=&#34;https://bookdownplus.netlify.com/portfolio/&#34; class=&#34;uri&#34;&gt;https://bookdownplus.netlify.com/portfolio/&lt;/a&gt;).
&lt;/p&gt;
&lt;/p&gt;
&lt;/div&gt;
&lt;div id=&#34;workshop-3-introduction-to-data-dashboards&#34; class=&#34;section level4&#34;&gt;
&lt;h4&gt;Workshop 3: Introduction to data dashboards&lt;/h4&gt;
&lt;p&gt;&lt;a href=&#34;https://www.frontiersin.org/articles/10.3389/fpsyg.2015.01782/full&#34;&gt;Data dashboards are web applications used to visualise data&lt;/a&gt; in detail through tables and plots. They assist in explaining and accounting for our data processing and analysis. They don’t require any coding from the end user. While most dashboards and web applications present existing data, a few of them serve the purpose of creating or simulating new data (see &lt;a href=&#34;https://github.com/pablobernabeu/Experiment-Simulation&#34;&gt;example&lt;/a&gt;).&lt;/p&gt;
&lt;p align=&#34;center&#34;&gt;
&lt;a href = &#39;https://pablobernabeu.github.io/2017/the-case-for-data-dashboards-first-steps-in-r-shiny/&#39;&gt; &lt;img width = &#39;60%&#39; src = &#39;https://media-exp1.licdn.com/dms/image/C4D12AQGQ_a0WksT1xQ/article-inline_image-shrink_1500_2232/0?e=1591833600&amp;v=beta&amp;t=Z7b5NDOyurQx_C7Klr3k6NjH-etMqnWo99szE3--eFM&#39; alt = &#39;Illustration of the usage of dashboards alongside data repositories&#39; /&gt; &lt;/a&gt;
&lt;/p&gt;
&lt;p&gt;These all-reproducible dashboards are published as websites, and thus, they can include hyperlinks and downloadable files. Some of the R packages used are &lt;code&gt;knitr&lt;/code&gt;, &lt;code&gt;DT&lt;/code&gt;, &lt;code&gt;kableExtra&lt;/code&gt;, &lt;code&gt;reactable&lt;/code&gt;, &lt;code&gt;ggplot2&lt;/code&gt;, &lt;code&gt;plotly&lt;/code&gt;, &lt;code&gt;rmarkdown&lt;/code&gt;, &lt;code&gt;flexdashboard&lt;/code&gt; and &lt;code&gt;shiny&lt;/code&gt;. The aim of this workshop is to practise creating different forms of dashboards—&lt;a href=&#34;https://rmarkdown.rstudio.com/flexdashboard/&#34;&gt;Flexdashboard&lt;/a&gt; and &lt;a href=&#34;https://shiny.rstudio.com/&#34;&gt;Shiny&lt;/a&gt;—the latter of which offers &lt;a href=&#34;https://mastering-shiny.org/&#34;&gt;greater features&lt;/a&gt;, and to practise also with the hosting platforms fitting each type—such as personal websites, &lt;a href=&#34;https://rpubs.com/&#34;&gt;RPubs&lt;/a&gt;, &lt;a href=&#34;https://mybinder.org/&#34;&gt;Binder&lt;/a&gt;, &lt;a href=&#34;https://www.shinyapps.io/&#34;&gt;Shinyapps&lt;/a&gt; and &lt;a href=&#34;https://rstudio.com/products/shiny/shiny-server/&#34;&gt;custom servers&lt;/a&gt;.&lt;/p&gt;
&lt;p&gt;A great thing about dashboards is that they may be made very simple, but they can also be taken to the next level using some HTML, CSS or Javascript code (on top of the back-end code present in the R packages used), which is addressed in the next workshop.&lt;/p&gt;
&lt;/div&gt;
&lt;div id=&#34;workshop-4-binder-environments-and-improving-data-dashboards&#34; class=&#34;section level4&#34;&gt;
&lt;h4&gt;Workshop 4: Binder environments and improving data dashboards&lt;/h4&gt;
&lt;div id=&#34;binder&#34; class=&#34;section level5&#34;&gt;
&lt;h5&gt;Binder&lt;/h5&gt;
&lt;p&gt;&lt;a href=&#34;https://mybinder.org/&#34;&gt;Binder&lt;/a&gt; is a tool to facilitate public access to software environments—for instance, by publishing an RStudio environment on the internet. Binder can also host Shiny apps. It is generously free &lt;a href=&#34;https://discourse.jupyter.org/t/mybinder-org-cost-updates/2426&#34;&gt;for users&lt;/a&gt;. After looking at the &lt;a href=&#34;https://github.com/binder-examples/r&#34;&gt;nuts and bolts of a deployment&lt;/a&gt;, participants will be able to deploy their own Binder environments and check the result by the end of the workshop. For this purpose, it’s recommended to have data and R code ready, ideally in a GitHub repository.&lt;/p&gt;
&lt;/div&gt;
&lt;div id=&#34;improving-data-dashboards&#34; class=&#34;section level5&#34;&gt;
&lt;h5&gt;Improving data dashboards&lt;/h5&gt;
&lt;p&gt;We will practise how to improve the functionality of dashboards using some HTML, CSS and Javascript code, which is &lt;a href=&#34;https://www.w3schools.com/whatis/&#34;&gt;the basis of websites&lt;/a&gt;.&lt;/p&gt;
&lt;pre&gt;&lt;code&gt;&amp;lt;!-- Javascript function to enable a hovering tooltip --&amp;gt;
&amp;lt;script&amp;gt;
$(document).ready(function(){
$(&amp;#39;[data-toggle=&amp;quot;tooltip1&amp;quot;]&amp;#39;).tooltip();
});
&amp;lt;/script&amp;gt;&lt;/code&gt;&lt;/pre&gt;
&lt;p align=&#34;center&#34;&gt;
&lt;a href = &#39;https://shiny.rstudio.com/gallery/&#39;&gt; &lt;img align = &#39;center&#39; width = &#39;60%&#39; src = &#39;https://raw.githubusercontent.com/pablobernabeu/data-is-present/master/dashboard%20gif.gif&#39; alt = &#39;Examples of data dashboards&#39; /&gt; &lt;/a&gt;
&lt;/p&gt;
&lt;/div&gt;
&lt;div id=&#34;trade-offs-among-dashboards&#34; class=&#34;section level5&#34;&gt;
&lt;h5&gt;Trade-offs among dashboards&lt;/h5&gt;
&lt;p&gt;Next, we will practise with three dashboard types—&lt;a href=&#34;https://rmarkdown.rstudio.com/flexdashboard/using.html&#34;&gt;Flexdashboard&lt;/a&gt;, &lt;a href=&#34;https://shiny.rstudio.com/tutorial/&#34;&gt;Shiny&lt;/a&gt; and &lt;a href=&#34;https://rmarkdown.rstudio.com/flexdashboard/shiny.html&#34;&gt;Flexdashboard-Shiny&lt;/a&gt;—and with the suitable hosting platforms. Firstly, the strength of Flexdashboard (&lt;a href=&#34;http://rpubs.com/pcbernabeu/Dutch-modality-exclusivity-norms&#34;&gt;example&lt;/a&gt;) is its basis on R Markdown, yielding an unmatched user interface (&lt;em&gt;front-end&lt;/em&gt;). Secondly, the strength of Shiny (&lt;a href=&#34;https://mybinder.org/v2/gh/pablobernabeu/Modality-switch-effects-emerge-early-and-increase-throughout-conceptual-processing/master?urlpath=shiny/Shiny-app/&#34;&gt;example&lt;/a&gt;) is the input reactivity (&lt;em&gt;back-end&lt;/em&gt;) it offers, allowing users to download sections of data they select, in various formats. Last, Flexdashboard-Shiny (&lt;a href=&#34;https://pablobernabeu.shinyapps.io/dutch-modality-exclusivity-norms/&#34;&gt;example&lt;/a&gt;) combines the best of both worlds.&lt;/p&gt;
&lt;p align=&#34;center&#34;&gt;
★ &lt;b&gt; Flexdashboard &lt;/b&gt; ★
&lt;/p&gt;
&lt;p align=&#34;center&#34;&gt;
★ ★ &lt;b&gt; Shiny &lt;/b&gt; ★ ★
&lt;/p&gt;
&lt;p align=&#34;center&#34;&gt;
★ ★ ★ &lt;b&gt; Flexdashboard-Shiny &lt;/b&gt; ★ ★ ★
&lt;/p&gt;
&lt;p&gt;Flexdashboard types are rendered as an HTML document—simple websites—, and can therefore be easily published on personal sites or &lt;a href=&#34;https://rpubs.com/&#34;&gt;RPubs&lt;/a&gt;. This is convenient because no special hosting is required. In contrast, Shiny and Flexdashboard-Shiny types offer greater features, but require Shiny servers. Fortunately, the shinyapps.io server is available for free, up to some &lt;a href=&#34;https://www.shinyapps.io/&#34;&gt;usage limit&lt;/a&gt;. This server can host any of the three dashboards mentioned here. Another good option is presented by Binder environments, which can host the Shiny-type dashboards with no (explicit) limit. Yet, the Flexdashboard-Shiny type cannot be hosted in this server (&lt;a href=&#34;https://github.com/jupyter/repo2docker/issues/799&#34;&gt;as of January 2020, at least&lt;/a&gt;). Consequently, greater functionality may come at a cost for dashboards that have any considerable traffic, whereas dashboards with low traffic may do well on shinyapps.io. Knowing these trade-offs can help navigate &lt;a href=&#34;https://support.rstudio.com/hc/en-us/articles/217592947-What-are-the-limits-of-the-shinyapps-io-Free-plan-&#34;&gt;usage limits&lt;/a&gt;, save on web hosting fees, and increase the availability of our dashboards online, as we can offer fall-back versions on different platforms, as in the example below:&lt;/p&gt;
&lt;blockquote&gt;
&lt;p&gt;… &lt;em&gt;&lt;a href=&#34;https://pablobernabeu.shinyapps.io/dutch-modality-exclusivity-norms/&#34;&gt;preferred-dashboard&lt;/a&gt; (in case of downtime, please visit this &lt;a href=&#34;http://rpubs.com/pcbernabeu/Dutch-modality-exclusivity-norms&#34;&gt;alternative&lt;/a&gt;)&lt;/em&gt;&lt;/p&gt;
&lt;/blockquote&gt;
&lt;p&gt;Transforming dashboards into the different versions can be as easy as enabling or disabling some features, especially input reactivity. For instance, if we want to downgrade a Flexdashboard-Shiny to a Flexdashboard, to publish it outside of a Shiny server (see &lt;a href=&#34;https://github.com/pablobernabeu/Modality-exclusivity-norms-Bernabeu-et-al/blob/master/Dutch-modality-exclusivity-norms-RPubs.Rmd&#34;&gt;example&lt;/a&gt;), we must add a setting in the header of the script,&lt;/p&gt;
&lt;pre&gt;&lt;code&gt;knit: (function(inputFile, encoding) {
rmarkdown::render(inputFile, encoding = encoding) })&lt;/code&gt;&lt;/pre&gt;
&lt;p&gt;and disable reactive features.&lt;/p&gt;
&lt;pre&gt;&lt;code&gt;# Number of words selected on sidebar
# reactive(cat(paste0(&amp;#39;Words selected below: &amp;#39;, nrow(selected_props()))))&lt;/code&gt;&lt;/pre&gt;
&lt;/div&gt;
&lt;div id=&#34;free-accounts-and-tips&#34; class=&#34;section level5&#34;&gt;
&lt;h5&gt;Free accounts and tips&lt;/h5&gt;
&lt;p&gt;Hosting sites have specific terms of use. For instance, &lt;a href=&#34;https://www.shinyapps.io/&#34;&gt;shinyapps.io&lt;/a&gt; has a free starter license with limited use. Free apps can handle a large but limited amount of data, and up to five apps may be created. Beyond this, RStudio offers a wide range of subscriptions starting at $9/month.&lt;/p&gt;
&lt;p&gt;Memory and traffic limits of the free shinyapps.io account can sometimes present problems when heavy data data sets are used, or there are many visits to the app. The memory overload issue is often flagged as &lt;code&gt;Shiny cannot use on-disk bookmarking&lt;/code&gt;, whereas excessive traffic may see the app not loading. Fortunately, usage limits need not always require a paid subscription or a &lt;a href=&#34;https://www.r-bloggers.com/alternative-approaches-to-scaling-shiny-with-rstudio-shiny-server-shinyproxy-or-custom-architecture/&#34;&gt;custom server&lt;/a&gt;, thanks to the following workarounds:&lt;/p&gt;
&lt;ul&gt;
&lt;li&gt;develop app locally as far as possible, and only deploy to shinyapps.io only at the last stage;&lt;/li&gt;
&lt;li&gt;prune data set, leaving only the necessary data;&lt;/li&gt;
&lt;li&gt;if necessary, unlink data by splitting it into different sets, reducing computational demands;&lt;/li&gt;
&lt;li&gt;if necessary, use various apps (five are allowed in each free shinyapps.io account);&lt;/li&gt;
&lt;li&gt;if necessary, link from the app to a PDF with visualisations requiring heavy, interlinked data. High-resolution plots can be rendered into a PDF document in a snap, using code such as below.&lt;/li&gt;
&lt;/ul&gt;
&lt;p&gt;df(‘List of plots per page’, width = 13, height = 5)
print(plot1)
print(plot2)
# …
print(plot150)
dev.off()&lt;/p&gt;
&lt;p&gt;Conveniently, all text in a PDF—even in plots—is indexed, so it can be searched [ Ctrl+f / Cmd+f / 🔍 ] (see &lt;a href=&#34;https://osf.io/2tpxn/&#34;&gt;example&lt;/a&gt;). Furthermore, you may also &lt;a href=&#34;http://www.ilovepdf.com/&#34;&gt;merge the rendered PDF with any other documents&lt;/a&gt;.&lt;/p&gt;
&lt;/div&gt;
&lt;/div&gt;
&lt;div id=&#34;prerequisites-and-suggestions-for-participation-in-each-workshop&#34; class=&#34;section level4&#34;&gt;
&lt;h4&gt;Prerequisites and suggestions for participation in each workshop&lt;/h4&gt;
&lt;p&gt;&lt;em&gt;Necessary:&lt;/em&gt; laptop or computer with &lt;a href=&#34;https://www.r-project.org/&#34;&gt;R&lt;/a&gt; and &lt;a href=&#34;https://rstudio.com/products/rstudio/download/&#34;&gt;RStudio&lt;/a&gt; installed, or access to &lt;a href=&#34;https://rstudio.cloud/&#34;&gt;RStudio Cloud&lt;/a&gt;; familiarity with the content of the preceding workshops through the web links herein.&lt;/p&gt;
&lt;p&gt;&lt;em&gt;Suggested:&lt;/em&gt; having your own data and R code ready (on a Github repository if participating in Workshop 4); participation in some of the preceding workshops.&lt;/p&gt;
&lt;/div&gt;
&lt;/div&gt;
&lt;div id=&#34;datathons-creating-reproducible-documents-and-dashboards&#34; class=&#34;section level3&#34;&gt;
&lt;h3&gt;Datathons: creating reproducible documents and dashboards&lt;/h3&gt;
&lt;p&gt;In these coding meetups, participants collaborate to create reproducible documents or dashboards using the data and software they prefer (see &lt;a href=&#34;https://github.com/pablobernabeu/Data-is-present/tree/master/examples-documents-dashboards&#34;&gt;examples&lt;/a&gt;). Since the work can be split across different people and sections, some nice products may be achieved within a session. Any programming languages may be used.&lt;/p&gt;
&lt;ul&gt;
&lt;li&gt;&lt;p&gt;&lt;strong&gt;Data used:&lt;/strong&gt; academic or non-academic data of your own or from open-access sources such as &lt;a href=&#34;https://osf.io&#34;&gt;OSF&lt;/a&gt;, scientific journals, governments, international institutions, NGOs, etc.&lt;/p&gt;&lt;/li&gt;
&lt;li&gt;&lt;p&gt;Inspired by the great &lt;a href=&#34;https://reprohack.github.io/reprohack-hq/&#34;&gt;Reprohacks&lt;/a&gt;, content suggestions are encouraged. That is, if you’d like to have a reproducible document or dashboard created for a certain, open-access data set, please let us know, and some participants may take it on. Suggestions may be posted as &lt;a href=&#34;https://github.com/pablobernabeu/Data-is-present/issues&#34;&gt;issues&lt;/a&gt; or emailed to &lt;a href=&#34;mailto:p.bernabeu@lancaster.ac.uk&#34; class=&#34;email&#34;&gt;p.bernabeu@lancaster.ac.uk&lt;/a&gt;.
&lt;br&gt;&lt;/br&gt;&lt;/p&gt;&lt;/li&gt;
&lt;li&gt;&lt;p&gt;&lt;strong&gt;Purposes&lt;/strong&gt;&lt;/p&gt;&lt;/li&gt;
&lt;li&gt;&lt;p&gt;collaborating to visualise data in novel ways using reproducible documents or interactive dashboards. For this purpose, participants sometimes draw on additional data to look at a bigger picture;&lt;/p&gt;&lt;/li&gt;
&lt;li&gt;&lt;p&gt;reflecting on the process by reviewing the techniques applied and challenges encountered.&lt;/p&gt;&lt;/li&gt;
&lt;li&gt;&lt;p&gt;&lt;strong&gt;Output:&lt;/strong&gt; A key aspect of datathons is the creation of output. Documents and dashboards are (co-)authored by the participants who work on them, who can then publish them on their websites, or on &lt;a href=&#34;https://rpubs.com/&#34;&gt;RPubs&lt;/a&gt;, &lt;a href=&#34;https://mybinder.org/&#34;&gt;Binder&lt;/a&gt;, &lt;a href=&#34;https://www.shinyapps.io/&#34;&gt;Shinyapps&lt;/a&gt; or &lt;a href=&#34;https://rstudio.com/products/shiny/shiny-server/&#34;&gt;custom servers&lt;/a&gt;. Time constraints notwithstanding, a lot of this output may be very enticing for further development by the same participants, or even by other people if the code is shared online. Just like with data, an attribution licence can be attached to the code.&lt;/p&gt;&lt;/li&gt;
&lt;/ul&gt;
&lt;div id=&#34;prerequisites-and-suggestions-for-participation-in-datathons&#34; class=&#34;section level4&#34;&gt;
&lt;h4&gt;Prerequisites and suggestions for participation in datathons&lt;/h4&gt;
&lt;p&gt;&lt;em&gt;Necessary:&lt;/em&gt; basic knowledge of reproducible documents or dashboards.&lt;/p&gt;
&lt;p&gt;&lt;em&gt;Suggested:&lt;/em&gt; familiarity with the development of reproducible documents or dashboards; an idea about the data you’d like to work with and the kind of document or dashboard you want to create.&lt;/p&gt;
&lt;/div&gt;
&lt;/div&gt;
&lt;/div&gt;
&lt;div id=&#34;contact&#34; class=&#34;section level2&#34;&gt;
&lt;h2&gt;Contact&lt;/h2&gt;
&lt;p&gt;Please submit any queries or requests by &lt;a href=&#34;https://github.com/pablobernabeu/Data-is-present/issues&#34;&gt;posting an issue&lt;/a&gt; or emailing &lt;a href=&#34;mailto:p.bernabeu@lancaster.ac.uk&#34; class=&#34;email&#34;&gt;p.bernabeu@lancaster.ac.uk&lt;/a&gt;.&lt;/p&gt;
&lt;/div&gt;
</description>
    </item>
    
    <item>
      <title>The Louisiana-Minnesota-Dallas crisis across media and time: a big data exercise</title>
      <link>/2016/the-louisiana-minnesota-dallas-crisis-across-media-and-time-a-big-data-exercise/</link>
      <pubDate>Fri, 01 Jan 2016 00:00:00 +0000</pubDate>
      <guid>/2016/the-louisiana-minnesota-dallas-crisis-across-media-and-time-a-big-data-exercise/</guid>
      <description>


&lt;div id=&#34;introduction&#34; class=&#34;section level2&#34;&gt;
&lt;h2&gt;1. Introduction&lt;/h2&gt;
&lt;p&gt;Racism has long been ingrained in human societies. Ancient Greek Aristotle already claimed that non-Greeks were slaves by nature, as they easily submitted to despotic government (Reilly, Kaufman, &amp;amp; Bodino, 2002). This study focuses on racism in the United States, which extends from the foundation of the country, when black people were generally born into slavery, and were at any rate regarded as an inferior people. US racism stands out globally for two reasons. First, the country has played a hegemonic part in the World since soon after its foundation. Second, the US is regarded as the most advanced society technology-wise, as it sets the minutes for the technology sector worldwide. In spite of these advantages, the country has long suffered the plague of widespread racism. Indeed, the abolition of slavery in the mid-nineteenth century did not grant equal citizen rights to the black population. Over time, the black population started to confront this situation. Especially the mid-nineteenth century saw large uprisings and a patent division of different societal sectors, as reflected in literary works such as Ellison’s ‘Invisible Man’ (1952). Inequality and confrontation about racism has extended to date, and the costs thereof have been large in terms of lives and otherwise (Feagin, 2004).&lt;/p&gt;
&lt;p&gt;With the era of global communication, what happens in the World’s most powerful country is quickly and largely spread overseas—so too with racism matters. The last major such event related to racism happened during the first weeks of July 2016. Within five days, two cases of dubious, lethal police intervention with black citizens were followed by the killing of five policemen by a black youth. The specific course of events was as follows. On July 5th, Alton Sterling was killed by police officers in Louisiana. Next day, Philando Castile was also killed by police. In this case, the presence of Castile’s girlfriend during the tragedy likely determined the following events, because she described the event to the media, underscoring how gratuitous the killing was. During the following hours, outrage escalated within the already-wary population of the US. Yet the crisis would not stop there. During one of the various demonstrations held across the country, a dozen policemen were shot by a sniper, leaving five of them dead. The attacker was a black youth linked to black militant groups which target the Establishment on the grounds of patent racial discrimination. We will refer to this concatenation of events as the Louisiana-Minnesota-Dallas (LMD) crisis.&lt;a href=&#34;#fn1&#34; class=&#34;footnote-ref&#34; id=&#34;fnref1&#34;&gt;&lt;sup&gt;1&lt;/sup&gt;&lt;/a&gt;&lt;/p&gt;
&lt;p&gt;In the welter of events in Louisiana, Minnesota and Dallas, some journalists warned of the return of social divisions such as those from the mid-nineteenth century. Such divisions might lead some people to an incomplete perception of the situation, and thus hinder the achievement of any solutions. However, President Obama denied such divisions as he spoke at the funeral for the policemen killed. At the same time, he addressed each of the different groups in the problem, including Establishment institutions and black protesters, advising them all to exercise greater open-mindedness towards the other aspects and bands in the problem (&lt;a href=&#34;https://obamawhitehouse.archives.gov/the-press-office/2016/07/12/remarks-president-memorial-service-fallen-dallas-police-officers&#34; target=&#34;_top&#34;&gt;see statement&lt;/a&gt;).&lt;/p&gt;
&lt;p&gt;It must be noted that this small study is primarily a way for us to practise data analysis at a &lt;a href=&#34;https://www.vu.nl/en/programmes/short/summer-school/courses/big-data-in-society/index.aspx&#34; target=&#34;_top&#34;&gt;course&lt;/a&gt;. Neither the background nor the analyses make a realistic study of racism or the LMD crisis.&lt;/p&gt;
&lt;/div&gt;
&lt;div id=&#34;goals&#34; class=&#34;section level2&#34;&gt;
&lt;h2&gt;2. Goals&lt;/h2&gt;
&lt;p&gt;We wanted to look at these developments from the scope of online data. For this purpose, we scraped online discussions on these developments from a variety of media sources, and within defined time frames in the crisis. We then probed for any noticeable fluctuations in the topics throughout the course of events, and also for any differences across the different media. In this analysis, we took an exploratory approach by means of topic modeling. We wanted to check, first, whether topic modeling would be sensitive and useful at all within such a compact time scale. Were it to allow us, we would analyze how the journalistic and the social media reflected any fluctuations based on the live developments in Louisiana, Minnesota and Dallas. As such, the dependent variable (DV) in this study is the overall topic under discussion, which we measured via topic modeling. So, the language we analyze are messages related to the LMD crisis. Two factors are checked as potentially affecting the DV, namely Media and Time.&lt;/p&gt;
&lt;p&gt;The Media factor regarded the three different sources of information from which we retrieved LMC content. These sources were: (1) the New York Times (NYT), (2) public tweets related to the NYT, and (3) public comments on the NYT’s Facebook posts.&lt;/p&gt;
&lt;p&gt;The Time factor was based on the following periods. The first period, from 2 to 4 July, was selected as a baseline during which no remarkable events racism-wise happened. The second period, including 5 and 6 July, contains the days when the two black citizens were killed by policemen. The third period, from 7 to 11 July, contains the aftermath of the crisis overall.&lt;/p&gt;
&lt;/div&gt;
&lt;div id=&#34;hypotheses&#34; class=&#34;section level2&#34;&gt;
&lt;h2&gt;3. Hypotheses&lt;/h2&gt;
&lt;p&gt;We had several hypotheseses for our planned analyses. For the Media factor, we hypothesized a greater objectivity and formality overall for the NYT articles compared to the other two sources.&lt;/p&gt;
&lt;p&gt;We did not have any hypotheses about the Time factor, i.e., the nature of any potential topic changes. In fact, we had considerable reservations as to whether any fluctuations would present, given the fact that the latent feeling of such a crisis might stays negative, critical and fearful from the start, regardless of particular events.&lt;/p&gt;
&lt;p&gt;With respect to the interaction between the two factors, we hypothesized that the NYT articles would present the lowest degree of thematic variation, due to the fact that such journal pieces require time to investigate and write up—even if they are published online. Comparatively, popular comments on Twitter and Facebook would present more emotionality and subjectivity, and likely they would also present greater influence of immediate events. Furthermore, Twitter should be yet more immediate than Facebook.&lt;/p&gt;
&lt;p&gt;Last, with respect to the DV, we did not actually have any hypotheses about the nature of possible topic fluctuations.&lt;/p&gt;
&lt;/div&gt;
&lt;div id=&#34;methods&#34; class=&#34;section level2&#34;&gt;
&lt;h2&gt;4. Methods&lt;/h2&gt;
&lt;p&gt;Online reactions to the LMD developments were scraped from various online sources. This content was constrained to language, bearing no extensions such as pictures or videos. In order to narrow the scope of the information, all scraped sources were related to The New York Times journal. The sources were, first, the NYT online edition (nytimes.com); second, public tweets related to NYT (&lt;span class=&#34;citation&#34;&gt;@nytimes&lt;/span&gt;); and, third, public comments posted on the NYT page (&lt;span class=&#34;citation&#34;&gt;@nytimes&lt;/span&gt;). Crucially, these sources are different in nature. Whereas the articles in the journal’s online edition broadly follow the standard article form of mainstream journals, Facebook comments on the page are aligned with the Facebook standards, that is, comparatively informal and outspoken. In accord, tweets referring to &lt;span class=&#34;citation&#34;&gt;@nytimes&lt;/span&gt; follow the Twitter conventions, characterized by the 140-character restriction, and the relative immediacy of their information (Oh &amp;amp; Syn, 2015; Wang, He &amp;amp; Zhao, 2014; Josephson &amp;amp; Miller, 2015).&lt;/p&gt;
&lt;p&gt;The method to scrape content related to the LMD crisis was through keywords. For the three media, the following keywords were entered, such that articles containing &lt;em&gt;any&lt;/em&gt; of those words would be returned: ‘black’ OR ‘racism’ OR ‘police’ OR ‘dallas’ OR ‘alton’ OR ‘sterling’ OR ‘philando’ OR ‘castile.’ Further particulars are provided in turn.&lt;/p&gt;
&lt;p&gt;&lt;em&gt;New York Times&lt;/em&gt;. This scraping pipeline started from the official API site for NYT (&lt;a href=&#34;https://developer.nytimes.com&#34; class=&#34;uri&#34;&gt;https://developer.nytimes.com&lt;/a&gt;). Metadata was downloaded for 2,000 articles adjusting to the abovementioned keywords. This returned articles dating back to the start of the year. After preprocessing, 29 articles were returned for period 1; 53 for period 2; and 275 for period 3.&lt;/p&gt;
&lt;p&gt;&lt;em&gt;Twitter&lt;/em&gt;. This scraping was performed through Geoff Jentry’s R package ‘twitteR’ (&lt;a href=&#34;https://github.com/geoffjentry/twitteR&#34; class=&#34;uri&#34;&gt;https://github.com/geoffjentry/twitteR&lt;/a&gt;). Here tweets were selected based on the same keywords, in addition to ‘&lt;span class=&#34;citation&#34;&gt;@nytimes&lt;/span&gt;’. Due to the ten-day maximum range of Twitter’s API, no time range was entered. Retweets were removed. With the naked eye we realized that the tweets contained considerable information on Saudi events, we entered the word ‘saudi’ as a negative keyword. After preprocessing, 157 articles were returned for period 1; 489 for period 2; and 5025 for period 3.&lt;/p&gt;
&lt;p&gt;&lt;em&gt;Facebook&lt;/em&gt;. The ‘RFacebook’ R package, by Pablo Barbera (&lt;a href=&#34;https://github.com/pablobarbera/Rfacebook&#34; class=&#34;uri&#34;&gt;https://github.com/pablobarbera/Rfacebook&lt;/a&gt;), was used for this scraping. The Facebook API currently allows for the download of all or any posts from one page, with no time restrictions (broader-search functions seem to have been deprecated). We downloaded any comments on the pages’ posts which adjusted to our keywords. After preprocessing, 195 articles were returned for period 1; 1107 for period 2; and 8724 for period 3.&lt;/p&gt;
&lt;p&gt;Preprocessing was performed equally for all sources—as standard in topic modeling, by removing non-relevant (‘stop-words’) and non-linguistic elements. Removed items included the names of the media, as well as numbers, punctuation, links, and technical signs such as @.&lt;/p&gt;
&lt;/div&gt;
&lt;div id=&#34;results&#34; class=&#34;section level2&#34;&gt;
&lt;h2&gt;5. Results&lt;/h2&gt;
&lt;p&gt;Our hypothesis about the Media factor was only partially confirmed. First, sentiment analysis showed that NYT posts were very tempered, with an average sentiment score near 0. In contrast, Twitter presented a rather negative sentiment (Thelwall, Buckley, &amp;amp; Paltoglou, 2011; Saif, He, Fernandez, &amp;amp; Alani, 2016). Yet, to our surprise, Facebook came out with a neutrality close to that of NYT articles, even if there was greater variance among the scores of the Facebook posts. These overall tendencies are illustrated in the plot below. Caution must recommended, however, when considering this sentiment analysis, as this technique is arguably fuzzy generally, and especially so with data under such a tight time frame. This is the case because sentiment analysis, as other big data techniques, capitalizes on the size of data. What it lacks on the precision aspect, compared to null-significance hypothesis testing, for instance, it compensates with the size of the samples, in which the noise is suppressed by thousands of cases. In this case, however, the sampling within only nine days of unusual circumstances calls for circumspection.&lt;/p&gt;
&lt;p&gt;&lt;img src=&#34;https://github.com/RRisto/Summer-school-course-project/raw/master/BLM/SentientScoreDatasetBoxplot.png&#34; alt=&#34;↑ Sentiment comparison across sources&#34; /&gt;
&lt;br&gt;&lt;/p&gt;
&lt;p&gt;Next, topic modeling was conducted on each source separately. The parameters for topic discovery were entered based on several attempts with different numbers of topics (K) and internal-coherence thresholds (alpha). Finally, topics were selected alike for every source, K = 3, alpha = .2. Below, the first ten words for each topic in each source are shown (note that columns are aligned rightward).&lt;/p&gt;
&lt;div id=&#34;new-york-times-articles&#34; class=&#34;section level6&#34;&gt;
&lt;h6&gt;&lt;em&gt;New York Times articles&lt;/em&gt;&lt;/h6&gt;
&lt;pre&gt;&lt;code&gt;##    Foreign policy Shooting Elections
## 1            said   police       new
## 2         percent     said       one
## 3            vote officers    people
## 4            year    black       can
## 5          brexit   dallas      like
## 6            will  officer      york
## 7           since shooting     trump
## 8        european      two      july
## 9         british     shot      even
## 10        britain     says      just&lt;/code&gt;&lt;/pre&gt;
&lt;/div&gt;
&lt;div id=&#34;facebook-comments&#34; class=&#34;section level6&#34;&gt;
&lt;h6&gt;&lt;em&gt;Facebook comments&lt;/em&gt;&lt;/h6&gt;
&lt;pre&gt;&lt;code&gt;##      Police People Black lives matter
## 1    police people              black
## 2       gun   will              lives
## 3      cops    can             matter
## 4    people   like              white
## 5  officers    get             people
## 6      dont    one             racist
## 7      just   just                blm
## 8       man   need             police
## 9       get   dont             blacks
## 10  officer police              obama&lt;/code&gt;&lt;/pre&gt;
&lt;/div&gt;
&lt;div id=&#34;tweets&#34; class=&#34;section level6&#34;&gt;
&lt;h6&gt;&lt;em&gt;Tweets&lt;/em&gt;&lt;/h6&gt;
&lt;pre&gt;&lt;code&gt;##    Racism Dallas shooting Philando shooting
## 1   black          police            police
## 2  police          dallas            blacks
## 3   white        officers               new
## 4   lives          killed          shooting
## 5  people         protest          philando
## 6  racism        shooting             force
## 7     amp       shootings           castile
## 8  matter           alton               use
## 9    stop        sterling              says
## 10   cops           baton          violence&lt;/code&gt;&lt;/pre&gt;
&lt;p&gt;To start, it may stand out that different topics appear across sources, all the while some are indeed shared. This is perfectly normal for topic modeling on different sources, even when the same topic is being studied. Indeed, it is very relevant for us to remark on the inclusion of foreign affairs and election matters within the NYT articles, but not within people’s tweets and Facebook comments. This makes sense for several reasons. To start, the space a journalist counts on in a NYT article is considerable, compared to tweets, and also compared to ruling conventions of Facebook posts (users may write further, but the average simply will not). Second, the breadth of relation in NYT articles likely responds to the expectations from renown journalists to enrich the news with a broader contextualization. Furthermore, this extension of topics might correspond to the tacit but doubtless alignment of journals to concrete political agendas. While people commenting on Twitter or Facebook are plausibly characterized by just the same virtues and vices, their online reactions could be driven by more emotion and immediacy of focus than those of mass media journalists.&lt;/p&gt;
&lt;p&gt;For greater visualization, we also provide some captions from the interactive LDAvis tool below. Please click on the figure titles to enjoy the full visualization.&lt;/p&gt;
&lt;div class=&#34;figure&#34;&gt;
&lt;img src=&#34;https://github.com/RRisto/Summer-school-course-project/raw/master/BLM/Untitled3.png&#34; alt=&#34;  ↑ LDAvis visualization of NYT articles (click to explore in detail)&#34; /&gt;
&lt;p class=&#34;caption&#34;&gt;&lt;br&gt; &lt;a href=&#34;http://rristo.github.io/NYT/index.html&#34; target=&#34;_top&#34;&gt;↑ LDAvis visualization of NYT articles (click to explore in detail)&lt;/a&gt;&lt;/p&gt;
&lt;/div&gt;
&lt;p&gt;&lt;br&gt;&lt;/p&gt;
&lt;div class=&#34;figure&#34;&gt;
&lt;img src=&#34;https://github.com/RRisto/Summer-school-course-project/raw/master/BLM/Untitled1.png&#34; alt=&#34;  ↑ LDAvis visualization of Facebook comments (click to explore in detail)&#34; /&gt;
&lt;p class=&#34;caption&#34;&gt;&lt;br&gt; &lt;a href=&#34;http://rristo.github.io/Facebook/index.html#topic=0&amp;amp;lambda=1&amp;amp;term=&#34; target=&#34;_top&#34;&gt;↑ LDAvis visualization of Facebook comments (click to explore in detail)&lt;/a&gt;&lt;/p&gt;
&lt;/div&gt;
&lt;p&gt;&lt;br&gt;&lt;/p&gt;
&lt;div class=&#34;figure&#34;&gt;
&lt;img src=&#34;https://github.com/RRisto/Summer-school-course-project/raw/master/BLM/Untitled.png&#34; alt=&#34;  ↑ LDAvis visualization of tweets (click to explore in detail)&#34; /&gt;
&lt;p class=&#34;caption&#34;&gt;&lt;br&gt; &lt;a href=&#34;http://rristo.github.io/Twitter/index.html#topic=0&amp;amp;lambda=1&amp;amp;term=&#34; target=&#34;_top&#34;&gt;↑ LDAvis visualization of tweets (click to explore in detail)&lt;/a&gt;&lt;/p&gt;
&lt;/div&gt;
&lt;p&gt;&lt;br&gt;
&lt;br&gt;&lt;/p&gt;
&lt;p&gt;In order to specifically compare different content sources, we plotted the major language from two sources on the same plot, with an axis spanning from one source to the other, as shown below. The size of the words indicates the frequency of use, and the colour is essentially parallel with the axis, with specific different colours for different corpora, and darker hues for greater association.&lt;/p&gt;
&lt;div class=&#34;figure&#34;&gt;
&lt;img src=&#34;https://github.com/RRisto/Summer-school-course-project/raw/master/BLM/CorporaCompareFbvsNYT.png&#34; alt=&#34;↑ Facebook comments and NYT articles&#34; /&gt;
&lt;p class=&#34;caption&#34;&gt;↑ Facebook comments and NYT articles&lt;/p&gt;
&lt;/div&gt;
&lt;div class=&#34;figure&#34;&gt;
&lt;img src=&#34;https://github.com/RRisto/Summer-school-course-project/raw/master/BLM/CorporaCompareFbvsTw.png&#34; alt=&#34;↑ Facebook comments and tweets&#34; /&gt;
&lt;p class=&#34;caption&#34;&gt;↑ Facebook comments and tweets&lt;/p&gt;
&lt;/div&gt;
&lt;div class=&#34;figure&#34;&gt;
&lt;img src=&#34;https://github.com/RRisto/Summer-school-course-project/raw/master/BLM/CorporaCompareTwvsNYT.png&#34; alt=&#34;↑ Tweets and NYT articles&#34; /&gt;
&lt;p class=&#34;caption&#34;&gt;↑ Tweets and NYT articles&lt;/p&gt;
&lt;/div&gt;
&lt;p&gt;&lt;br&gt;&lt;/p&gt;
&lt;p&gt;We went on to analyze the overlap in topics across journals, in order to quantitatively check whether some topics were indeed shared across sources, even if in different positions (for instance, topic 1 in some source and topic 3 in some other). We did this by means of cosine similarity scores. This scores represent the degree of similarity of two sources on a continuous scale from 0 to 1, where 1 would mean identical. The plots illustrate this comparisons in turn.&lt;/p&gt;
&lt;p&gt;&lt;img src=&#34;https://github.com/RRisto/Summer-school-course-project/raw/master/BLM/CosineSimFbVsNYT.png&#34; alt=&#34;Similarity between Facebook comments and NYT articles&#34; /&gt;
&lt;br&gt;
↑ Similarity between Facebook comments and NYT articles
&lt;br&gt;
&lt;br&gt;&lt;/p&gt;
&lt;p&gt;&lt;img src=&#34;https://github.com/RRisto/Summer-school-course-project/raw/master/BLM/CosineSimFbVsTw.png&#34; alt=&#34;Similarity between Facebook comments and tweets&#34; /&gt;
&lt;br&gt;
↑ Similarity between Facebook comments and tweets
&lt;br&gt;
&lt;br&gt;&lt;/p&gt;
&lt;p&gt;&lt;img src=&#34;https://github.com/RRisto/Summer-school-course-project/raw/master/BLM/CosineSimTwvsNYT.png&#34; alt=&#34;Similarity between tweets and NYT articles&#34; /&gt;
&lt;br&gt;
↑ Similarity between tweets and NYT articles
&lt;br&gt;
&lt;br&gt;&lt;/p&gt;
&lt;p&gt;Last, the interaction of Time and Media was analyzed. As expected, we found differences in the way topics fluctuated over time in the different sources, albeit in unexpected ways. NYT and tweets articles presented great variation, suggesting day-bound sensitivity to the developments. This was to be expected from Twitter, as it is famous for its immediacy. However, the immediacy of NYT articles was rather surprising, as they might have lagged behind due to the necessary investigation and editing for such kind of journalistic pieces. Unlike traditional paper-based NYT articles, this immediacy is now enabled by the publication online. Another unexpected finding was the relative stillness of Facebook posts over time. Since they are published at the minute, and nowadays mostly from mobile, we had thought they would present greater immediacy than NYT articles. We could hypothesize on this, but this would be best analyzed in further research. The plot below illustrates this interaction.&lt;/p&gt;
&lt;div class=&#34;figure&#34;&gt;
&lt;img src=&#34;https://github.com/RRisto/Summer-school-course-project/raw/master/BLM/TopicTime.png&#34; alt=&#34;↑ Topic fluctuations over time for the three content sources&#34; /&gt;
&lt;p class=&#34;caption&#34;&gt;↑ Topic fluctuations over time for the three content sources&lt;/p&gt;
&lt;/div&gt;
&lt;/div&gt;
&lt;/div&gt;
&lt;div id=&#34;discussion&#34; class=&#34;section level2&#34;&gt;
&lt;h2&gt;6. Discussion&lt;/h2&gt;
&lt;p&gt;In this small-scale study, we analyzed the impact of a racism-related crisis in the American society online. This crisis started with the killing of two black citizens by policemen under dubious circumstances, which was followed by massive media attention and street demonstrations, and then continued to the fatal shooting of five policemen by a black militant (the crisis continued yet further after our analyses). The impact of this crisis was large, with a state funeral being organized for the killed policemen, and a presidential address warning of the direction of social tensions, and the need for greater empathy from all social sections involved.&lt;/p&gt;
&lt;p&gt;We scraped the divided the social reaction to these events from three online sources, namely, the NYT online edition, public comments on the NYT Facebook page, and finally NYT-related tweets. The method was based on keywords highly relevant to this crisis, namely: ‘black’ OR ‘racism’ OR ‘police’ OR ‘dallas’ OR ‘alton’ OR ‘sterling’ OR ‘philando’ OR ‘castile’. We analyzed the Media factor and the Time factor separately, and more interestingly we looked at the interaction between these two factors.&lt;/p&gt;
&lt;p&gt;As results, we found, first, that NYT articles were the most neutral, closely followed by Facebook posts. In contrast, tweets presented greater negativity overall. Next, we looked at topics within each time frame in each of the three sources. These topics differed across sources, even though there were also considerable overlaps. For instance, NYT articles and related tweets shared the content of their second topics, both of which revolved around ‘shooting.’ We went further to quantitatively measure any such overlaps or otherwise differences across sources. Cosine similarity—which ranges from 1, totally related, to 0, not related at all—confirmed our naked eye feeling. For instance, for the overlap between the aforementioned topics, there was a cosine similarity of .71. In contrast, a cosine of .03 came up for other comparisons, which also makes sense due to the intrinsic differences among these sources.&lt;/p&gt;
&lt;p&gt;Last, the interaction between Time and Source was qualitatively analyzed by means of a plot, and we found that Twitter and NYT articles were most sensitive to live developments in the crisis, whereas Facebook comments lagged behing in this immediacy. All of these findings were discussed within a framework of qualitative big data analysis.&lt;/p&gt;
&lt;p&gt;The data mass probed in these analyses could be described as medium-sized data in the big data field. This field is relatively recent, and the sucessful, seminal examples we count on tend to feature larger sizes of data. In particular, for time frames, it is rather uncommon to find such a tight scale as we excerpted. This fact complicates the drawing of assured conclusions from our findings, because we lack well-known precedents along these lines. While the social sciences have developed their tools for small samples, the tools of big data are currently designed for the larger amounts of data.&lt;/p&gt;
&lt;/div&gt;
&lt;div id=&#34;additional-materials&#34; class=&#34;section level2&#34;&gt;
&lt;h2&gt;Additional materials&lt;/h2&gt;
&lt;p&gt;All materials are made public on the &lt;a href=&#34;https://github.com/RRisto/Summer-school-course-project&#34; target=&#34;_top&#34;&gt;RRisto GitHub page&lt;/a&gt;.&lt;/p&gt;
&lt;/div&gt;
&lt;div id=&#34;references&#34; class=&#34;section level2&#34;&gt;
&lt;h2&gt;References&lt;/h2&gt;
&lt;div style=&#34;text-indent:-2em; margin-left:2em;&#34;&gt;
&lt;p&gt;Ellison, R. (1952). &lt;em&gt;Invisible Man&lt;/em&gt;. New York: Random House.&lt;/p&gt;
&lt;p&gt;Feagin, J. R. (2004). Documenting the Costs of Slavery, Segregation, and Contemporary Racism: Why Reparations Are in Order for African &lt;em&gt;Americans Harvard BlackLetter Law Journal, 20&lt;/em&gt;, 49-81.&lt;/p&gt;
&lt;p&gt;Josephson, S., &amp;amp; Miller, J. S. (2015). Just State the Facts on Twitter: Eye Tracking Shows That Readers May Ignore Questions Posted by News Organizations On Twitter But Not on Facebook. &lt;em&gt;Visual Communication Quarterly, 22&lt;/em&gt;(2), 94-105.&lt;/p&gt;
&lt;p&gt;Oh, S., &amp;amp; Syn, S. Y. (2015). Motivations for sharing information and social support in social media: A comparative analysis of Facebook, Twitter, Delicious, YouTube, and Flickr. &lt;em&gt;Journal Of The Association For Information Science And Technology, 66&lt;/em&gt;(10), 2045-2060.&lt;/p&gt;
&lt;p&gt;Reilly, K., Kaufman, S., &amp;amp; Bodino, A. (2003). &lt;em&gt;Racism: A Global Reader&lt;/em&gt;. London: M. E. Sharpe&lt;/p&gt;
&lt;p&gt;Saif, H., He, Y., Fernandez, M., &amp;amp; Alani, H. (2016). Contextual semantics for sentiment analysis of Twitter. &lt;em&gt;Information Processing And Management, 52&lt;/em&gt;(1), 5-19.&lt;/p&gt;
&lt;p&gt;Thelwall, M., Buckley, K., &amp;amp; Paltoglou, G. (2011). Sentiment in Twitter events. &lt;em&gt;Journal Of The American Society For Information Science And Technology, 62&lt;/em&gt;(2), 406-418.&lt;/p&gt;
&lt;p&gt;Wang, P., He, W., &amp;amp; Zhao, J. (2014). A Tale of Three Social Networks: User Activity Comparisons across Facebook, Twitter, and Foursquare. &lt;em&gt;IEEE Internet Computing, 18&lt;/em&gt;(2), 10-15.&lt;/p&gt;
&lt;/div&gt;
&lt;/div&gt;
&lt;div class=&#34;footnotes&#34;&gt;
&lt;hr /&gt;
&lt;ol&gt;
&lt;li id=&#34;fn1&#34;&gt;&lt;p&gt;A later update: On July 17, 2016—days after the current analysis—, the LMD crisis was extended with the killing of two policemen in the same Louisiana city where Alton Sterling had been killed.&lt;a href=&#34;#fnref1&#34; class=&#34;footnote-back&#34;&gt;↩&lt;/a&gt;&lt;/p&gt;&lt;/li&gt;
&lt;/ol&gt;
&lt;/div&gt;
</description>
    </item>
    
  </channel>
</rss>
