<?xml version="1.0" encoding="utf-8" standalone="yes" ?>
<rss version="2.0" xmlns:atom="http://www.w3.org/2005/Atom">
  <channel>
    <title>R Shiny | Pablo Bernabeu</title>
    <link>/tags/r-shiny/</link>
      <atom:link href="/tags/r-shiny/index.xml" rel="self" type="application/rss+xml" />
    <description>R Shiny</description>
    <generator>Source Themes Academic (https://sourcethemes.com/academic/)</generator><language>en-uk</language><copyright>© Pablo Bernabeu, 2020. [CC BY Attribution licence](https://creativecommons.org/licenses/by/4.0/). Cookies only used by Disqus to enable comments ([see details](https://help.disqus.com/en/articles/1717155-use-of-cookies)).</copyright><lastBuildDate>Wed, 01 Jan 2020 00:00:00 +0000</lastBuildDate>
    <image>
      <url>/img/pablobernabeu_image_sharing.png</url>
      <title>R Shiny</title>
      <link>/tags/r-shiny/</link>
    </image>
    
    <item>
      <title>Data is present: workshops and datathons</title>
      <link>/2020/01/01/data-is-present-workshops-and-datathons/</link>
      <pubDate>Wed, 01 Jan 2020 00:00:00 +0000</pubDate>
      <guid>/2020/01/01/data-is-present-workshops-and-datathons/</guid>
      <description>


&lt;div id=&#34;enhanced-data-presentation-using-reproducible-documents-and-dashboards&#34; class=&#34;section level2&#34;&gt;
&lt;h2&gt;Enhanced data presentation using reproducible documents and dashboards&lt;/h2&gt;
&lt;div id=&#34;calendar&#34; class=&#34;section level3&#34;&gt;
&lt;h3&gt;Calendar&lt;/h3&gt;
&lt;table&gt;
&lt;colgroup&gt;
&lt;col width=&#34;5%&#34; /&gt;
&lt;col width=&#34;9%&#34; /&gt;
&lt;col width=&#34;23%&#34; /&gt;
&lt;col width=&#34;16%&#34; /&gt;
&lt;col width=&#34;20%&#34; /&gt;
&lt;col width=&#34;24%&#34; /&gt;
&lt;/colgroup&gt;
&lt;thead&gt;
&lt;tr class=&#34;header&#34;&gt;
&lt;th align=&#34;center&#34;&gt;Date&lt;/th&gt;
&lt;th align=&#34;center&#34;&gt;Activity&lt;/th&gt;
&lt;th&gt;Event and location&lt;/th&gt;
&lt;th align=&#34;center&#34;&gt;Registration&lt;/th&gt;
&lt;th&gt;Attendance funding&lt;/th&gt;
&lt;th&gt;Organisation funding&lt;/th&gt;
&lt;/tr&gt;
&lt;/thead&gt;
&lt;tbody&gt;
&lt;tr class=&#34;odd&#34;&gt;
&lt;td align=&#34;center&#34;&gt;7 May 2020&lt;/td&gt;
&lt;td align=&#34;center&#34;&gt;&lt;a href=&#34;https://github.com/pablobernabeu/Data-is-present/blob/master/N8-CIR-workshops.md/&#34;&gt;Workshop&lt;/a&gt;&lt;/td&gt;
&lt;td&gt;University of Manchester&lt;/td&gt;
&lt;td align=&#34;center&#34;&gt;&lt;a href=&#34;https://n8cir.org.uk/events/&#34;&gt;Link&lt;/a&gt;&lt;/td&gt;
&lt;td&gt;&lt;a href=&#34;https://n8cir.org.uk/events/&#34;&gt;N8 CIR&lt;/a&gt;&lt;/td&gt;
&lt;td&gt;&lt;a href=&#34;https://n8cir.org.uk/events/&#34;&gt;N8 CIR&lt;/a&gt;, &lt;br&gt; &lt;a href=&#34;https://www.software.ac.uk/programmes-and-events/fellowship-programme&#34;&gt;SSI Fellowship&lt;/a&gt;&lt;/td&gt;
&lt;/tr&gt;
&lt;tr class=&#34;even&#34;&gt;
&lt;td align=&#34;center&#34;&gt;10 June 2020&lt;/td&gt;
&lt;td align=&#34;center&#34;&gt;&lt;a href=&#34;https://github.com/pablobernabeu/Data-is-present/blob/master/N8-CIR-workshops.md&#34;&gt;Workshop&lt;/a&gt;&lt;/td&gt;
&lt;td&gt;University of Liverpool&lt;/td&gt;
&lt;td align=&#34;center&#34;&gt;&lt;a href=&#34;https://n8cir.org.uk/events/&#34;&gt;Link&lt;/a&gt;&lt;/td&gt;
&lt;td&gt;&lt;a href=&#34;https://n8cir.org.uk/events/&#34;&gt;N8 CIR&lt;/a&gt;&lt;/td&gt;
&lt;td&gt;&lt;a href=&#34;https://n8cir.org.uk/events/&#34;&gt;N8 CIR&lt;/a&gt;, &lt;br&gt; &lt;a href=&#34;https://www.software.ac.uk/programmes-and-events/fellowship-programme&#34;&gt;SSI Fellowship&lt;/a&gt;&lt;/td&gt;
&lt;/tr&gt;
&lt;tr class=&#34;odd&#34;&gt;
&lt;td align=&#34;center&#34;&gt;27 July 2020&lt;/td&gt;
&lt;td align=&#34;center&#34;&gt;&lt;a href=&#34;https://www.ukclc2020.com/pre-conference&#34;&gt;Workshop&lt;/a&gt;&lt;/td&gt;
&lt;td&gt;&lt;a href=&#34;https://www.ukclc2020.com/&#34;&gt;UK Cognitive Linguistics Conference&lt;/a&gt;, University of Birmingham&lt;/td&gt;
&lt;td align=&#34;center&#34;&gt;&lt;a href=&#34;https://www.ukclc2020.com/registration&#34;&gt;Link&lt;/a&gt;&lt;/td&gt;
&lt;td&gt;&lt;/td&gt;
&lt;td&gt;&lt;a href=&#34;https://www.software.ac.uk/programmes-and-events/fellowship-programme&#34;&gt;SSI Fellowship&lt;/a&gt;&lt;/td&gt;
&lt;/tr&gt;
&lt;tr class=&#34;even&#34;&gt;
&lt;td align=&#34;center&#34;&gt;25 Aug 2020&lt;/td&gt;
&lt;td align=&#34;center&#34;&gt;&lt;a href=&#34;http://wp.lancs.ac.uk/lcicd/programme/&#34;&gt;Workshop&lt;/a&gt;&lt;/td&gt;
&lt;td&gt;&lt;a href=&#34;http://wp.lancs.ac.uk/lcicd/programme/&#34;&gt;Lancaster Conference on Infant and Early Child Development&lt;/a&gt;, Lancaster University&lt;/td&gt;
&lt;td align=&#34;center&#34;&gt;&lt;a href=&#34;http://wp.lancs.ac.uk/lcicd/registration/&#34;&gt;Link&lt;/a&gt;&lt;/td&gt;
&lt;td&gt;&lt;/td&gt;
&lt;td&gt;&lt;/td&gt;
&lt;/tr&gt;
&lt;tr class=&#34;odd&#34;&gt;
&lt;td align=&#34;center&#34;&gt;To follow&lt;/td&gt;
&lt;td align=&#34;center&#34;&gt;&lt;a href=&#34;https://github.com/pablobernabeu/Data-is-present/blob/master/N8-CIR-workshops.md/&#34;&gt;Workshop&lt;/a&gt;&lt;/td&gt;
&lt;td&gt;Durham University&lt;/td&gt;
&lt;td align=&#34;center&#34;&gt;&lt;a href=&#34;https://n8cir.org.uk/events/&#34;&gt;Link&lt;/a&gt;&lt;/td&gt;
&lt;td&gt;&lt;a href=&#34;https://n8cir.org.uk/events/&#34;&gt;N8 CIR&lt;/a&gt;&lt;/td&gt;
&lt;td&gt;&lt;a href=&#34;https://n8cir.org.uk/events/&#34;&gt;N8 CIR&lt;/a&gt;, &lt;br&gt; &lt;a href=&#34;https://www.software.ac.uk/programmes-and-events/fellowship-programme&#34;&gt;SSI Fellowship&lt;/a&gt;&lt;/td&gt;
&lt;/tr&gt;
&lt;tr class=&#34;even&#34;&gt;
&lt;td align=&#34;center&#34;&gt;To follow&lt;/td&gt;
&lt;td align=&#34;center&#34;&gt;&lt;a href=&#34;https://github.com/pablobernabeu/Data-is-present/blob/master/N8-CIR-workshops.md/&#34;&gt;Workshop&lt;/a&gt;&lt;/td&gt;
&lt;td&gt;University of York&lt;/td&gt;
&lt;td align=&#34;center&#34;&gt;&lt;a href=&#34;https://n8cir.org.uk/events/&#34;&gt;Link&lt;/a&gt;&lt;/td&gt;
&lt;td&gt;&lt;a href=&#34;https://n8cir.org.uk/events/&#34;&gt;N8 CIR&lt;/a&gt;&lt;/td&gt;
&lt;td&gt;&lt;a href=&#34;https://n8cir.org.uk/events/&#34;&gt;N8 CIR&lt;/a&gt;, &lt;br&gt; &lt;a href=&#34;https://www.software.ac.uk/programmes-and-events/fellowship-programme&#34;&gt;SSI Fellowship&lt;/a&gt;&lt;/td&gt;
&lt;/tr&gt;
&lt;tr class=&#34;odd&#34;&gt;
&lt;td align=&#34;center&#34;&gt;To follow&lt;/td&gt;
&lt;td align=&#34;center&#34;&gt;&lt;a href=&#34;https://newcastle2020.satrdays.org/&#34;&gt;Talk&lt;/a&gt;&lt;/td&gt;
&lt;td&gt;&lt;a href=&#34;https://newcastle2020.satrdays.org/&#34;&gt;SatRday Newcastle upon Tyne&lt;/a&gt;, Newcastle University&lt;/td&gt;
&lt;td align=&#34;center&#34;&gt;&lt;a href=&#34;https://newcastle2020.satrdays.org/&#34;&gt;Link&lt;/a&gt;&lt;/td&gt;
&lt;td&gt;&lt;/td&gt;
&lt;td&gt;&lt;a href=&#34;https://www.software.ac.uk/programmes-and-events/fellowship-programme&#34;&gt;SSI Fellowship&lt;/a&gt;&lt;/td&gt;
&lt;/tr&gt;
&lt;/tbody&gt;
&lt;/table&gt;
&lt;/div&gt;
&lt;div id=&#34;background&#34; class=&#34;section level3&#34;&gt;
&lt;h3&gt;Background&lt;/h3&gt;
&lt;p&gt;This project offers free activities to learn and practise reproducible data presentation across the UK. &lt;a href=&#34;https://www.software.ac.uk/about/fellows/pablo-bernabeu&#34;&gt;Pablo Bernabeu&lt;/a&gt; organises these events thanks to a &lt;a href=&#34;https://www.software.ac.uk/programmes-and-events/fellowship-programme&#34;&gt;Software Sustainability Institute Fellowship&lt;/a&gt; that covers organisation costs on a &lt;a href=&#34;https://www.software.ac.uk/fellowship-programme/2020/terms-and-conditions&#34;&gt;budget basis&lt;/a&gt;, and thanks to further support from the &lt;a href=&#34;https://n8cir.org.uk/events/&#34;&gt;N8 CIR&lt;/a&gt;. If you would like to bring any of these events to your institution at no cost, please submit a request (see &lt;a href=&#34;#contact&#34;&gt;Contact&lt;/a&gt;).&lt;/p&gt;
&lt;div id=&#34;open-source-software&#34; class=&#34;section level4&#34;&gt;
&lt;h4&gt;Open-source software&lt;/h4&gt;
&lt;p&gt;Programming languages such as &lt;a href=&#34;https://www.r-project.org/about.html&#34;&gt;R&lt;/a&gt; and &lt;a href=&#34;https://www.python.org/&#34;&gt;Python&lt;/a&gt; offer free, powerful resources for data processing, visualisation and analysis. Experience in these programs is highly valued in data-intensive disciplines.&lt;/p&gt;
&lt;/div&gt;
&lt;div id=&#34;open-data&#34; class=&#34;section level4&#34;&gt;
&lt;h4&gt;Open data&lt;/h4&gt;
&lt;p&gt;Original data has become a &lt;a href=&#34;https://www.nature.com/articles/d41586-019-01506-x&#34;&gt;public good in many research fields&lt;/a&gt; thanks to cultural and technological advances. On the internet, we can find innumerable data sets from sources such as scientific journals and repositories (e.g., &lt;a href=&#34;https://osf.io&#34;&gt;OSF&lt;/a&gt;), local and national governments (e.g., &lt;a href=&#34;https://data.london.gov.uk/&#34;&gt;London&lt;/a&gt;, UK [&lt;a href=&#34;https://www.ukdataservice.ac.uk/&#34;&gt;1&lt;/a&gt;, &lt;a href=&#34;https://data.gov.uk/&#34;&gt;2&lt;/a&gt;]), non-governmental organisations (e.g., &lt;a href=&#34;https://data.world/datasets/ngo&#34;&gt;data.world&lt;/a&gt;), etc. Researchers inside and outside academia nowadays share a lot of their data under attribution licences (e.g., &lt;a href=&#34;https://creativecommons.org/&#34;&gt;Creative Commons&lt;/a&gt;, the UK &lt;a href=&#34;http://www.nationalarchives.gov.uk/doc/open-government-licence/version/1/&#34;&gt;Open Government Licence&lt;/a&gt;, etc.). This allows any external analysts to access these raw data, create (additional) visualisations and analyses, and share these. In society, making data more accessible can &lt;a href=&#34;https://digitalcommons.law.yale.edu/cgi/viewcontent.cgi?article=1140&amp;amp;context=yhrdlj&#34;&gt;demonstrably benefit citizens&lt;/a&gt; (despite &lt;a href=&#34;https://firstmonday.org/ojs/index.php/fm/article/view/3316/2764#author&#34;&gt;limitations&lt;/a&gt;).&lt;/p&gt;
&lt;/div&gt;
&lt;/div&gt;
&lt;/div&gt;
&lt;div id=&#34;activities&#34; class=&#34;section level2&#34;&gt;
&lt;h2&gt;Activities&lt;/h2&gt;
&lt;p&gt;Activities comprise free &lt;strong&gt;workshops&lt;/strong&gt; and &lt;a href=&#34;#datathons-creating-reproducible-documents-and-dashboards&#34;&gt;&lt;strong&gt;datathons&lt;/strong&gt;&lt;/a&gt;.&lt;/p&gt;
&lt;div id=&#34;workshops&#34; class=&#34;section level3&#34;&gt;
&lt;h3&gt;Workshops&lt;/h3&gt;
&lt;p&gt;&lt;a href=&#34;https://www.r-project.org&#34;&gt;R is a programming language&lt;/a&gt; greatly equipped for the creation of reproducible documents and dashboards. Four workshops are offered that cover a suite of interrelated tools—R, R Markdown, data dashboards and Binder environments—, all underlain by reproducible workflows and open-source software.&lt;/p&gt;
&lt;p&gt;Each workshop includes &lt;strong&gt;taught and practical sections&lt;/strong&gt;. The practice provides a chance for participants to experience and address common issues with the code. The level of taught sections is largely tailored to participants; similarly, practice sections are individually adaptable by means of easier and tougher tasks. The duration is also flexible, and some of the workshops can be combined into the same session.&lt;/p&gt;
&lt;p&gt;The &lt;a href=&#34;https://rstudio.com/&#34;&gt;RStudio&lt;/a&gt; interface is used in all workshops. Multi-levelled, real code examples are used. Throughout the workshops, and especially in the practice sections, individual questions will be encouraged.&lt;/p&gt;
&lt;div id=&#34;workshop-1-introduction-to-r&#34; class=&#34;section level4&#34;&gt;
&lt;h4&gt;Workshop 1: Introduction to R&lt;/h4&gt;
&lt;p&gt;This workshop can serve as an introduction to R or a revision. It demonstrates what can be done in R, and provides resources for individual training. Since the duration is limited, online courses are also recommended (&lt;a href=&#34;https://www.coursera.org/courses?query=r&#34;&gt;see examples&lt;/a&gt; and &lt;a href=&#34;https://learner.coursera.help/hc/en-us/articles/209819033-Apply-for-Financial-Aid-or-a-Scholarship&#34;&gt;fee waivers for full content&lt;/a&gt;).&lt;/p&gt;
&lt;ul&gt;
&lt;li&gt;&lt;a href=&#34;http://adv-r.had.co.nz/Data-structures.html&#34;&gt;Data structures&lt;/a&gt;&lt;/li&gt;
&lt;li&gt;&lt;a href=&#34;http://www.sthda.com/english/wiki/installing-and-using-r-packages&#34;&gt;Packages&lt;/a&gt;: general-purpose examples (e.g., &lt;a href=&#34;https://www.tidyverse.org/&#34;&gt;tidyverse&lt;/a&gt;) and more specific ones (e.g., for &lt;a href=&#34;https://cran.r-project.org/web/packages/lsr/lsr.pdf&#34;&gt;statistics&lt;/a&gt; or &lt;a href=&#34;https://cran.r-project.org/web/packages/GEOmap/GEOmap.pdf&#34;&gt;geography&lt;/a&gt;)&lt;/li&gt;
&lt;li&gt;&lt;a href=&#34;https://cran.r-project.org/web/packages/rio/vignettes/rio.html&#34;&gt;Loading and writing data, in native and foreign formats&lt;/a&gt;&lt;/li&gt;
&lt;li&gt;&lt;em&gt;Wide&lt;/em&gt; format (also dubbed ‘untidy’) versus &lt;em&gt;tidy&lt;/em&gt; format (also dubbed ‘long’ or ‘narrow’). For most processes in R, &lt;a href=&#34;https://r4ds.had.co.nz/tidy-data.html&#34;&gt;data needs to be in a tidy format&lt;/a&gt;.&lt;/li&gt;
&lt;/ul&gt;
&lt;p align=&#34;center&#34;&gt;
&lt;a href = &#39;https://doi.org/10.1371/journal.pbio.3000202.g001&#39;&gt; &lt;img width = &#39;25%&#39; src = &#39;https://journals.plos.org/plosbiology/article/file?id=10.1371/journal.pbio.3000202.g001&amp;type=large&#39; alt = &#39;Illustration of wide and tidy data formats, from Postma and Goedhart (2019)&#39; /&gt; &lt;/a&gt;
&lt;p align=&#34;center&#34; style=&#34;text-align:center;&#34;&gt;
Image from Postma and Goedhart (2019; &lt;a href=&#34;https://doi.org/10.1371/journal.pbio.3000202.g001&#34; class=&#34;uri&#34;&gt;https://doi.org/10.1371/journal.pbio.3000202.g001&lt;/a&gt;).
&lt;/p&gt;
&lt;/p&gt;
&lt;ul&gt;
&lt;li&gt;&lt;a href=&#34;https://psyteachr.github.io/msc-data-skills/joins.html#joins&#34;&gt;Combining data sets&lt;/a&gt;&lt;/li&gt;
&lt;li&gt;&lt;a href=&#34;http://www.cookbook-r.com/Manipulating_data/Summarizing_data/&#34;&gt;Data summaries&lt;/a&gt;&lt;/li&gt;
&lt;li&gt;&lt;a href=&#34;https://philmcaleer.github.io/ug2-practical/visualisation-through-ggplot2.html&#34;&gt;Plots with &lt;code&gt;ggplot2::ggplot()&lt;/code&gt;&lt;/a&gt;&lt;/li&gt;
&lt;li&gt;&lt;a href=&#34;https://plot.ly/ggplot2/&#34;&gt;Interactive plots with &lt;code&gt;plotly::ggplotly()&lt;/code&gt;&lt;/a&gt;&lt;/li&gt;
&lt;li&gt;&lt;a href=&#34;https://learningstatisticswithr-bookdown.netlify.com/part-v-statistical-tools.html&#34;&gt;Statistics&lt;/a&gt;
&lt;ul&gt;
&lt;li&gt;&lt;a href=&#34;https://psych.wisc.edu/Brauer/BrauerLab/wp-content/uploads/2014/04/Brauer_and_Curtin_LMEMs-2017-Psych_Methods.pdf&#34;&gt;Linear mixed-effects models&lt;/a&gt; (see also &lt;a href=&#34;https://www.sciencedirect.com/science/article/pii/S0749596X20300061?dgcid=coauthor#b0670&#34;&gt;a review of practices&lt;/a&gt;)&lt;/li&gt;
&lt;/ul&gt;&lt;/li&gt;
&lt;li&gt;&lt;a href=&#34;https://swcarpentry.github.io/r-novice-inflammation/02-func-R/&#34;&gt;How functions work&lt;/a&gt;&lt;/li&gt;
&lt;li&gt;&lt;em&gt;Debugging&lt;/em&gt;. Code errors are known as bugs. They can tiresome, but also interesting sometimes! 😅 Some tips for the first many years of experience include: reading and investigating error messages, in both source and console windows; controlling letter case and typos; closing parentheses and inverted commas; ensuring to have the necessary packages installed and loaded; following the format required by each function. To debug, break up code into subcomponents and test each of those to find out the source of the error. Once we act on that, the best outcome is seeing the code work, but sometimes different errors overlap, in which case we may see one error disappearing before another one appears. Debugging soon leads to proficient information seeking. The search process often begins on an internet search engine and extends to user communities, package documentation, tutorials, blogs… (see &lt;a href=&#34;https://youtu.be/Nj9J5iCSMB0?t=2687&#34;&gt;video explanation&lt;/a&gt;). &lt;a href=&#34;https://adv-r.hadley.nz/debugging.html&#34;&gt;Advanced debugging tools are also available&lt;/a&gt;.&lt;/li&gt;
&lt;li&gt;Vast availability of free resources on the internet, from &lt;a href=&#34;https://www.coursera.org/courses?query=r%20programming&#34;&gt;Coursera&lt;/a&gt; and other MOOC sites, &lt;a href=&#34;https://education.rstudio.com/&#34;&gt;RStudio&lt;/a&gt;, &lt;a href=&#34;https://psyteachr.github.io/&#34;&gt;University of Glasgow&lt;/a&gt;, &lt;a href=&#34;http://swcarpentry.github.io/r-novice-inflammation/&#34;&gt;Carpentries&lt;/a&gt;, etc.&lt;/li&gt;
&lt;li&gt;Community: &lt;a href=&#34;https://stackoverflow.com/&#34;&gt;StackOverflow&lt;/a&gt;, &lt;a href=&#34;https://community.rstudio.com/&#34;&gt;RStudio Community&lt;/a&gt;, &lt;a href=&#34;https://github.com&#34;&gt;Github issues&lt;/a&gt; (e.g., for R packages), etc. Using and contributing back.&lt;/li&gt;
&lt;li&gt;&lt;a href=&#34;https://rstudio.cloud/&#34;&gt;RStudio Cloud&lt;/a&gt;: a personal RStudio environment on the internet&lt;/li&gt;
&lt;/ul&gt;
&lt;/div&gt;
&lt;div id=&#34;workshop-2-r-markdown-documents&#34; class=&#34;section level4&#34;&gt;
&lt;h4&gt;Workshop 2: R Markdown documents&lt;/h4&gt;
&lt;p&gt;Set your input and output in stone with &lt;a href=&#34;https://rmarkdown.rstudio.com/&#34;&gt;R Markdown&lt;/a&gt;. These reports may be enriched with website features (HTML/CSS) and published as websites, PDF, or Word. Moreover, with R packages such as &lt;code&gt;bookdown&lt;/code&gt;, &lt;code&gt;bookdownplus&lt;/code&gt;, &lt;code&gt;blogdown&lt;/code&gt; and &lt;code&gt;flexdashboard&lt;/code&gt;, documents can be formatted into &lt;a href=&#34;https://awesome-blogdown.com/&#34;&gt;websites&lt;/a&gt;, &lt;a href=&#34;https://bookdown.org/&#34;&gt;digital books&lt;/a&gt; and &lt;a href=&#34;http://rpubs.com/pcbernabeu/Dutch-modality-exclusivity-norms&#34;&gt;data dashboards&lt;/a&gt;. Other useful packages include &lt;code&gt;rmarkdown&lt;/code&gt;, &lt;code&gt;knitr&lt;/code&gt;, &lt;code&gt;kableExtra&lt;/code&gt; and &lt;code&gt;ggplot2&lt;/code&gt;.&lt;/p&gt;
&lt;p align=&#34;center&#34;&gt;
&lt;a href = &#39;https://bookdownplus.netlify.com/portfolio/&#39;&gt; &lt;img width = &#39;50%&#39; src = &#39;https://github.com/pablobernabeu/bookdownplus/blob/master/inst2/copernicus/showcase/copernicus2.png?raw=true&#39; alt = &#39;Example of paper created with bookdownplus (image retrieved from R bookdownplus package)&#39;/&gt; &lt;/a&gt;
&lt;p align=&#34;center&#34; style=&#34;text-align:center;&#34;&gt;
Image from bookdownplus package (&lt;a href=&#34;https://bookdownplus.netlify.com/portfolio/&#34; class=&#34;uri&#34;&gt;https://bookdownplus.netlify.com/portfolio/&lt;/a&gt;).
&lt;/p&gt;
&lt;/p&gt;
&lt;/div&gt;
&lt;div id=&#34;workshop-3-introduction-to-data-dashboards&#34; class=&#34;section level4&#34;&gt;
&lt;h4&gt;Workshop 3: Introduction to data dashboards&lt;/h4&gt;
&lt;p&gt;&lt;a href=&#34;https://www.frontiersin.org/articles/10.3389/fpsyg.2015.01782/full&#34;&gt;Data dashboards are web applications used to visualise data&lt;/a&gt; in detail through tables and plots. They assist in explaining and accounting for our data processing and analysis. They don’t require any coding from the end user.&lt;/p&gt;
&lt;p align=&#34;center&#34;&gt;
&lt;a href = &#39;https://www.linkedin.com/pulse/shiny-data-presentation-added-value-pablo-bernabeu/&#39;&gt; &lt;img width = &#39;40%&#39; src = &#39;https://media-exp1.licdn.com/dms/image/C4D12AQHYcdpmcmSypg/article-inline_image-shrink_1500_2232/0?e=1585785600&amp;v=beta&amp;t=0xfTYFRu_OsWN4lkwnO1IonW6HgAuJD79443sf1-4Ms&#39; alt = &#39;Illustration of the usage of dashboards alongside data repositories&#39; /&gt; &lt;/a&gt;
&lt;/p&gt;
&lt;p&gt;These all-reproducible dashboards are published as websites, and thus, they can include hyperlinks and downloadable files. Some of the R packages used are &lt;code&gt;knitr&lt;/code&gt;, &lt;code&gt;kableExtra&lt;/code&gt;, &lt;code&gt;reactable&lt;/code&gt;, &lt;code&gt;ggplot2&lt;/code&gt;, &lt;code&gt;plotly&lt;/code&gt;, &lt;code&gt;rmarkdown&lt;/code&gt;, &lt;code&gt;flexdashboard&lt;/code&gt; and &lt;code&gt;shiny&lt;/code&gt;. The aim of this workshop is to practise creating different forms of dashboards—&lt;a href=&#34;https://rmarkdown.rstudio.com/flexdashboard/&#34;&gt;Flexdashboard&lt;/a&gt; and &lt;a href=&#34;https://shiny.rstudio.com/&#34;&gt;Shiny&lt;/a&gt;—the latter of which offers greater features, and to practise also with the hosting platforms fitting each type—such as personal websites, &lt;a href=&#34;https://rpubs.com/&#34;&gt;RPubs&lt;/a&gt;, &lt;a href=&#34;https://mybinder.org/&#34;&gt;Binder&lt;/a&gt;, &lt;a href=&#34;https://www.shinyapps.io/&#34;&gt;Shinyapps&lt;/a&gt; and &lt;a href=&#34;https://rstudio.com/products/shiny/shiny-server/&#34;&gt;custom servers&lt;/a&gt;. A great thing about dashboards is that they may be made very simple, but they can also be taken to the next level using some HTML, CSS or Javascript code (on top of the back-end code present in the R packages used), which is addressed in the next workshop.&lt;/p&gt;
&lt;/div&gt;
&lt;div id=&#34;workshop-4-binder-environments-and-improving-data-dashboards&#34; class=&#34;section level4&#34;&gt;
&lt;h4&gt;Workshop 4: Binder environments and improving data dashboards&lt;/h4&gt;
&lt;div id=&#34;binder&#34; class=&#34;section level5&#34;&gt;
&lt;h5&gt;Binder&lt;/h5&gt;
&lt;p&gt;&lt;a href=&#34;https://mybinder.org/&#34;&gt;Binder&lt;/a&gt; is a tool to facilitate public access to software environments—for instance, by publishing an RStudio environment on the internet. Binder can also host Shiny apps. It is generously free &lt;a href=&#34;https://discourse.jupyter.org/t/mybinder-org-cost-updates/2426&#34;&gt;for users&lt;/a&gt;. After looking at the &lt;a href=&#34;https://github.com/binder-examples/r&#34;&gt;nuts and bolts of a deployment&lt;/a&gt;, participants will be able to deploy their own Binder environments and check the result by the end of the workshop. For this purpose, it’s recommended to have data and R code ready, ideally in a GitHub repository.&lt;/p&gt;
&lt;/div&gt;
&lt;div id=&#34;improving-data-dashboards&#34; class=&#34;section level5&#34;&gt;
&lt;h5&gt;Improving data dashboards&lt;/h5&gt;
&lt;p&gt;We will practise how to improve the functionality of dashboards using some HTML, CSS and Javascript code, which is &lt;a href=&#34;https://www.w3schools.com/whatis/&#34;&gt;the basis of websites&lt;/a&gt;.&lt;/p&gt;
&lt;pre&gt;&lt;code&gt;&amp;lt;!-- Javascript function to enable a hovering tooltip --&amp;gt;
&amp;lt;script&amp;gt;
$(document).ready(function(){
    $(&amp;#39;[data-toggle=&amp;quot;tooltip1&amp;quot;]&amp;#39;).tooltip();
});
&amp;lt;/script&amp;gt;&lt;/code&gt;&lt;/pre&gt;
&lt;p align=&#34;center&#34;&gt;
&lt;a href = &#39;https://shiny.rstudio.com/gallery/&#39;&gt; &lt;img align = &#39;center&#39; width = &#39;60%&#39; src = &#39;https://raw.githubusercontent.com/pablobernabeu/data-is-present/master/dashboard%20gif.gif&#39; alt = &#39;Examples of data dashboards&#39; /&gt; &lt;/a&gt;
&lt;/p&gt;
&lt;/div&gt;
&lt;div id=&#34;trade-offs-among-dashboards&#34; class=&#34;section level5&#34;&gt;
&lt;h5&gt;Trade-offs among dashboards&lt;/h5&gt;
&lt;p&gt;Next, we will practise with three dashboard types—&lt;a href=&#34;https://rmarkdown.rstudio.com/flexdashboard/using.html&#34;&gt;Flexdashboard&lt;/a&gt;, &lt;a href=&#34;https://shiny.rstudio.com/tutorial/&#34;&gt;Shiny&lt;/a&gt; and &lt;a href=&#34;https://rmarkdown.rstudio.com/flexdashboard/shiny.html&#34;&gt;Flexdashboard-Shiny&lt;/a&gt;—and with the suitable hosting platforms. Firstly, the strength of Flexdashboard (&lt;a href=&#34;http://rpubs.com/pcbernabeu/Dutch-modality-exclusivity-norms&#34;&gt;example&lt;/a&gt;) is its basis on R Markdown, yielding an unmatched user interface (&lt;em&gt;front-end&lt;/em&gt;). Secondly, the strength of Shiny (&lt;a href=&#34;https://mybinder.org/v2/gh/pablobernabeu/Modality-switch-effects-emerge-early-and-increase-throughout-conceptual-processing/master?urlpath=shiny/Shiny-app/&#34;&gt;example&lt;/a&gt;) is the input reactivity (&lt;em&gt;back-end&lt;/em&gt;) it offers, allowing users to download sections of data they select, in various formats. Last, Flexdashboard-Shiny (&lt;a href=&#34;https://pablobernabeu.shinyapps.io/dutch-modality-exclusivity-norms/&#34;&gt;example&lt;/a&gt;) combines the best of both worlds.&lt;/p&gt;
&lt;p align=&#34;center&#34;&gt;
★ &lt;b&gt; Flexdashboard &lt;/b&gt; ★
&lt;/p&gt;
&lt;p align=&#34;center&#34;&gt;
★ ★ &lt;b&gt; Shiny &lt;/b&gt; ★ ★
&lt;/p&gt;
&lt;p align=&#34;center&#34;&gt;
★ ★ ★ &lt;b&gt; Flexdashboard-Shiny &lt;/b&gt; ★ ★ ★
&lt;/p&gt;
&lt;p&gt;Flexdashboard types are rendered as an HTML document—simple websites—, and can therefore be easily published on personal sites or &lt;a href=&#34;https://rpubs.com/&#34;&gt;RPubs&lt;/a&gt;. This is convenient because no special hosting is required. In contrast, Shiny and Flexdashboard-Shiny types offer greater features, but require Shiny servers. Fortunately, the shinyapps.io server is available for free, up to some &lt;a href=&#34;https://www.shinyapps.io/&#34;&gt;usage limit&lt;/a&gt;. This server can host any of the three dashboards mentioned here. Another good option is presented by Binder environments, which can host the Shiny-type dashboards with no (explicit) limit. Yet, the Flexdashboard-Shiny type cannot be hosted in this server (&lt;a href=&#34;https://github.com/jupyter/repo2docker/issues/799&#34;&gt;as of January 2020, at least&lt;/a&gt;). Consequently, greater functionality may come at a cost for dashboards that have any considerable traffic, whereas dashboards with low traffic may do well on shinyapps.io. Knowing these trade-offs can help navigate &lt;a href=&#34;https://support.rstudio.com/hc/en-us/articles/217592947-What-are-the-limits-of-the-shinyapps-io-Free-plan-&#34;&gt;usage limits&lt;/a&gt;, save on web hosting fees, and increase the availability of our dashboards online, as we can offer fall-back versions on different platforms, as in the example below:&lt;/p&gt;
&lt;blockquote&gt;
&lt;p&gt;… &lt;em&gt;&lt;a href=&#34;https://pablobernabeu.shinyapps.io/dutch-modality-exclusivity-norms/&#34;&gt;preferred-dashboard&lt;/a&gt; (in case of downtime, please visit this &lt;a href=&#34;http://rpubs.com/pcbernabeu/Dutch-modality-exclusivity-norms&#34;&gt;alternative&lt;/a&gt;)&lt;/em&gt;&lt;/p&gt;
&lt;/blockquote&gt;
&lt;p&gt;Transforming dashboards into the different versions can be as easy as enabling or disabling some features, especially input reactivity. For instance, if we want to downgrade a Flexdashboard-Shiny to a Flexdashboard, to publish it outside of a Shiny server (see &lt;a href=&#34;https://github.com/pablobernabeu/Modality-exclusivity-norms-Bernabeu-et-al/blob/master/Dutch-modality-exclusivity-norms-RPubs.Rmd&#34;&gt;example&lt;/a&gt;), we must add a setting in the header of the script,&lt;/p&gt;
&lt;pre&gt;&lt;code&gt;knit: (function(inputFile, encoding) {
  rmarkdown::render(inputFile, encoding = encoding) })&lt;/code&gt;&lt;/pre&gt;
&lt;p&gt;and disable reactive features.&lt;/p&gt;
&lt;pre&gt;&lt;code&gt;# Number of words selected on sidebar
# reactive(cat(paste0(&amp;#39;Words selected below: &amp;#39;, nrow(selected_props()))))&lt;/code&gt;&lt;/pre&gt;
&lt;/div&gt;
&lt;div id=&#34;free-accounts-and-tips&#34; class=&#34;section level5&#34;&gt;
&lt;h5&gt;Free accounts and tips&lt;/h5&gt;
&lt;p&gt;App providers have specific terms of use. To begin, &lt;a href=&#34;https://www.shinyapps.io/&#34;&gt;shinyapps.io&lt;/a&gt; has a free starter license with limited use, where free apps can handle a certain amount of data, and up to five apps may be created. Beyond that, RStudio offers a wide range of subscriptions starting at $9/month.&lt;/p&gt;
&lt;p&gt;Memory and traffic limits of the free shinyapps.io account can sometimes present problems when heavy data data sets are used, or there are many visits to the app. The memory overload issue is often flagged as &lt;code&gt;Shiny cannot use on-disk bookmarking&lt;/code&gt;, whereas excessive traffic may see the app not loading. Fortunately, usage limits need not always require a paid subscription or a &lt;a href=&#34;https://www.r-bloggers.com/alternative-approaches-to-scaling-shiny-with-rstudio-shiny-server-shinyproxy-or-custom-architecture/&#34;&gt;custom server&lt;/a&gt;, thanks to the following workarounds:&lt;/p&gt;
&lt;ul&gt;
&lt;li&gt;develop app locally as far as possible, and only deploy to shinyapps.io only at the last stage;&lt;/li&gt;
&lt;li&gt;prune data set, leaving only the necessary data;&lt;/li&gt;
&lt;li&gt;if necessary, unlink data by splitting it into different sets, reducing computational demands;&lt;/li&gt;
&lt;li&gt;if necessary, use various apps (five are allowed in each free shinyapps.io account);&lt;/li&gt;
&lt;li&gt;&lt;p&gt;if necessary, link from the app to a PDF with visualisations requiring heavy, interlinked data. High-resolution plots can be rendered into a PDF document in a snap, using code such as below.&lt;/p&gt;
&lt;pre&gt;&lt;code&gt;df(&amp;#39;List of plots per page&amp;#39;, width = 13, height = 5)
print(plot1)
print(plot2)
# ...
print(plot150)
dev.off()&lt;/code&gt;&lt;/pre&gt;&lt;/li&gt;
&lt;/ul&gt;
&lt;p&gt;Conveniently, all text in a PDF—even in plots—is indexed, so it can be searched [ Ctrl+f / Cmd+f / 🔍 ] (see &lt;a href=&#34;https://osf.io/2tpxn/&#34;&gt;example&lt;/a&gt;). Furthermore, you may also &lt;a href=&#34;http://www.ilovepdf.com/&#34;&gt;merge the rendered PDF with any other documents&lt;/a&gt;.&lt;/p&gt;
&lt;/div&gt;
&lt;/div&gt;
&lt;div id=&#34;prerequisites-and-suggestions-for-participation-in-each-workshop&#34; class=&#34;section level4&#34;&gt;
&lt;h4&gt;Prerequisites and suggestions for participation in each workshop&lt;/h4&gt;
&lt;p&gt;&lt;em&gt;Necessary:&lt;/em&gt; laptop or computer with &lt;a href=&#34;https://www.r-project.org/&#34;&gt;R&lt;/a&gt; and &lt;a href=&#34;https://rstudio.com/products/rstudio/download/&#34;&gt;RStudio&lt;/a&gt; installed, or access to &lt;a href=&#34;https://rstudio.cloud/&#34;&gt;RStudio Cloud&lt;/a&gt;; familiarity with the content of the preceding workshops through the web links herein.&lt;/p&gt;
&lt;p&gt;&lt;em&gt;Suggested:&lt;/em&gt; having your own data and R code ready (on a Github repository if participating in Workshop 4); participation in some of the preceding workshops.&lt;/p&gt;
&lt;/div&gt;
&lt;/div&gt;
&lt;div id=&#34;datathons-creating-reproducible-documents-and-dashboards&#34; class=&#34;section level3&#34;&gt;
&lt;h3&gt;Datathons: creating reproducible documents and dashboards&lt;/h3&gt;
&lt;p&gt;In these coding meetups, participants collaborate to create reproducible documents or dashboards using the data and software they prefer (see &lt;a href=&#34;https://github.com/pablobernabeu/Data-is-present/tree/master/examples-documents-dashboards&#34;&gt;examples&lt;/a&gt;). Since the work can be split across different people and sections, some nice products may be achieved within a session. Any programming languages may be used.&lt;/p&gt;
&lt;ul&gt;
&lt;li&gt;&lt;p&gt;&lt;strong&gt;Data used:&lt;/strong&gt; academic or non-academic data of your own or from open-access sources such as &lt;a href=&#34;https://osf.io&#34;&gt;OSF&lt;/a&gt;, scientific journals, governments, international institutions, NGOs, etc.&lt;/p&gt;
&lt;ul&gt;
&lt;li&gt;Inspired by the great &lt;a href=&#34;https://reprohack.github.io/reprohack-hq/&#34;&gt;Reprohacks&lt;/a&gt;, content suggestions are encouraged. That is, if you’d like to have a reproducible document or dashboard created for a certain, open-access data set, please let us know, and some participants may take it on. Suggestions may be posted as &lt;a href=&#34;https://github.com/pablobernabeu/Data-is-present/issues&#34;&gt;issues&lt;/a&gt; or emailed to &lt;a href=&#34;mailto:p.bernabeu@lancaster.ac.uk&#34; class=&#34;email&#34;&gt;p.bernabeu@lancaster.ac.uk&lt;/a&gt;.&lt;/li&gt;
&lt;/ul&gt;&lt;/li&gt;
&lt;li&gt;&lt;p&gt;&lt;strong&gt;Purposes&lt;/strong&gt;&lt;/p&gt;
&lt;ul&gt;
&lt;li&gt;&lt;p&gt;collaborating to visualise data in novel ways using reproducible documents or interactive dashboards. For this purpose, participants sometimes draw on additional data to look at a bigger picture;&lt;/p&gt;&lt;/li&gt;
&lt;li&gt;&lt;p&gt;reflecting on the process by reviewing the techniques applied and challenges encountered.&lt;/p&gt;&lt;/li&gt;
&lt;/ul&gt;&lt;/li&gt;
&lt;li&gt;&lt;p&gt;&lt;strong&gt;Output:&lt;/strong&gt; A key aspect of datathons is the creation of output. Documents and dashboards are (co-)authored by the participants who work on them, who can then publish them on their websites, or on &lt;a href=&#34;https://rpubs.com/&#34;&gt;RPubs&lt;/a&gt;, &lt;a href=&#34;https://mybinder.org/&#34;&gt;Binder&lt;/a&gt;, &lt;a href=&#34;https://www.shinyapps.io/&#34;&gt;Shinyapps&lt;/a&gt; or &lt;a href=&#34;https://rstudio.com/products/shiny/shiny-server/&#34;&gt;custom servers&lt;/a&gt;. Time constraints notwithstanding, a lot of this output may be very enticing for further development by the same participants, or even by other people if the code is shared online. Just like with data, an attribution licence can be attached to the code.&lt;/p&gt;&lt;/li&gt;
&lt;/ul&gt;
&lt;div id=&#34;prerequisites-and-suggestions-for-participation-in-datathons&#34; class=&#34;section level4&#34;&gt;
&lt;h4&gt;Prerequisites and suggestions for participation in datathons&lt;/h4&gt;
&lt;p&gt;&lt;em&gt;Necessary:&lt;/em&gt; basic knowledge of reproducible documents or dashboards.&lt;/p&gt;
&lt;p&gt;&lt;em&gt;Suggested:&lt;/em&gt; familiarity with the development of reproducible documents or dashboards; an idea about the data you’d like to work with and the kind of document or dashboard you want to create.&lt;/p&gt;
&lt;/div&gt;
&lt;/div&gt;
&lt;/div&gt;
&lt;div id=&#34;contact&#34; class=&#34;section level2&#34;&gt;
&lt;h2&gt;Contact&lt;/h2&gt;
&lt;p&gt;Please submit any queries or requests by &lt;a href=&#34;https://github.com/pablobernabeu/Data-is-present/issues&#34;&gt;posting an issue&lt;/a&gt; or emailing &lt;a href=&#34;mailto:p.bernabeu@lancaster.ac.uk&#34; class=&#34;email&#34;&gt;p.bernabeu@lancaster.ac.uk&lt;/a&gt;.&lt;/p&gt;
&lt;/div&gt;
</description>
    </item>
    
    <item>
      <title>Dutch modality exclusivity norms</title>
      <link>/data-dashboards/bernabeu-etal-2017-modalitynorms/</link>
      <pubDate>Sun, 01 Jan 2017 00:00:00 +0000</pubDate>
      <guid>/data-dashboards/bernabeu-etal-2017-modalitynorms/</guid>
      <description>&lt;h4 id=&#34;link-to-flexdashboard-versiondashboardsdutch-modality-exclusivity-normsdhtml&#34;&gt;
&lt;a href=&#34;../../dashboards/Dutch-modality-exclusivity-norms/d.html&#34;&gt;Link to Flexdashboard version&lt;/a&gt;&lt;/h4&gt;
&lt;h4 id=&#34;link-to-flexdashboard-shiny-versionhttpspablobernabeushinyappsiodutch-modality-exclusivity-norms&#34;&gt;
&lt;a href=&#34;https://pablobernabeu.shinyapps.io/dutch-modality-exclusivity-norms/&#34; target=&#34;_blank&#34; rel=&#34;noopener&#34;&gt;Link to Flexdashboard-Shiny version&lt;/a&gt;&lt;/h4&gt;
&lt;br&gt;
&lt;p&gt;This Flexdashboard-Shiny app presents linguistic data over several tabs. The code combines the great front-end of Flexdashboard—based on R Markdown and yielding an unmatched user interface—, with the great back-end of Shiny—allowing users to download sections of data they select, in various formats.&lt;/p&gt;
&lt;ul&gt;
&lt;li&gt;
&lt;p&gt;A cool, recent finding was the reactable package, which puts Javascript into the cells, allowing coloured bars, etc.&lt;/p&gt;
&lt;pre&gt;&lt;code&gt;  
Auditory = colDef(header = with_tooltip(&#39;Auditory Rating&#39;,
                                        &#39;Mean rating of each word on the auditory modality across participants.&#39;),
                  cell = function(value) {
                    width &amp;lt;- paste0(value / max(table_data$Auditory) * 100, &amp;quot;%&amp;quot;)
                    value = sprintf(&amp;quot;%.2f&amp;quot;, round(value,2))  # Round to two digits, keeping trailing zeros
                    bar_chart(value, width = width, fill = &#39;#ff3030&#39;)
                    },
                  align = &#39;left&#39;),
  
&lt;/code&gt;&lt;/pre&gt;
&lt;/li&gt;
&lt;li&gt;
&lt;p&gt;One of the hardest nuts to crack was allowing the full functionality of tables—i.e, scaling to screen, frozen header, and vertical and horizontal scrolling—whilst having tweaked the vertical/horizontal orientation of the dashboard sections. Initial clashes were sorted by adjusting the section&amp;rsquo;s CSS styles&lt;/p&gt;
&lt;pre&gt;&lt;code&gt;Table {#table style=&amp;quot;background-color:#FCFCFC;&amp;quot;}
=======================================================================
  
Inputs {.sidebar style=&#39;position:fixed; padding-top: 65px; padding-bottom:30px;&#39;}
-----------------------------------------------------------------------
&lt;/code&gt;&lt;/pre&gt;
&lt;p&gt;and by also adjusting the reactable settings.&lt;/p&gt;
&lt;pre&gt;&lt;code&gt;  
renderReactable({
  reactable(selected_words(),
            defaultSorted = list(cat = &#39;desc&#39;, word = &#39;asc&#39;),
            defaultColDef = colDef(footerStyle = list(fontWeight = &amp;quot;bold&amp;quot;)),
            height = 840, striped = TRUE, pagination = FALSE, highlight = TRUE,
  
&lt;/code&gt;&lt;/pre&gt;
&lt;/li&gt;
&lt;li&gt;
&lt;p&gt;A nice feature, especially suited to Flexdashboard, was the use of different formats across tabs. Whereas the Info tab presents long text using HTML and CSS styling, along with rmarkdown code output, the other tabs rely more strongly on Javascript features, enabled by R packages such as ‘shiny’ and sweetalert (e.g., allowing modal dialogs—pop-ups), reactable and plotly (e.g., allowing information opened by hovering—tooltips).&lt;/p&gt;
&lt;pre&gt;&lt;code&gt;```{r}
  
# reactive for the word bar
highlighted_properties = reactive(input$highlighted_properties)
  
renderPlotly({
 ggplotly(
  ggplot( selected_props(), aes(RC1, RC2, label = as.character(word), color = main, 
    # Html tags below used for format. Decimals rounded to two.
    text = paste0(&#39; &#39;, &#39;&amp;lt;span style=&amp;quot;padding-top:3px; padding-bottom:3px; font-size:2.2em; color:#EEEEEE&amp;quot;&amp;gt;&#39;, capitalize(word), &#39;&amp;lt;/span&amp;gt; &#39;, &#39;&amp;lt;br&amp;gt;&#39;,
     &#39;&amp;lt;/b&amp;gt;&amp;lt;br&amp;gt;&amp;lt;span style=&amp;quot;color:#EEEEEE&amp;quot;&amp;gt; Dominant modality: &amp;lt;/span&amp;gt;&amp;lt;b style=&amp;quot;color:#EEEEEE&amp;quot;&amp;gt;&#39;, main, &#39; &#39;,
     &#39; &#39;, &#39;&amp;lt;/b&amp;gt;&amp;lt;br&amp;gt;&amp;lt;span style=&amp;quot;color:#EEEEEE&amp;quot;&amp;gt; Modality exclusivity: &amp;lt;/span&amp;gt;&amp;lt;b style=&amp;quot;color:#EEEEEE&amp;quot;&amp;gt;&#39;, sprintf(&amp;quot;%.2f&amp;quot;, round(Exclusivity, 2)), &#39;% &#39;,
     &#39;&amp;lt;/b&amp;gt;&amp;lt;br&amp;gt;&amp;lt;span style=&amp;quot;color:#EEEEEE&amp;quot;&amp;gt; Perceptual strength: &amp;lt;/span&amp;gt;&amp;lt;b style=&amp;quot;color:#EEEEEE&amp;quot;&amp;gt;&#39;, sprintf(&amp;quot;%.2f&amp;quot;, round(Perceptualstrength, 2)),
     &#39;&amp;lt;/b&amp;gt;&amp;lt;br&amp;gt;&amp;lt;span style=&amp;quot;color:#EEEEEE&amp;quot;&amp;gt; Auditory rating: &amp;lt;/span&amp;gt;&amp;lt;b style=&amp;quot;color:#EEEEEE&amp;quot;&amp;gt;&#39;, sprintf(&amp;quot;%.2f&amp;quot;, round(Auditory, 2)), &#39; &#39;,
     &#39;&amp;lt;/b&amp;gt;&amp;lt;br&amp;gt;&amp;lt;span style=&amp;quot;color:#EEEEEE&amp;quot;&amp;gt; Haptic rating: &amp;lt;/span&amp;gt;&amp;lt;b style=&amp;quot;color:#EEEEEE&amp;quot;&amp;gt;&#39;, sprintf(&amp;quot;%.2f&amp;quot;, round(Haptic, 2)), &#39; &#39;,
     &#39;&amp;lt;/b&amp;gt;&amp;lt;br&amp;gt;&amp;lt;span style=&amp;quot;color:#EEEEEE&amp;quot;&amp;gt; Visual rating: &amp;lt;/span&amp;gt;&amp;lt;b style=&amp;quot;color:#EEEEEE&amp;quot;&amp;gt;&#39;, sprintf(&amp;quot;%.2f&amp;quot;, round(Visual, 2)), &#39; &#39;,
     &#39;&amp;lt;/b&amp;gt;&amp;lt;br&amp;gt;&amp;lt;span style=&amp;quot;color:#EEEEEE&amp;quot;&amp;gt; Concreteness (Brysbaert et al., 2014): &amp;lt;/span&amp;gt;&amp;lt;b style=&amp;quot;color:#EEEEEE&amp;quot;&amp;gt;&#39;, 
       sprintf(&amp;quot;%.2f&amp;quot;, round(concrete_Brysbaertetal2014, 2)), &#39; &#39;,
     &#39;&amp;lt;/b&amp;gt;&amp;lt;br&amp;gt;&amp;lt;span style=&amp;quot;color:#EEEEEE&amp;quot;&amp;gt; Number of letters: &amp;lt;/span&amp;gt;&amp;lt;b style=&amp;quot;color:#EEEEEE&amp;quot;&amp;gt;&#39;, letters, &#39; &#39;,
     &#39;&amp;lt;/b&amp;gt;&amp;lt;br&amp;gt;&amp;lt;span style=&amp;quot;color:#EEEEEE&amp;quot;&amp;gt; Number of phonemes (DutchPOND): &amp;lt;/span&amp;gt;&amp;lt;b style=&amp;quot;color:#EEEEEE&amp;quot;&amp;gt;&#39;, 
     round(phonemes_DUTCHPOND, 2), &#39; &#39;,
     &#39;&amp;lt;/b&amp;gt;&amp;lt;br&amp;gt;&amp;lt;span style=&amp;quot;color:#EEEEEE&amp;quot;&amp;gt; Contextual diversity (lg10CD SUBTLEX-NL): &amp;lt;/span&amp;gt;&amp;lt;b style=&amp;quot;color:#EEEEEE&amp;quot;&amp;gt;&#39;,
       sprintf(&amp;quot;%.2f&amp;quot;, round(freq_lg10CD_SUBTLEXNL, 2)), &#39; &#39;,
     &#39;&amp;lt;/b&amp;gt;&amp;lt;br&amp;gt;&amp;lt;span style=&amp;quot;color:#EEEEEE&amp;quot;&amp;gt; Word frequency (lg10WF SUBTLEX-NL): &amp;lt;/span&amp;gt;&amp;lt;b style=&amp;quot;color:#EEEEEE&amp;quot;&amp;gt;&#39;,
       sprintf(&amp;quot;%.2f&amp;quot;, round(freq_lg10WF_SUBTLEXNL, 2)), &#39; &#39;,
     &#39;&amp;lt;/b&amp;gt;&amp;lt;br&amp;gt;&amp;lt;span style=&amp;quot;color:#EEEEEE&amp;quot;&amp;gt; Lemma frequency (CELEX): &amp;lt;/span&amp;gt;&amp;lt;b style=&amp;quot;color:#EEEEEE&amp;quot;&amp;gt;&#39;, 
       sprintf(&amp;quot;%.2f&amp;quot;, round(freq_CELEX_lem, 2)), &#39; &#39;,
     &#39;&amp;lt;/b&amp;gt;&amp;lt;br&amp;gt;&amp;lt;span style=&amp;quot;color:#EEEEEE&amp;quot;&amp;gt; Phonological neighbourhood size (DutchPOND): &amp;lt;/span&amp;gt;&amp;lt;b style=&amp;quot;color:#EEEEEE&amp;quot;&amp;gt;&#39;, 
     round(phon_neighbours_DUTCHPOND, 2), &#39; &#39;,
     &#39;&amp;lt;/b&amp;gt;&amp;lt;br&amp;gt;&amp;lt;span style=&amp;quot;color:#EEEEEE&amp;quot;&amp;gt; Orthographic neighbourhood size (DutchPOND): &amp;lt;/span&amp;gt;&amp;lt;b style=&amp;quot;color:#EEEEEE&amp;quot;&amp;gt;&#39;,
     round(orth_neighbours_DUTCHPOND, 2), &#39; &#39;,
     &#39;&amp;lt;/b&amp;gt;&amp;lt;br&amp;gt;&amp;lt;span style=&amp;quot;color:#EEEEEE&amp;quot;&amp;gt; Age of acquisition (Brysbaert et al., 2014): &amp;lt;/span&amp;gt;&amp;lt;b style=&amp;quot;color:#EEEEEE&amp;quot;&amp;gt;&#39;,
     sprintf(&amp;quot;%.2f&amp;quot;, round(AoA_Brysbaertetal2014, 2)), &#39; &#39;, &#39;&amp;lt;br&amp;gt; &#39;
     ) ) ) +
  geom_text(size = ifelse(selected_props()$word %in% highlighted_properties(), 7,
             ifelse(is.null(highlighted_properties()), 3, 2.8)),
      fontface = ifelse(selected_props()$word %in% highlighted_properties(), &#39;bold&#39;, &#39;plain&#39;)) +
geom_point(alpha = 0) +  # This geom_point helps to colour the tooltip according to the dominant modality
scale_colour_manual(values = colours, drop = FALSE) + theme_bw() + ggtitle(&#39;Property words&#39;) +
labs(x = &#39;Varimax-rotated Principal Component 1&#39;, y = &#39;Varimax-rotated Principal Component 2&#39;) +
guides(color = guide_legend(title = &#39;Main&amp;lt;br&amp;gt;modality&#39;)) +
theme( plot.background = element_blank(), panel.grid.major = element_blank(),
   panel.grid.minor = element_blank(), panel.border = element_blank(),
   axis.line = element_line(color = &#39;black&#39;), plot.title = element_text(size = 14, hjust = .5),
   axis.title.x = element_text(colour = &#39;black&#39;, size = 12, margin = margin(15,15,0,15)),
   axis.title.y = element_text(colour = &#39;black&#39;, size = 12, margin = margin(0,15,15,5)),
   axis.text.x = element_text(size = 8), axis.text.y  = element_text(size = 8),
   legend.background = element_rect(size = 2), legend.position = &#39;none&#39;,
 legend.title = element_blank(),
 legend.text = element_text(colour = colours, size = 13) ),
tooltip = &#39;text&#39;
)
})
  
# For download, save plot without the interactive &#39;plotly&#39; part
  
properties_png = reactive({ ggplot(selected_props(), aes(RC1, RC2, color = main, label = as.character(word))) +
geom_text(show.legend = FALSE, size = ifelse(selected_props()$word %in% highlighted_properties(), 7,
         ifelse(is.null(highlighted_properties()), 3, 2.8)),
      fontface = ifelse(selected_props()$word %in% highlighted_properties(), &#39;bold&#39;, &#39;plain&#39;)) +
geom_point(alpha = 0) + scale_colour_manual(values = colours, drop = FALSE) + theme_bw() +
guides(color = guide_legend(title = &#39;Main&amp;lt;br&amp;gt;modality&#39;, override.aes = list(size = 7, alpha = 1))) +
ggtitle( paste0(&#39;Properties&#39;, &#39; (showing &#39;, nrow(selected_props()), &#39; out of &#39;, nrow(props), &#39;)&#39;) ) + 
labs(x = &#39;Varimax-rotated Principal Component 1&#39;, y = &#39;Varimax-rotated Principal Component 2&#39;) +
theme( plot.background = element_blank(), panel.grid.major = element_blank(),
   panel.grid.minor = element_blank(), panel.border = element_blank(),
   axis.line = element_line(color = &#39;black&#39;), plot.title = element_text(size = 17, hjust = .5, margin = margin(3,3,7,3)),
   axis.title.x = element_text(colour = &#39;black&#39;, size = 12, margin = margin(10,10,2,10)),
   axis.title.y = element_text(colour = &#39;black&#39;, size = 12, margin = margin(10,10,10,5)),
   axis.text.x = element_text(size = 8), axis.text.y  = element_text(size = 8),
   legend.background = element_rect(size = 2), legend.position = &#39;right&#39;,
   legend.title = element_blank(), legend.text = element_text(size = 15))
})
  
```
&lt;/code&gt;&lt;/pre&gt;
&lt;p&gt;The only instance in which I drew on javascript code outside R packages was to enable tooltips beyond the packages’ limits—for instance, in the side bar. This javascript feature is created at the top of the script, in the head area.&lt;/p&gt;
&lt;pre&gt;&lt;code&gt;&amp;lt;!-- Javascript function to enable a hovering tooltip --&amp;gt;
&amp;lt;script&amp;gt;
$(document).ready(function(){
   $(&#39;[data-toggle=&amp;quot;tooltip1&amp;quot;]&#39;).tooltip();
});
&amp;lt;/script&amp;gt;
&lt;/code&gt;&lt;/pre&gt;
&lt;/li&gt;
&lt;li&gt;
&lt;p&gt;In the side bar, I added a reactive mean for each variable, complementing the range selector.&lt;/p&gt;
&lt;pre&gt;&lt;code&gt;reactive(cat(paste0(&#39;Mean = &#39;, 
  sprintf(&amp;quot;%.2f&amp;quot;, round(mean(selected_words()$Exclusivity),2)))))
&lt;/code&gt;&lt;/pre&gt;
&lt;/li&gt;
&lt;/ul&gt;
&lt;h2 id=&#34;non-shiny-version-published-in-rpubs&#34;&gt;Non-Shiny version published in RPubs&lt;/h2&gt;
&lt;p&gt;A reduced, non-Shiny version was also created to increase the availability of the content. Removing Shiny features allows publication as a simple website. To create the Flexdashboard-only version departing from the Flexdashboard-Shiny version, I added a setting in the header of the script&lt;/p&gt;
&lt;pre&gt;&lt;code&gt;knit: (function(inputFile, encoding) {
  rmarkdown::render(inputFile, encoding = encoding) })
&lt;/code&gt;&lt;/pre&gt;
&lt;p&gt;and disabled reactive features.&lt;/p&gt;
&lt;pre&gt;&lt;code&gt;```{r}
# Number of words selected on sidebar
# reactive(cat(paste0(&#39;Words selected below: &#39;, nrow(selected_props()))))
```
&lt;/code&gt;&lt;/pre&gt;
&lt;p&gt;Category: Research
Keywords: science, cognition, language, linguistics, modality, stimulus, experiment, norming
Shiny app: &lt;a href=&#34;https://pablobernabeu.shinyapps.io/dutch-modality-exclusivity-norms/&#34;&gt;https://pablobernabeu.shinyapps.io/dutch-modality-exclusivity-norms/&lt;/a&gt;
Repo: &lt;a href=&#34;https://github.com/pablobernabeu/Modality-exclusivity-norms-Bernabeu-et-al/tree/master/Shiny-app&#34;&gt;https://github.com/pablobernabeu/Modality-exclusivity-norms-Bernabeu-et-al/tree/master/Shiny-app&lt;/a&gt;
RStudio Cloud: &lt;a href=&#34;https://rstudio.cloud/project/941860&#34;&gt;https://rstudio.cloud/project/941860&lt;/a&gt;&lt;/p&gt;
&lt;h3 id=&#34;reference&#34;&gt;Reference&lt;/h3&gt;
&lt;p&gt;Bernabeu, P., Willems, R. M., &amp;amp; Louwerse, M. M. (2017). Modality switch effects emerge early and increase throughout conceptual processing: Evidence from ERPs [Data dashboard for modality exclusivity norms]. Retrieved from &lt;a href=&#34;https://pablobernabeu.shinyapps.io/ERP-waveform-visualization_CMS-experiment/&#34;&gt;https://pablobernabeu.shinyapps.io/ERP-waveform-visualization_CMS-experiment/&lt;/a&gt;.&lt;/p&gt;
</description>
    </item>
    
    <item>
      <title>Modality switch effects emerge early and increase throughout conceptual processing: Evidence from ERPs [Data dashboard]</title>
      <link>/data-dashboards/bernabeu-etal-2017-modalityswitch/</link>
      <pubDate>Sun, 01 Jan 2017 00:00:00 +0000</pubDate>
      <guid>/data-dashboards/bernabeu-etal-2017-modalityswitch/</guid>
      <description>&lt;h3 id=&#34;link-to-dashboardhttpsmybinderorgv2ghpablobernabeumodality-switch-effects-emerge-early-and-increase-throughout-conceptual-processing0a5542658914a6ed01cf8e96252c48bb5bcf8f18urlpathshinyshiny-app&#34;&gt;
&lt;a href=&#34;https://mybinder.org/v2/gh/pablobernabeu/Modality-switch-effects-emerge-early-and-increase-throughout-conceptual-processing/0a5542658914a6ed01cf8e96252c48bb5bcf8f18?urlpath=shiny/Shiny-app/&#34; target=&#34;_blank&#34; rel=&#34;noopener&#34;&gt;Link to dashboard&lt;/a&gt;&lt;/h3&gt;
&lt;br&gt;
&lt;p&gt;&lt;strong&gt;Content&lt;/strong&gt;&lt;/p&gt;
&lt;p&gt;The data is from a psychology experiment on the comprehension of words, in which electroencephalographic (EEG) responses were measured. The data are presented in plots spanning 800 milliseconds (the duration of word processing). The aim of this Shiny app is to facilitate the exploration of the data by researchers and the public. Users can delve into the different sections of the data. In a hierarchical order, these sections are groups of participants, individual participants, brain areas, and electrodes.&lt;/p&gt;
&lt;p&gt;&lt;strong&gt;Shiny apps in science&lt;/strong&gt;&lt;/p&gt;
&lt;p&gt;By creating this app, I tried to reach beyond the scope of current &lt;em&gt;open science&lt;/em&gt;, which is often confined to files shared on data repositories. I believe that Shiny apps will become general practice in science within a few years (
&lt;a href=&#34;http://www.research.lancs.ac.uk/portal/en/activities/presenting-data-interactively-online-using-r-shiny%28c9ce06ac-987e-4141-9121-016f6ee6d16b%29.html&#34; target=&#34;_blank&#34; rel=&#34;noopener&#34;&gt;see blog post or slides for more information&lt;/a&gt;).&lt;/p&gt;
&lt;p&gt;&lt;strong&gt;Technical details&lt;/strong&gt;&lt;/p&gt;
&lt;p&gt;I made use of tabs on the top of the dashboard in order to keep the side bar from having too many widgets. I adjusted the appearance of these tabs, and by means of &amp;lsquo;reactivity&amp;rsquo; conditions, also modified the inputs in the sidebar depending on the active tab.&lt;/p&gt;
&lt;pre&gt;&lt;code&gt;mainPanel(

	tags$style(HTML(&#39;
	    .tabbable &amp;gt; .nav &amp;gt; li &amp;gt; a                  		{background-color:white; color:#3E454E}
	    .tabbable &amp;gt; .nav &amp;gt; li &amp;gt; a:hover            		{background-color:#002555; color:white}
	    .tabbable &amp;gt; .nav &amp;gt; li[class=active] &amp;gt; a 		{background-color:#ECF4FF; color:black}
	    .tabbable &amp;gt; .nav &amp;gt; li[class=active] &amp;gt; a:hover	{background-color:#E7F1FF; color:black}
	&#39;)),

	tabsetPanel(id=&#39;tabvals&#39;,

            tabPanel(value=1, h4(strong(&#39;Group &amp;amp; Electrode&#39;)), br(), plotOutput(&#39;plot_GroupAndElectrode&#39;),
			h5(a(strong(&#39;See plots with 95% Confidence Intervals&#39;), href=&#39;https://osf.io/2tpxn/&#39;,
			target=&#39;_blank&#39;), style=&#39;text-decoration: underline;&#39;), 
			downloadButton(&#39;downloadPlot.1&#39;, &#39;Download HD plot&#39;), br(), br(),
			# EEG montage
			img(src=&#39;https://preview.ibb.co/n7qiYR/EEG_montage.png&#39;, height=500, width=1000)),

            tabPanel(value=2, h4(strong(&#39;Participant &amp;amp; Area&#39;)), br(), plotOutput(&#39;plot_ParticipantAndLocation&#39;),
			h5(a(strong(&#39;See plots with 95% Confidence Intervals&#39;), href=&#39;https://osf.io/86ch9/&#39;,
			target=&#39;_blank&#39;), style=&#39;text-decoration: underline;&#39;), 
			downloadButton(&#39;downloadPlot.2&#39;, &#39;Download HD plot&#39;), br(), br(),
			# EEG montage
			img(src=&#39;https://preview.ibb.co/n7qiYR/EEG_montage.png&#39;, height=500, width=1000)),

            tabPanel(value=3, h4(strong(&#39;Participant &amp;amp; Electrode&#39;)), br(), plotOutput(&#39;plot_ParticipantAndElectrode&#39;),
			br(), downloadButton(&#39;downloadPlot.3&#39;, &#39;Download HD plot&#39;), br(), br(),
			# EEG montage
			img(src=&#39;https://preview.ibb.co/n7qiYR/EEG_montage.png&#39;, height=500, width=1000)),

            tabPanel(value=4, h4(strong(&#39;OLD Group &amp;amp; Electrode&#39;)), br(), plotOutput(&#39;plot_OLDGroupAndElectrode&#39;),
			h5(a(strong(&#39;See plots with 95% Confidence Intervals&#39;), href=&#39;https://osf.io/dvs2z/&#39;,
			target=&#39;_blank&#39;), style=&#39;text-decoration: underline;&#39;), 
			downloadButton(&#39;downloadPlot.4&#39;, &#39;Download HD plot&#39;), br(), br(),
			# EEG montage
			img(src=&#39;https://preview.ibb.co/n7qiYR/EEG_montage.png&#39;, height=500, width=1000))
	),
&lt;/code&gt;&lt;/pre&gt;
&lt;p&gt;The data set was fairly large, considering the fact that it&amp;rsquo;s hosted with the free plan. In order to lighten the processing, I split the data into various files, reducing the total size. Furthermore, I outsourced a particularly heavy set of plots (those with Confidence Intervals) to PDF files, to which I linked in the app.&lt;/p&gt;
&lt;pre&gt;&lt;code&gt;h5(a(strong(&#39;See plots with 95% Confidence Intervals&#39;), href=&#39;https://osf.io/dvs2z/&#39;,
			target=&#39;_blank&#39;), style=&#39;text-decoration: underline;&#39;),
&lt;/code&gt;&lt;/pre&gt;
&lt;p&gt;I also used web links to the published paper and raw data, as well as to the &lt;em&gt;server&lt;/em&gt; and &lt;em&gt;ui&lt;/em&gt; scripts. These files, along with the data, are publicly available 
&lt;a href=&#34;https://osf.io/97unm/&#34; target=&#34;_blank&#34; rel=&#34;noopener&#34;&gt;in this repository&lt;/a&gt;; they may be accessed within the &amp;ldquo;Files&amp;rdquo; section, by opening the folders &amp;ldquo;ERPs&amp;rdquo; -&amp;gt; &amp;ldquo;Analyses of ERPs averaged across trials&amp;rdquo; -&amp;gt; &amp;ldquo;Shiny app&amp;rdquo;.&lt;/p&gt;
&lt;p&gt;Another feature I added was the download button.&lt;/p&gt;
&lt;pre&gt;&lt;code&gt;# From server.R script

spec_title = paste0(&#39;ERP waveforms for &#39;, input$var.Group, &#39; Group, Electrode &#39;, input$var.Electrodes.1, &#39; (negative values upward; time windows displayed)&#39;)

plot_GroupAndElectrode = ggplot(df2, aes(x=time, y=-microvolts, color=condition)) +
  geom_rect(xmin=160, xmax=216, ymin=7.5, ymax=-8, color = &#39;grey75&#39;, fill=&#39;black&#39;, alpha=0, linetype=&#39;longdash&#39;) +
  geom_rect(xmin=270, xmax=370, ymin=7.5, ymax=-8, color = &#39;grey75&#39;, fill=&#39;black&#39;, alpha=0, linetype=&#39;longdash&#39;) +
  geom_rect(xmin=350, xmax=550, ymin=8, ymax=-7.5, color = &#39;grey75&#39;, fill=&#39;black&#39;, alpha=0, linetype=&#39;longdash&#39;) +
  geom_rect(xmin=500, xmax=750, ymin=7.5, ymax=-8, color = &#39;grey75&#39;, fill=&#39;black&#39;, alpha=0, linetype=&#39;longdash&#39;) +
  geom_line(size=1, alpha = 1) + scale_linetype_manual(values=colours) +
  scale_y_continuous(limits=c(-8.38, 8.3), breaks=seq(-8,8,by=1), expand = c(0,0.1)) +
  scale_x_continuous(limits=c(-208,808),breaks=seq(-200,800,by=100), expand = c(0.005,0), labels= c(&#39;-200&#39;,&#39;-100 ms&#39;,&#39;0&#39;,&#39;100 ms&#39;,&#39;200&#39;,&#39;300 ms&#39;,&#39;400&#39;,&#39;500 ms&#39;,&#39;600&#39;,&#39;700 ms&#39;,&#39;800&#39;)) +
  ggtitle(spec_title) + theme_bw() + geom_vline(xintercept=0) +
  annotate(geom=&#39;segment&#39;, y=seq(-8,8,1), yend=seq(-8,8,1), x=-4, xend=8, color=&#39;black&#39;) +
  annotate(geom=&#39;segment&#39;, y=-8.2, yend=-8.38, x=seq(-200,800,100), xend=seq(-200,800,100), color=&#39;black&#39;) +
  geom_segment(x = -200, y = 0, xend = 800, yend = 0, size=0.5, color=&#39;black&#39;) +
  theme(legend.position = c(0.100, 0.150), legend.background = element_rect(fill=&#39;#EEEEEE&#39;, size=0),
	axis.title=element_blank(), legend.key.width = unit(1.2,&#39;cm&#39;), legend.text=element_text(size=17),
	legend.title = element_text(size=17, face=&#39;bold&#39;), plot.title= element_text(size=20, hjust = 0.5, vjust=2),
	axis.text.y = element_blank(), axis.text.x = element_text(size = 14, vjust= 2.12, face=&#39;bold&#39;, color = &#39;grey32&#39;, family=&#39;sans&#39;),
	axis.ticks=element_blank(), panel.border = element_blank(), panel.grid.major = element_blank(), 
	panel.grid.minor = element_blank(), plot.margin = unit(c(0.1,0.1,0,0), &#39;cm&#39;)) +
  annotate(&#39;segment&#39;, x=160, xend=216, y=-8, yend=-8, colour = &#39;grey75&#39;, size = 1.5) +
  annotate(&#39;segment&#39;, x=270, xend=370, y=-8, yend=-8, colour = &#39;grey75&#39;, size = 1.5) +
  annotate(&#39;segment&#39;, x=350, xend=550, y=-7.5, yend=-7.5, colour = &#39;grey75&#39;, size = 1.5) +
  annotate(&#39;segment&#39;, x=500, xend=750, y=-8, yend=-8, colour = &#39;grey75&#39;, size = 1.5) +
  scale_fill_manual(name = &#39;Context / Target trial&#39;, values=colours) +
  scale_color_manual(name = &#39;Context / Target trial&#39;, values=colours) +
  guides(linetype=guide_legend(override.aes = list(size=1.2))) +
   guides(color=guide_legend(override.aes = list(size=2.5))) +
# Print y axis labels within plot area:
  annotate(&#39;text&#39;, label = expression(bold(&#39;\u2013&#39; * &#39;3 &#39; * &#39;\u03bc&#39; * &#39;V&#39;)), x = -29, y = 3, size = 4.5, color = &#39;grey32&#39;, family=&#39;sans&#39;) +
  annotate(&#39;text&#39;, label = expression(bold(&#39;+3 &#39; * &#39;\u03bc&#39; * &#39;V&#39;)), x = -29, y = -3, size = 4.5, color = &#39;grey32&#39;, family=&#39;sans&#39;) +
  annotate(&#39;text&#39;, label = expression(bold(&#39;\u2013&#39; * &#39;6 &#39; * &#39;\u03bc&#39; * &#39;V&#39;)), x = -29, y = 6, size = 4.5, color = &#39;grey32&#39;, family=&#39;sans&#39;)

print(plot_GroupAndElectrode)

output$downloadPlot.1 &amp;lt;- downloadHandler(
	filename &amp;lt;- function(file){
	paste0(input$var.Group, &#39; group, electrode &#39;, input$var.Electrodes.1, &#39;, &#39;, Sys.Date(), &#39;.png&#39;)},
   	content &amp;lt;- function(file){
      		png(file, units=&#39;in&#39;, width=13, height=5, res=900)
      		print(plot_GroupAndElectrode)
      		dev.off()},
	contentType = &#39;image/png&#39;)
  } )
&lt;/code&gt;&lt;/pre&gt;
&lt;pre&gt;&lt;code&gt;# From ui.R script

downloadButton(&#39;downloadPlot.1&#39;, &#39;Download HD plot&#39;)
&lt;/code&gt;&lt;/pre&gt;
&lt;p&gt;&lt;strong&gt;&lt;em&gt;Easy to laugh now!&lt;/em&gt;&lt;/strong&gt;&lt;/p&gt;
&lt;p&gt;My experience with Shiny has been so good I&amp;rsquo;ve been sharing my experience. Yet, on my first crawling days, I spent an eternity stuck with this elephant in my room: &amp;ldquo;μ&amp;rdquo;. This &lt;em&gt;μ&lt;/em&gt; letter (micro-souvenir from hell, as I later knew it), was part of the labels of my plots. All I knew was that I could not deploy the app online, even while I could perfectly launch it locally in my laptop. So, I wondered what use was to deploy locally if I couldn&amp;rsquo;t publish the app?! Eventually, I read about UTF-8 encoding in one forum. Bless them forums. All I had to do was use &amp;ldquo;Âμ&amp;rdquo; instead of the single &amp;ldquo;μ&amp;rdquo;. A better option I found later was: &lt;code&gt;expression(&amp;quot;\u03bc&amp;quot;)&lt;/code&gt;.&lt;/p&gt;
&lt;p&gt;Beyond encoding issues, I had a tough time embedding images. You know, the &amp;lsquo;www&amp;rsquo; folder&amp;hellip; To be honest, I still haven&amp;rsquo;t handled the &amp;lsquo;www&amp;rsquo; way&amp;ndash;but where there&amp;rsquo;s a will there&amp;rsquo;s a way. I managed to include my images by uploading them to a website and then entering their URL in &amp;ldquo;img(src&amp;rdquo;, avoiding the use of folder paths.&lt;/p&gt;
&lt;pre&gt;&lt;code&gt;img(src=&amp;quot;https://preview.ibb.co/n7qiYR/EEG_montage.png 1&amp;quot;, height=500, width=1000)
&lt;/code&gt;&lt;/pre&gt;
&lt;p&gt;Long after I had built the app, I added another image&amp;ndash;the &lt;em&gt;favicon&lt;/em&gt; (the little icon on the browser tab).&lt;/p&gt;
&lt;pre&gt;&lt;code&gt;tags$head(tags$link(rel=&amp;quot;shortcut icon&amp;quot;, href=&amp;quot;https://image.ibb.co/fXUwzb/favic.png&amp;quot;)),  # web favicon
&lt;/code&gt;&lt;/pre&gt;
&lt;h3 id=&#34;reference&#34;&gt;Reference&lt;/h3&gt;
&lt;p&gt;Bernabeu, P., Willems, R. M., &amp;amp; Louwerse, M. M. (2017). Modality switch effects emerge early and increase throughout conceptual processing: Evidence from ERPs [Data dashboard]. Retrieved from &lt;a href=&#34;https://pablobernabeu.shinyapps.io/ERP-waveform-visualization_CMS-experiment/&#34;&gt;https://pablobernabeu.shinyapps.io/ERP-waveform-visualization_CMS-experiment/&lt;/a&gt;.&lt;/p&gt;
</description>
    </item>
    
    <item>
      <title>The case for data dashboards. First steps with R Shiny</title>
      <link>/2017/01/01/the-case-for-data-dashboards.-first-steps-with-r-shiny/</link>
      <pubDate>Sun, 01 Jan 2017 00:00:00 +0000</pubDate>
      <guid>/2017/01/01/the-case-for-data-dashboards.-first-steps-with-r-shiny/</guid>
      <description>


&lt;div id=&#34;dashboards-for-data-visualisation-such-as-r-shiny-and-tableau-allow-the-interactive-exploration-of-data-by-means-of-drop-down-lists-and-checkboxes-with-no-coding-required-from-the-final-users.-the-apps-can-be-useful-for-both-the-data-analyst-and-the-public.&#34; class=&#34;section level4&#34;&gt;
&lt;h4&gt;Dashboards for data visualisation, such as &lt;a href=&#34;https://shiny.rstudio.com/&#34;&gt;R Shiny&lt;/a&gt; and &lt;a href=&#34;https://www.tableau.com/&#34;&gt;Tableau&lt;/a&gt;, allow the interactive exploration of data by means of drop-down lists and checkboxes, with no coding required from the final users. The apps can be useful for both the data analyst and the public.&lt;/h4&gt;
&lt;p&gt;&lt;img style = &#34;float: right; margin-left: 30px;&#34; width = &#34;25%&#34; src=&#34;https://media-exp1.licdn.com/dms/image/C5612AQGK2MyRynkKQg/article-inline_image-shrink_1500_2232/0?e=1585785600&amp;v=beta&amp;t=zUzndOwgBfw72NytYfbHrQG9CD4Nh1PqqoI9YDAFtY0&#34; /&gt;&lt;/p&gt;
&lt;p&gt;Visualisation apps run on internet browsers. This allows for three options: private viewing (useful during analysis), selective sharing (used within work groups), or internet publication. Among the available platforms, &lt;a href=&#34;https://shiny.rstudio.com/&#34;&gt;R Shiny&lt;/a&gt; and &lt;a href=&#34;https://www.tableau.com/&#34;&gt;Tableau&lt;/a&gt; stand out due to being relatively accessible to new users. Apps serve a broad variety of purposes (see &lt;a href=&#34;https://shiny.rstudio.com/gallery/&#34;&gt;this gallery&lt;/a&gt; and &lt;a href=&#34;https://www.tableau.com/products/desktop&#34;&gt;this one&lt;/a&gt;). In science and beyond, these apps allow us to go &lt;a href=&#34;https://www.frontiersin.org/articles/10.3389/fpsyg.2015.01782/full&#34;&gt;the extra mile in sharing data&lt;/a&gt;. Alongside files and code shared in repositories, we can present the data in a website, in the form of plots or tables. This facilitates the public exploration of each section of the data (groups, participants, trials…) &lt;a href=&#34;https://www.nature.com/articles/d41586-019-01506-x&#34;&gt;to anyone interested, and allows researchers to account for their proceeding&lt;/a&gt; in the analysis.&lt;/p&gt;
&lt;p&gt;&lt;img width = &#39;70%&#39; src=&#39;https://media-exp1.licdn.com/dms/image/C4D12AQHYcdpmcmSypg/article-inline_image-shrink_1500_2232/0?e=1585785600&amp;v=beta&amp;t=0xfTYFRu_OsWN4lkwnO1IonW6HgAuJD79443sf1-4Ms&#39; /&gt;&lt;/p&gt;
&lt;p&gt;&lt;img style = &#34;float: right; margin-left: 30px;&#34; width = &#39;60%&#39; src=&#39;https://media-exp1.licdn.com/dms/image/C4D12AQHzuOJOCZBpTA/article-inline_image-shrink_1500_2232/0?e=1585785600&amp;v=beta&amp;t=duyn6c5MvUwZHuyua1JDKnPpqlhqpwqV4W5Ye2iDupg&#39; /&gt;&lt;/p&gt;
&lt;p&gt;Publishers and journals highly encourage authors to make the most of their data by facilitating its easy exploration by the readership–even though they don’t normally offer options for hosting web visualisations yet.&lt;/p&gt;
&lt;p&gt;Apps can also prove valuable to those analysing the data. For instance, my app helped me a lot in identifying the extent of noise in a section of the data. Instead of running through a heavy score of code, the drop-down lists of the app let me seamlessly surf through the different sections.&lt;/p&gt;
&lt;p&gt;&lt;img src=&#34;https://media-exp1.licdn.com/dms/image/C4D12AQGQ_a0WksT1xQ/article-inline_image-shrink_1500_2232/0?e=1585785600&amp;amp;v=beta&amp;amp;t=KGu7N65PWyU6Gc4YFxkDluxdhX2kdeYmsjeGWCMbCzY&#34; /&gt;&lt;/p&gt;
&lt;p&gt;At a certain point, I found a data section that was consistently noisier than the rest, and eventually I had to discard it from further statistical analyses. Yet, instead of removing that from the app, I maintained it with a note attached. This particular trait in the data was rather salient.&lt;/p&gt;
&lt;p&gt;&lt;img src=&#34;https://media-exp1.licdn.com/dms/image/C4D12AQG5xrI2EYhM1w/article-inline_image-shrink_1500_2232/0?e=1585785600&amp;amp;v=beta&amp;amp;t=bSeuYdlt1B1qko_-3z27MPPRDOpNJWHAjXS_UIN3bnU&#34; /&gt;&lt;/p&gt;
&lt;p&gt;Beyond such a salient feature in the data, a visualisation app may also help to spot subtler patterns such as third variables or individual differences.&lt;/p&gt;
&lt;p&gt;There are several platforms for creating apps (e.g., Tableau, D3.js, and R Shiny). I focus on R Shiny here for three reasons: it is affordable to use, fairly accessible to new users, and well suited for science as it is based on the R language (see for instance &lt;a href=&#34;https://doi.org/10.1080/10691898.2018.1436999&#34;&gt;this article&lt;/a&gt;).&lt;/p&gt;
&lt;/div&gt;
&lt;div id=&#34;how-to-shiny&#34; class=&#34;section level4&#34;&gt;
&lt;h4&gt;How to Shiny&lt;/h4&gt;
&lt;p&gt;&lt;img style = &#34;float: right; margin-left: 30px;&#34; width = &#39;30%&#39; src=&#39;https://media-exp1.licdn.com/dms/image/C4D12AQF9JEbpZQydZQ/article-inline_image-shrink_1000_1488/0?e=1585785600&amp;v=beta&amp;t=fWrIOYlCowIAIMaj-5GLcE7k_KfAInJtw77T0eL_Mhc&#39; /&gt;&lt;/p&gt;
&lt;p&gt;Shiny apps draw on any standard R code that you may already have. This is most commonly plots or tables, but other stuff such as images or Markdown texts are valid too. This is a nice thing to keep in mind when having to create a new app. Part of the job may already be done! The app is distributed among five different areas.&lt;/p&gt;
&lt;ul&gt;
&lt;li&gt;Data file(s)
These are whatever data files you’re using (e.g., with csv or rds extensions).&lt;/li&gt;
&lt;/ul&gt;
&lt;div id=&#34;a.-server.r-script&#34; class=&#34;section level5&#34;&gt;
&lt;h5&gt;1a. &lt;code&gt;server.R&lt;/code&gt; script&lt;/h5&gt;
&lt;p&gt;The &lt;code&gt;server&lt;/code&gt; script contains the central processes: plots, tables, etc. Code that existed independently of the app app may be brought into this script by slightly adapting it. At the top, call the &lt;code&gt;shiny&lt;/code&gt; library and any others used (e.g., ‘ggplot2’), and also read in the data. The snippet below shows the beginning of an example &lt;code&gt;server.R&lt;/code&gt; script.&lt;/p&gt;
&lt;pre&gt;&lt;code&gt;
# server

library(shiny)
library(ggplot2)

EEG.ParticipantAndElectrode = readRDS(&amp;#39;EEG.ParticipantAndElectrode.rds&amp;#39;)
EEG.ParticipantAndBrainArea = readRDS(&amp;#39;EEG.ParticipantAndBrainArea.rds&amp;#39;)
EEG.GroupAndElectrode = readRDS(&amp;#39;EEG.GroupAndElectrode.rds&amp;#39;)
EEG.OLDGroupAndElectrode = readRDS(&amp;#39;EEG.OLDGroupAndElectrode.rds&amp;#39;)


server =

shinyServer(

  function(input, output) {

# plot_GroupAndElectrode:
    output$plot_GroupAndElectrode &amp;lt;- renderPlot({

dfelectrode &amp;lt;- aggregate(microvolts ~ electrode*time*condition, 
EEG.GroupAndElectrode[EEG.GroupAndElectrode$RT.based_Groups==input$var.Group,], mean)

df2 &amp;lt;- subset(dfelectrode, electrode == input$var.Electrodes.1)

df2$condition= as.factor(df2$condition)
df2$condition &amp;lt;- gsub(&amp;#39;visual2visual&amp;#39;, &amp;#39; Visual / Visual&amp;#39;, df2$condition)
df2$condition &amp;lt;- gsub(&amp;#39;haptic2visual&amp;#39;, &amp;#39; Haptic / Visual&amp;#39;, df2$condition)
df2$condition &amp;lt;- gsub(&amp;#39;auditory2visual&amp;#39;, &amp;#39; Auditory / Visual&amp;#39;, df2$condition)

df2$time &amp;lt;- as.integer(as.character(df2$time))
colours &amp;lt;- c(&amp;#39;firebrick1&amp;#39;, &amp;#39;dodgerblue&amp;#39;, &amp;#39;forestgreen&amp;#39;)
# green:visual2visual, blue:haptic2visual, red:auditory2visual

spec_title = paste0(&amp;#39;ERP waveforms for &amp;#39;, input$var.Group, &amp;#39; Group, Electrode &amp;#39;, input$var.Electrodes.1, &amp;#39; (negative values upward; time windows displayed)&amp;#39;)

plot_GroupAndElectrode = ggplot(df2, aes(x=time, y=-microvolts, color=condition)) +
  geom_rect(xmin=160, xmax=216, ymin=7.5, ymax=-8, color = &amp;#39;grey75&amp;#39;, fill=&amp;#39;black&amp;#39;, alpha=0, linetype=&amp;#39;longdash&amp;#39;) +
  geom_rect(xmin=270, xmax=370, ymin=7.5, ymax=-8, color = &amp;#39;grey75&amp;#39;, fill=&amp;#39;black&amp;#39;, alpha=0, linetype=&amp;#39;longdash&amp;#39;) +
  geom_rect(xmin=350, xmax=550, ymin=8, ymax=-7.5, color = &amp;#39;grey75&amp;#39;, fill=&amp;#39;black&amp;#39;, alpha=0, linetype=&amp;#39;longdash&amp;#39;) +
  geom_rect(xmin=500, xmax=750, ymin=7.5, ymax=-8, color = &amp;#39;grey75&amp;#39;, fill=&amp;#39;black&amp;#39;, alpha=0, linetype=&amp;#39;longdash&amp;#39;) +
  geom_line(size=1, alpha = 1) + scale_linetype_manual(values=colours) +
  scale_y_continuous(limits=c(-8.38, 8.3), breaks=seq(-8,8,by=1), expand = c(0,0.1)) +
  scale_x_continuous(limits=c(-208,808),breaks=seq(-200,800,by=100), expand = c(0.005,0), labels= c(&amp;#39;-200&amp;#39;,&amp;#39;-100 ms&amp;#39;,&amp;#39;0&amp;#39;,&amp;#39;100 ms&amp;#39;,&amp;#39;200&amp;#39;,&amp;#39;300 ms&amp;#39;,&amp;#39;400&amp;#39;,&amp;#39;500 ms&amp;#39;,&amp;#39;600&amp;#39;,&amp;#39;700 ms&amp;#39;,&amp;#39;800&amp;#39;)) +
  ggtitle(spec_title) + theme_bw() + geom_vline(xintercept=0) +
  annotate(geom=&amp;#39;segment&amp;#39;, y=seq(-8,8,1), yend=seq(-8,8,1), x=-4, xend=8, color=&amp;#39;black&amp;#39;) +
  annotate(geom=&amp;#39;segment&amp;#39;, y=-8.2, yend=-8.38, x=seq(-200,800,100), xend=seq(-200,800,100), color=&amp;#39;black&amp;#39;) +
  geom_segment(x = -200, y = 0, xend = 800, yend = 0, size=0.5, color=&amp;#39;black&amp;#39;) +
  theme(legend.position = c(0.100, 0.150), legend.background = element_rect(fill=&amp;#39;#EEEEEE&amp;#39;, size=0),
    axis.title=element_blank(), legend.key.width = unit(1.2,&amp;#39;cm&amp;#39;), legend.text=element_text(size=17),
    legend.title = element_text(size=17, face=&amp;#39;bold&amp;#39;), plot.title= element_text(size=20, hjust = 0.5, vjust=2),
    axis.text.y = element_blank(), axis.text.x = element_text(size = 14, vjust= 2.12, face=&amp;#39;bold&amp;#39;, color = &amp;#39;grey32&amp;#39;, family=&amp;#39;sans&amp;#39;),
    axis.ticks=element_blank(), panel.border = element_blank(), panel.grid.major = element_blank(), 
    panel.grid.minor = element_blank(), plot.margin = unit(c(0.1,0.1,0,0), &amp;#39;cm&amp;#39;)) +
  annotate(&amp;#39;segment&amp;#39;, x=160, xend=216, y=-8, yend=-8, colour = &amp;#39;grey75&amp;#39;, size = 1.5) +
  annotate(&amp;#39;segment&amp;#39;, x=270, xend=370, y=-8, yend=-8, colour = &amp;#39;grey75&amp;#39;, size = 1.5) +
  annotate(&amp;#39;segment&amp;#39;, x=350, xend=550, y=-7.5, yend=-7.5, colour = &amp;#39;grey75&amp;#39;, size = 1.5) +
  annotate(&amp;#39;segment&amp;#39;, x=500, xend=750, y=-8, yend=-8, colour = &amp;#39;grey75&amp;#39;, size = 1.5) +
  scale_fill_manual(name = &amp;#39;Context / Target trial&amp;#39;, values=colours) +
  scale_color_manual(name = &amp;#39;Context / Target trial&amp;#39;, values=colours) +
  guides(linetype=guide_legend(override.aes = list(size=1.2))) +
   guides(color=guide_legend(override.aes = list(size=2.5))) +
# Print y axis labels within plot area:
  annotate(&amp;#39;text&amp;#39;, label = expression(bold(&amp;#39;\u2013&amp;#39; * &amp;#39;3 &amp;#39; * &amp;#39;\u03bc&amp;#39; * &amp;#39;V&amp;#39;)), x = -29, y = 3, size = 4.5, color = &amp;#39;grey32&amp;#39;, family=&amp;#39;sans&amp;#39;) +
  annotate(&amp;#39;text&amp;#39;, label = expression(bold(&amp;#39;+3 &amp;#39; * &amp;#39;\u03bc&amp;#39; * &amp;#39;V&amp;#39;)), x = -29, y = -3, size = 4.5, color = &amp;#39;grey32&amp;#39;, family=&amp;#39;sans&amp;#39;) +
  annotate(&amp;#39;text&amp;#39;, label = expression(bold(&amp;#39;\u2013&amp;#39; * &amp;#39;6 &amp;#39; * &amp;#39;\u03bc&amp;#39; * &amp;#39;V&amp;#39;)), x = -29, y = 6, size = 4.5, color = &amp;#39;grey32&amp;#39;, family=&amp;#39;sans&amp;#39;)

print(plot_GroupAndElectrode)

output$downloadPlot.1 &amp;lt;- downloadHandler(
    filename &amp;lt;- function(file){
    paste0(input$var.Group, &amp;#39; group, electrode &amp;#39;, input$var.Electrodes.1, &amp;#39;, &amp;#39;, Sys.Date(), &amp;#39;.png&amp;#39;)},
    content &amp;lt;- function(file){
            png(file, units=&amp;#39;in&amp;#39;, width=13, height=5, res=900)
            print(plot_GroupAndElectrode)
            dev.off()},
    contentType = &amp;#39;image/png&amp;#39;)
  } )

# ...
&lt;/code&gt;&lt;/pre&gt;
&lt;p&gt;&lt;a href=&#34;https://osf.io/uj8z4/&#34;&gt;— Whole script&lt;/a&gt;&lt;/p&gt;
&lt;/div&gt;
&lt;div id=&#34;b.-ui.r-script&#34; class=&#34;section level5&#34;&gt;
&lt;h5&gt;1b. &lt;code&gt;ui.R&lt;/code&gt; script&lt;/h5&gt;
&lt;p&gt;The &lt;code&gt;ui&lt;/code&gt; script defines the user interface. For instance, a factor column in the data that has multiple categories may be neatly displayed with a drop-down list on the side bar of the website. The interface may present a central plot before by a legend key below. The snippet below shows the beginning of an example &lt;code&gt;ui.R&lt;/code&gt; script.&lt;/p&gt;
&lt;pre&gt;&lt;code&gt;
# UI

library(shiny)
library(ggplot2)

EEG.GroupAndElectrode = readRDS(&amp;#39;EEG.GroupAndElectrode.rds&amp;#39;)
EEG.ParticipantAndBrainArea = readRDS(&amp;#39;EEG.ParticipantAndBrainArea.rds&amp;#39;)
EEG.ParticipantAndElectrode = readRDS(&amp;#39;EEG.ParticipantAndElectrode.rds&amp;#39;)
EEG.OLDGroupAndElectrode = readRDS(&amp;#39;EEG.OLDGroupAndElectrode.rds&amp;#39;)


ui =

shinyUI(

   fluidPage(

    tags$head(includeHTML(&amp;#39;google-analytics.html&amp;#39;)),    # Google Analytics tag
    tags$head(tags$link(rel=&amp;#39;shortcut icon&amp;#39;, href=&amp;#39;https://image.ibb.co/fXUwzb/favic.png&amp;#39;)),  # web favicon
    tags$meta(charset=&amp;#39;UTF-8&amp;#39;),
    tags$meta(name=&amp;#39;description&amp;#39;, content=&amp;#39;This R Shiny visualisation dashboard presents data from a psycholinguistic ERP experiment (Bernabeu et al., 2017).&amp;#39;),
    tags$meta(name=&amp;#39;keywords&amp;#39;, content=&amp;#39;R, Shiny, ggplot2, visualisation, data, psycholinguistics, conceptual processing, modality switch, embodied cognition&amp;#39;),
    tags$meta(name=&amp;#39;viewport&amp;#39;, content=&amp;#39;width=device-width, initial-scale=1.0&amp;#39;),
    tags$meta(name=&amp;#39;google-site-verification&amp;#39;, content=&amp;#39;HgyhSO1YSk59r3mwlZU9XmouP5oSXmoICeRfH6ytF1k&amp;#39;),  # Google Search Console tag

    titlePanel(h3(strong(&amp;#39;Waveforms in detail from an ERP experiment on the Conceptual Modality Switch&amp;#39;), a(&amp;#39;(Bernabeu et al., 2017)&amp;#39;,
    href=&amp;#39;https://figshare.com/articles/EEG_study_on_conceptual_modality-switching_Bernabeu_et_al_in_prep_/4210863&amp;#39;, target=&amp;#39;_blank&amp;#39;,
    style = &amp;#39;color:#3E454E; text-decoration:underline; font-weight:normal&amp;#39;),    align = &amp;#39;center&amp;#39;, style = &amp;#39;color:black&amp;#39;),

    windowTitle = &amp;#39;Visualization of ERP waveforms from experiment on Conceptual Modality Switch (Bernabeu et al., 2017)&amp;#39;),


    sidebarLayout(
    sidebarPanel(width = 2,


# Condition 1 for reactivity between tabs and sidebars

   conditionalPanel(
    condition = &amp;#39;input.tabvals == 1&amp;#39;,

    h5(a(strong(&amp;#39;See paper, statistics, all data.&amp;#39;), &amp;#39;Plots by group and brain area shown in paper.&amp;#39;,
    href=&amp;#39;https://figshare.com/articles/EEG_study_on_conceptual_modality-switching_Bernabeu_et_al_in_prep_/4210863&amp;#39;,
    target=&amp;#39;_blank&amp;#39;), align = &amp;#39;center&amp;#39;),
br(),

    selectInput(&amp;#39;var.Group&amp;#39;, label = &amp;#39;Group&amp;#39;, choices = list(&amp;#39;Quick&amp;#39;,&amp;#39;Slow&amp;#39;), selected = &amp;#39;Quick&amp;#39;),
    h6(&amp;#39;Quick G.: 23 participants&amp;#39;),
    h6(&amp;#39;Slow G.: 23 participants&amp;#39;),
br(),

    selectInput(&amp;#39;var.Electrodes.1&amp;#39;, label = h5(strong(&amp;#39;Electrode&amp;#39;), br(), &amp;#39;(see montage below)&amp;#39;),
                  choices = list(&amp;#39;1&amp;#39;,&amp;#39;2&amp;#39;,&amp;#39;3&amp;#39;,&amp;#39;4&amp;#39;,&amp;#39;5&amp;#39;,&amp;#39;6&amp;#39;,&amp;#39;7&amp;#39;,&amp;#39;8&amp;#39;,&amp;#39;9&amp;#39;,&amp;#39;10&amp;#39;,
            &amp;#39;11&amp;#39;,&amp;#39;12&amp;#39;,&amp;#39;13&amp;#39;,&amp;#39;14&amp;#39;,&amp;#39;15&amp;#39;,&amp;#39;16&amp;#39;,&amp;#39;17&amp;#39;,&amp;#39;18&amp;#39;,&amp;#39;19&amp;#39;,&amp;#39;20&amp;#39;,&amp;#39;21&amp;#39;,
            &amp;#39;22&amp;#39;,&amp;#39;23&amp;#39;,&amp;#39;24&amp;#39;,&amp;#39;25&amp;#39;,&amp;#39;26&amp;#39;,&amp;#39;27&amp;#39;,&amp;#39;28&amp;#39;,&amp;#39;29&amp;#39;,&amp;#39;30&amp;#39;,&amp;#39;31&amp;#39;,&amp;#39;33&amp;#39;,
            &amp;#39;34&amp;#39;,&amp;#39;35&amp;#39;,&amp;#39;36&amp;#39;,&amp;#39;37&amp;#39;,&amp;#39;38&amp;#39;,&amp;#39;39&amp;#39;,&amp;#39;40&amp;#39;,&amp;#39;41&amp;#39;,&amp;#39;42&amp;#39;,&amp;#39;43&amp;#39;,&amp;#39;44&amp;#39;,
            &amp;#39;45&amp;#39;,&amp;#39;46&amp;#39;,&amp;#39;47&amp;#39;,&amp;#39;48&amp;#39;,&amp;#39;49&amp;#39;,&amp;#39;50&amp;#39;,&amp;#39;51&amp;#39;,&amp;#39;52&amp;#39;,&amp;#39;53&amp;#39;,&amp;#39;54&amp;#39;,&amp;#39;55&amp;#39;,
            &amp;#39;56&amp;#39;,&amp;#39;57&amp;#39;,&amp;#39;58&amp;#39;,&amp;#39;59&amp;#39;,&amp;#39;60&amp;#39;), selected = &amp;#39;30&amp;#39; ),
br(), br(),

    h6(&amp;#39;Source code:&amp;#39;),
    h6(strong(&amp;#39;-  &amp;#39;), a(&amp;#39;server.R&amp;#39;, href=&amp;#39;https://osf.io/uj8z4/&amp;#39;, target=&amp;#39;_blank&amp;#39;, style = &amp;#39;text-decoration: underline;&amp;#39;)),
    h6(strong(&amp;#39;-  &amp;#39;), a(&amp;#39;ui.R&amp;#39;, href=&amp;#39;https://osf.io/8bwcx/&amp;#39;, target=&amp;#39;_blank&amp;#39;, style = &amp;#39;text-decoration: underline;&amp;#39;)),
br(),
    h6(a(&amp;#39;CC-By 4.0 License&amp;#39;, href=&amp;#39;https://osf.io/97unm/&amp;#39;, target=&amp;#39;_blank&amp;#39;), align = &amp;#39;center&amp;#39;, style = &amp;#39;text-decoration: underline;&amp;#39;),

br(), br(), br(), br(), br(), br(), br(), br(), br(), br(), br(), br(), br(), br(),
br(), br(), br(), br(), br(), br(), br(), br(), br(), br(), br(), br(), br(), br(), br(), br(), br(), br(),

    h5(a(strong(&amp;#39;See paper, statistics, all data.&amp;#39;),
    href=&amp;#39;https://figshare.com/articles/EEG_study_on_conceptual_modality-switching_Bernabeu_et_al_in_prep_/4210863&amp;#39;,
    target=&amp;#39;_blank&amp;#39;), align = &amp;#39;center&amp;#39;),
br(), br(), br(), br(), br(), br(), br(), br()
),

# ...
&lt;/code&gt;&lt;/pre&gt;
&lt;p&gt;&lt;a href=&#34;https://osf.io/8bwcx&#34;&gt;— Whole script&lt;/a&gt;&lt;/p&gt;
&lt;/div&gt;
&lt;div id=&#34;deployment-and-logs&#34; class=&#34;section level5&#34;&gt;
&lt;h5&gt;2. Deployment and logs&lt;/h5&gt;
&lt;p&gt;This script contains the commands for deploying the app on- or off-line, and for checking the session logs in case of any errors.&lt;/p&gt;
&lt;/div&gt;
&lt;div id=&#34;automatically-created-folder&#34; class=&#34;section level5&#34;&gt;
&lt;h5&gt;3. Automatically created folder&lt;/h5&gt;
&lt;p&gt;When the app is first deployed on the internet, a subfolder is automatically created with the name ‘rsconnect’. This folder contains a text file which can be used to modify the URL and the title of the webpage.&lt;/p&gt;
&lt;p&gt;Steps to create a Shiny app from scratch:&lt;/p&gt;
&lt;p&gt;&lt;a href=&#34;https://shiny.rstudio.com/articles/shinyapps.html&#34;&gt;&lt;strong&gt;1. Tutorials (link).&lt;/strong&gt; Being open-source software, excellent directions are available through a Google search.&lt;/a&gt;&lt;/p&gt;
&lt;p&gt;&lt;img src=&#34;https://media-exp1.licdn.com/dms/image/C4D12AQGIWUkkDbIJHw/article-inline_image-shrink_1500_2232/0?e=1585785600&amp;amp;v=beta&amp;amp;t=hdYkLYrvC3-NHklASAMh4JRL2s7fllQIpzNW8hbsPzA&#34; /&gt;&lt;/p&gt;
&lt;p&gt;&lt;a href=&#34;https://shiny.rstudio.com/articles/shinyapps.html&#34;&gt;The core ideas are:&lt;/a&gt;&lt;/p&gt;
&lt;p&gt;As mentioned above, create a &lt;code&gt;ui.R&lt;/code&gt; script for the code containing the user interface, and create a &lt;code&gt;server.R&lt;/code&gt; script for the code containing the main content (your plots / tables, etc).&lt;/p&gt;
&lt;p&gt;At the top of both ui.R and server.R scripts, enter the command &lt;code&gt;library(shiny)&lt;/code&gt; and also load any other libraries you’re using (e.g., &lt;code&gt;ggplot2&lt;/code&gt;).&lt;/p&gt;
&lt;p&gt;Test your app by deploying it locally, before launching online. For this purpose, first save the &lt;code&gt;ui&lt;/code&gt; and &lt;code&gt;server&lt;/code&gt; parts independently, as in:&lt;/p&gt;
&lt;pre&gt;&lt;code&gt;
ui =

 shinyUI(

   fluidPage(

# ...
&lt;/code&gt;&lt;/pre&gt;
&lt;p&gt;Then deploy locally by running:&lt;/p&gt;
&lt;pre&gt;&lt;code&gt;shinyApp(ui, server)&lt;/code&gt;&lt;/pre&gt;
&lt;p&gt;Managing to run the app locally is a great first step before launching online (which may sometimes prove a bit trickier).&lt;/p&gt;
&lt;p&gt;&lt;a href=&#34;https://shiny.rstudio.com/articles/shinyapps.html&#34;&gt;&lt;strong&gt;2. User token (link).&lt;/strong&gt; Sign up and read in your private key—just to be done once in a computer.&lt;/a&gt;&lt;/p&gt;
&lt;p&gt;&lt;strong&gt;3. Go for it.&lt;/strong&gt; After locally testing and saving the two main scripts (&lt;code&gt;ui.R&lt;/code&gt; and &lt;code&gt;server.R&lt;/code&gt;), run &lt;code&gt;deployApp()&lt;/code&gt; to launch the app online.&lt;/p&gt;
&lt;p&gt;&lt;strong&gt;4. Bugs and session logs.&lt;/strong&gt; Most often they won’t be bugs actually, but fancies, as it were. For instance, some special characters have to get even more special (technically, UTF-8 encoding). For a character such as ‘μ’, Shiny prefers ‘Âμ’, or better, the Javascript code:&lt;/p&gt;
&lt;pre&gt;&lt;code&gt;expression(&amp;quot;\u03bc&amp;quot;)&lt;/code&gt;&lt;/pre&gt;
&lt;p&gt;Cling to your logs by calling the line below, which you may keep at hand in your ‘Shiny deployer.R’ script.&lt;/p&gt;
&lt;pre&gt;&lt;code&gt;showLogs(appPath = getwd(), appFile = NULL, appName = NULL, account = NULL,
entries = 50, streaming = FALSE)&lt;/code&gt;&lt;/pre&gt;
&lt;p&gt;At best, the log output will mention any typos and unaccepted characters, pointing to specific lines in your code.&lt;/p&gt;
&lt;p&gt;It may take a couple of intense days to get a first Shiny app running. Although the usual rabbit holes do exist, years of Shiny have already yielded a sizeable body of free resources online (tutorials, blogs, vlogs). Moreover, there’s also &lt;a href=&#34;https://community.rstudio.com/&#34;&gt;the RStudio Community&lt;/a&gt;, and then StackOverflow etc., where you can post any needs/despair. Post your code, log, and explanation, and you’ll be rescued out in a couple of days. Long live those contributors.&lt;/p&gt;
&lt;p&gt;It’s sometimes enough to upload a bare app, but you might then think it can look better.&lt;/p&gt;
&lt;p&gt;&lt;strong&gt;5&lt;/strong&gt; (optional). &lt;strong&gt;Advance.&lt;/strong&gt; Use tabs to combine multiple apps on one webpage, use different widgets, include a download option, etc. Tutorials like &lt;a href=&#34;https://www.youtube.com/watch?v=Q9sRKkaNveI&#34;&gt;this one on Youtube&lt;/a&gt; can take you there, especially those that provide the code, as in the description of that video. Use those scripts as templates. For example, I made use of tabs on the top of the dashboard in order to keep the side bar from having too many widgets. The appearance of these tabs can be adjusted. More importantly, the inputs in the sidebar can be modified depending on the active tab, by means of ‘reactivity’ conditions.&lt;/p&gt;
&lt;pre&gt;&lt;code&gt;
mainPanel(

    tags$style(HTML(&amp;#39;
        .tabbable &amp;gt; .nav &amp;gt; li &amp;gt; a                       {background-color:white; color:#3E454E}
        .tabbable &amp;gt; .nav &amp;gt; li &amp;gt; a:hover                 {background-color:#002555; color:white}
        .tabbable &amp;gt; .nav &amp;gt; li[class=active] &amp;gt; a         {background-color:#ECF4FF; color:black}
        .tabbable &amp;gt; .nav &amp;gt; li[class=active] &amp;gt; a:hover   {background-color:#E7F1FF; color:black}
    &amp;#39;)),

    tabsetPanel(id=&amp;#39;tabvals&amp;#39;,

            tabPanel(value=1, h4(strong(&amp;#39;Group &amp;amp; Electrode&amp;#39;)), br(), plotOutput(&amp;#39;plot_GroupAndElectrode&amp;#39;),
            h5(a(strong(&amp;#39;See plots with 95% Confidence Intervals&amp;#39;), href=&amp;#39;https://osf.io/2tpxn/&amp;#39;,
            target=&amp;#39;_blank&amp;#39;), style=&amp;#39;text-decoration: underline;&amp;#39;), 
            downloadButton(&amp;#39;downloadPlot.1&amp;#39;, &amp;#39;Download HD plot&amp;#39;), br(), br(),
            # EEG montage
            img(src=&amp;#39;https://preview.ibb.co/n7qiYR/EEG_montage.png&amp;#39;, height=500, width=1000)),

            tabPanel(value=2, h4(strong(&amp;#39;Participant &amp;amp; Area&amp;#39;)), br(), plotOutput(&amp;#39;plot_ParticipantAndLocation&amp;#39;),
            h5(a(strong(&amp;#39;See plots with 95% Confidence Intervals&amp;#39;), href=&amp;#39;https://osf.io/86ch9/&amp;#39;,
            target=&amp;#39;_blank&amp;#39;), style=&amp;#39;text-decoration: underline;&amp;#39;), 
            downloadButton(&amp;#39;downloadPlot.2&amp;#39;, &amp;#39;Download HD plot&amp;#39;), br(), br(),
            # EEG montage
            img(src=&amp;#39;https://preview.ibb.co/n7qiYR/EEG_montage.png&amp;#39;, height=500, width=1000)),

            tabPanel(value=3, h4(strong(&amp;#39;Participant &amp;amp; Electrode&amp;#39;)), br(), plotOutput(&amp;#39;plot_ParticipantAndElectrode&amp;#39;),
            br(), downloadButton(&amp;#39;downloadPlot.3&amp;#39;, &amp;#39;Download HD plot&amp;#39;), br(), br(),
            # EEG montage
            img(src=&amp;#39;https://preview.ibb.co/n7qiYR/EEG_montage.png&amp;#39;, height=500, width=1000)),

            tabPanel(value=4, h4(strong(&amp;#39;OLD Group &amp;amp; Electrode&amp;#39;)), br(), plotOutput(&amp;#39;plot_OLDGroupAndElectrode&amp;#39;),
            h5(a(strong(&amp;#39;See plots with 95% Confidence Intervals&amp;#39;), href=&amp;#39;https://osf.io/dvs2z/&amp;#39;,
            target=&amp;#39;_blank&amp;#39;), style=&amp;#39;text-decoration: underline;&amp;#39;), 
            downloadButton(&amp;#39;downloadPlot.4&amp;#39;, &amp;#39;Download HD plot&amp;#39;), br(), br(),
            # EEG montage
            img(src=&amp;#39;https://preview.ibb.co/n7qiYR/EEG_montage.png&amp;#39;, height=500, width=1000))
    ),
&lt;/code&gt;&lt;/pre&gt;
&lt;p&gt;&lt;br&gt;&lt;/p&gt;
&lt;p&gt;The &lt;a href=&#34;https://shiny.rstudio.com/gallery/&#34;&gt;official Shiny gallery&lt;/a&gt; offers a great array of apps including their code (e.g., &lt;a href=&#34;https://shiny.rstudio.com/gallery/kmeans-example.html&#34;&gt;basic example&lt;/a&gt;). Another feature you may add is the option to download your plots, tables, data…&lt;/p&gt;
&lt;pre&gt;&lt;code&gt;
# In ui.R script

downloadButton(&amp;#39;downloadPlot.1&amp;#39;, &amp;#39;Download HD plot&amp;#39;)

#___________________________________________________


# In server.R script

spec_title = paste0(&amp;#39;ERP waveforms for &amp;#39;, input$var.Group, &amp;#39; Group, Electrode &amp;#39;, input$var.Electrodes.1, &amp;#39; (negative values upward; time windows displayed)&amp;#39;)

plot_GroupAndElectrode = ggplot(df2, aes(x=time, y=-microvolts, color=condition)) +
  geom_rect(xmin=160, xmax=216, ymin=7.5, ymax=-8, color = &amp;#39;grey75&amp;#39;, fill=&amp;#39;black&amp;#39;, alpha=0, linetype=&amp;#39;longdash&amp;#39;) +
  geom_rect(xmin=270, xmax=370, ymin=7.5, ymax=-8, color = &amp;#39;grey75&amp;#39;, fill=&amp;#39;black&amp;#39;, alpha=0, linetype=&amp;#39;longdash&amp;#39;) +
  geom_rect(xmin=350, xmax=550, ymin=8, ymax=-7.5, color = &amp;#39;grey75&amp;#39;, fill=&amp;#39;black&amp;#39;, alpha=0, linetype=&amp;#39;longdash&amp;#39;) +
  geom_rect(xmin=500, xmax=750, ymin=7.5, ymax=-8, color = &amp;#39;grey75&amp;#39;, fill=&amp;#39;black&amp;#39;, alpha=0, linetype=&amp;#39;longdash&amp;#39;) +
  geom_line(size=1, alpha = 1) + scale_linetype_manual(values=colours) +
  scale_y_continuous(limits=c(-8.38, 8.3), breaks=seq(-8,8,by=1), expand = c(0,0.1)) +
  scale_x_continuous(limits=c(-208,808),breaks=seq(-200,800,by=100), expand = c(0.005,0), labels= c(&amp;#39;-200&amp;#39;,&amp;#39;-100 ms&amp;#39;,&amp;#39;0&amp;#39;,&amp;#39;100 ms&amp;#39;,&amp;#39;200&amp;#39;,&amp;#39;300 ms&amp;#39;,&amp;#39;400&amp;#39;,&amp;#39;500 ms&amp;#39;,&amp;#39;600&amp;#39;,&amp;#39;700 ms&amp;#39;,&amp;#39;800&amp;#39;)) +
  ggtitle(spec_title) + theme_bw() + geom_vline(xintercept=0) +
  annotate(geom=&amp;#39;segment&amp;#39;, y=seq(-8,8,1), yend=seq(-8,8,1), x=-4, xend=8, color=&amp;#39;black&amp;#39;) +
  annotate(geom=&amp;#39;segment&amp;#39;, y=-8.2, yend=-8.38, x=seq(-200,800,100), xend=seq(-200,800,100), color=&amp;#39;black&amp;#39;) +
  geom_segment(x = -200, y = 0, xend = 800, yend = 0, size=0.5, color=&amp;#39;black&amp;#39;) +
  theme(legend.position = c(0.100, 0.150), legend.background = element_rect(fill=&amp;#39;#EEEEEE&amp;#39;, size=0),
    axis.title=element_blank(), legend.key.width = unit(1.2,&amp;#39;cm&amp;#39;), legend.text=element_text(size=17),
    legend.title = element_text(size=17, face=&amp;#39;bold&amp;#39;), plot.title= element_text(size=20, hjust = 0.5, vjust=2),
    axis.text.y = element_blank(), axis.text.x = element_text(size = 14, vjust= 2.12, face=&amp;#39;bold&amp;#39;, color = &amp;#39;grey32&amp;#39;, family=&amp;#39;sans&amp;#39;),
    axis.ticks=element_blank(), panel.border = element_blank(), panel.grid.major = element_blank(), 
    panel.grid.minor = element_blank(), plot.margin = unit(c(0.1,0.1,0,0), &amp;#39;cm&amp;#39;)) +
  annotate(&amp;#39;segment&amp;#39;, x=160, xend=216, y=-8, yend=-8, colour = &amp;#39;grey75&amp;#39;, size = 1.5) +
  annotate(&amp;#39;segment&amp;#39;, x=270, xend=370, y=-8, yend=-8, colour = &amp;#39;grey75&amp;#39;, size = 1.5) +
  annotate(&amp;#39;segment&amp;#39;, x=350, xend=550, y=-7.5, yend=-7.5, colour = &amp;#39;grey75&amp;#39;, size = 1.5) +
  annotate(&amp;#39;segment&amp;#39;, x=500, xend=750, y=-8, yend=-8, colour = &amp;#39;grey75&amp;#39;, size = 1.5) +
  scale_fill_manual(name = &amp;#39;Context / Target trial&amp;#39;, values=colours) +
  scale_color_manual(name = &amp;#39;Context / Target trial&amp;#39;, values=colours) +
  guides(linetype=guide_legend(override.aes = list(size=1.2))) +
   guides(color=guide_legend(override.aes = list(size=2.5))) +
# Print y axis labels within plot area:
  annotate(&amp;#39;text&amp;#39;, label = expression(bold(&amp;#39;\u2013&amp;#39; * &amp;#39;3 &amp;#39; * &amp;#39;\u03bc&amp;#39; * &amp;#39;V&amp;#39;)), x = -29, y = 3, size = 4.5, color = &amp;#39;grey32&amp;#39;, family=&amp;#39;sans&amp;#39;) +
  annotate(&amp;#39;text&amp;#39;, label = expression(bold(&amp;#39;+3 &amp;#39; * &amp;#39;\u03bc&amp;#39; * &amp;#39;V&amp;#39;)), x = -29, y = -3, size = 4.5, color = &amp;#39;grey32&amp;#39;, family=&amp;#39;sans&amp;#39;) +
  annotate(&amp;#39;text&amp;#39;, label = expression(bold(&amp;#39;\u2013&amp;#39; * &amp;#39;6 &amp;#39; * &amp;#39;\u03bc&amp;#39; * &amp;#39;V&amp;#39;)), x = -29, y = 6, size = 4.5, color = &amp;#39;grey32&amp;#39;, family=&amp;#39;sans&amp;#39;)

print(plot_GroupAndElectrode)

output$downloadPlot.1 &amp;lt;- downloadHandler(
    filename &amp;lt;- function(file){
    paste0(input$var.Group, &amp;#39; group, electrode &amp;#39;, input$var.Electrodes.1, &amp;#39;, &amp;#39;, Sys.Date(), &amp;#39;.png&amp;#39;)},
    content &amp;lt;- function(file){
            png(file, units=&amp;#39;in&amp;#39;, width=13, height=5, res=900)
            print(plot_GroupAndElectrode)
            dev.off()},
    contentType = &amp;#39;image/png&amp;#39;)
  } )
&lt;/code&gt;&lt;/pre&gt;
&lt;p&gt;&lt;br&gt;&lt;/p&gt;
&lt;p&gt;Apps can include any text, such as explanations of any length and web links. For instance, we can link back to the data repository, where the code for the app can be found.&lt;/p&gt;
&lt;p&gt;&lt;img src=&#34;https://media-exp1.licdn.com/dms/image/C4D12AQGwmyG6UdLgZg/article-inline_image-shrink_1500_2232/0?e=1585785600&amp;amp;v=beta&amp;amp;t=qrZzrv5OyEosGhkx6ObpG7FoW0-K4MT3_jr6gZ5RTeE&#34; /&gt;&lt;/p&gt;
&lt;p&gt;An example of a &lt;a href=&#34;https://pablobernabeu.shinyapps.io/ERP-waveform-visualization_CMS-experiment/&#34;&gt;Shiny app is available&lt;/a&gt;, which may also be &lt;a href=&#34;https://mybinder.org/v2/gh/pablobernabeu/Modality-switch-effects-emerge-early-and-increase-throughout-conceptual-processing/master?urlpath=rstudio&#34;&gt;edited and run in this RStudio environment&lt;/a&gt;, inside the ‘Shiny-app’ folder.&lt;/p&gt;
&lt;p&gt;The Shiny server (shinyapps.io) allows publishing dashboards built with various frameworks besides Shiny proper. &lt;a href=&#34;https://rmarkdown.rstudio.com/flexdashboard/&#34;&gt;Flexdashboard&lt;/a&gt; and &lt;a href=&#34;https://rstudio.github.io/shinydashboard/&#34;&gt;Shinydashboard&lt;/a&gt; are two of these frameworks, which have visible advantages over basic Shiny, in terms of layout. An &lt;a href=&#34;https://pablobernabeu.shinyapps.io/Dutch-modality-exclusivity-norms/&#34;&gt;example with Flexdashboard is available&lt;/a&gt;.&lt;/p&gt;
&lt;p align=&#34;center&#34;&gt;
★ &lt;b&gt; Flexdashboard &lt;/b&gt; ★
&lt;/p&gt;
&lt;p align=&#34;center&#34;&gt;
★ ★ &lt;b&gt; Shiny &lt;/b&gt; ★ ★
&lt;/p&gt;
&lt;p align=&#34;center&#34;&gt;
★ ★ ★ &lt;b&gt; Flexdashboard-Shiny &lt;/b&gt; ★ ★ ★
&lt;/p&gt;
&lt;p&gt;&lt;img src=&#34;https://raw.githubusercontent.com/pablobernabeu/data-is-present/master/dashboard%20gif.gif&#34; /&gt;&lt;/p&gt;
&lt;/div&gt;
&lt;/div&gt;
&lt;div id=&#34;logistics&#34; class=&#34;section level4&#34;&gt;
&lt;h4&gt;Logistics&lt;/h4&gt;
&lt;p&gt;Memory capacity can become an issue as you go on, which will be flagged in the error logs as: ‘Shiny cannot use on-disk bookmarking’. This doesn’t necessarily lead you to a paid subscription or to &lt;a href=&#34;https://www.r-bloggers.com/alternative-approaches-to-scaling-shiny-with-rstudio-shiny-server-shinyproxy-or-custom-architecture/&#34;&gt;host the website on a custom server&lt;/a&gt;. Try pruning the data file, outsourcing data sections across the five available apps.&lt;/p&gt;
&lt;p&gt;App providers have specific terms of use. To begin, Shiny has a free starter license with limited use, where free apps can handle a certain amount of data, and up to five apps may be created. Beyond that, RStudio offers a wide range of &lt;a href=&#34;http://www.shinyapps.io/#_pricing&#34;&gt;subscriptions&lt;/a&gt; starting at $9/month. For its part, Tableau in principle deals only with &lt;a href=&#34;https://www.tableau.com/pricing&#34;&gt;subscriptions&lt;/a&gt; from $35/month on. While they offer 1-year licenses to students and instructors for free, these don’t include web hosting, unlike Shiny’s free plan. &lt;a href=&#34;https://www.linkedin.com/pulse/r-shiny-v-tableau-dawn-graphics-anand-gupta?lipi=urn%3Ali%3Apage%3Ad_flagship3_pulse_read%3BCDbB2MVuQA6l%2BRNxwqWzQg%3D%3D&#34;&gt;Further comparisons&lt;/a&gt; of these platforms are available online. Last, I’ll just mention a third language, &lt;a href=&#34;https://d3js.org/&#34;&gt;D3&lt;/a&gt;, which is powerful, and may also be used &lt;a href=&#34;https://rstudio.github.io/r2d3/&#34;&gt;through R&lt;/a&gt;.&lt;/p&gt;
&lt;p&gt;In the case of very heavy data or frequent public use, if you don’t want to host your Shiny app externally, you might consider rendering a PDF with your visualisations instead.&lt;/p&gt;
&lt;pre&gt;&lt;code&gt;
pdf(&amp;quot;List of plots per page&amp;quot;, width=13, height=5)
print(plot1)
print(plot2)
# ...
print(plot150)
dev.off()
&lt;/code&gt;&lt;/pre&gt;
&lt;p&gt;High-resolution plots can be rendered into a PDF document in a snap. Conveniently, all text is indexed, so it can be searched (Ctrl+f / Cmd+f / 🔍) (&lt;a href=&#34;https://osf.io/2tpxn/&#34;&gt;see example&lt;/a&gt;). Furthermore, you may also &lt;a href=&#34;http://www.ilovepdf.com/&#34;&gt;merge the rendered PDF&lt;/a&gt; with any other documents.&lt;/p&gt;
&lt;p&gt;Summary in &lt;a href=&#34;https://www.slideshare.net/PabloBernabeu/presenting-data-interactively-online-using-r-shiny-126064157&#34;&gt;slides available&lt;/a&gt;.&lt;/p&gt;
&lt;iframe src=&#34;//www.slideshare.net/slideshow/embed_code/key/mDJ6IF1RGTiAR8&#34; width=&#34;595&#34; height=&#34;485&#34; frameborder=&#34;0&#34; marginwidth=&#34;0&#34; marginheight=&#34;0&#34; scrolling=&#34;no&#34; style=&#34;border:1px solid #CCC; border-width:1px; margin-bottom:5px; max-width: 100%;&#34; allowfullscreen&gt;
&lt;/iframe&gt;
&lt;div style=&#34;margin-bottom:5px&#34;&gt;
&lt;strong&gt; &lt;a href=&#34;//www.slideshare.net/PabloBernabeu/presenting-data-interactively-online-using-r-shiny-126064157&#34; title=&#34;Presenting data interactively online using R Shiny&#34; target=&#34;_blank&#34;&gt;Presenting data interactively online using R Shiny&lt;/a&gt; &lt;/strong&gt; from &lt;strong&gt;&lt;a href=&#34;https://www.slideshare.net/PabloBernabeu&#34; target=&#34;_blank&#34;&gt;Pablo Bernabeu&lt;/a&gt;&lt;/strong&gt;
&lt;/div&gt;
&lt;p&gt;&lt;br&gt;&lt;/p&gt;
&lt;p&gt;Feel free to share any thoughts or questions in a comment below.&lt;/p&gt;
&lt;/div&gt;
</description>
    </item>
    
  </channel>
</rss>
