<?xml version="1.0" encoding="utf-8" standalone="yes" ?>
<rss version="2.0" xmlns:atom="http://www.w3.org/2005/Atom">
  <channel>
    <title>psycholinguistics | Pablo Bernabeu</title>
    <link>/tags/psycholinguistics/</link>
      <atom:link href="/tags/psycholinguistics/index.xml" rel="self" type="application/rss+xml" />
    <description>psycholinguistics</description>
    <generator>Source Themes Academic (https://sourcethemes.com/academic/)</generator><language>en-uk</language><copyright>© Pablo Bernabeu, 2020. [CC BY Attribution licence](https://creativecommons.org/licenses/by/4.0/). Cookies only used by Disqus to enable comments ([see details](https://help.disqus.com/en/articles/1717155-use-of-cookies)).</copyright><lastBuildDate>Wed, 01 Jan 2020 00:00:00 +0000</lastBuildDate>
    <image>
      <url>/img/pablobernabeu_image_sharing.png</url>
      <title>psycholinguistics</title>
      <link>/tags/psycholinguistics/</link>
    </image>
    
    <item>
      <title>Investigating object orientation effects across 14 languages</title>
      <link>/publication/chen-etal-inprep/</link>
      <pubDate>Wed, 01 Jan 2020 00:00:00 +0000</pubDate>
      <guid>/publication/chen-etal-inprep/</guid>
      <description>&lt;h4 id=&#34;nbsp-i-classfas-fa-eyeinbsp-a-hrefhttpsosfioh36wrvideo-demonstration-of-the-procedure-followed-in-our-laba&#34;&gt;  &lt;i class=&#34;fas fa-eye&#34;&gt;&lt;/i&gt;  &lt;a href=&#39;https://osf.io/h36wr/&#39;&gt;Video demonstration of the procedure followed in our lab&lt;/a&gt;&lt;/h4&gt;
&lt;h4 id=&#34;reference&#34;&gt;Reference&lt;/h4&gt;
&lt;div style = &#34;text-indent:-2em; margin-left:2em;&#34;&gt;
&lt;p&gt;Chen, S., Szabelska, A., Chartier, C. R., Kekecs, Z., Lynott, D., Bernabeu, P., … Schmidt, K. (conditionally accepted). Investigating object orientation effects across 14 languages. &lt;em&gt;Psychonomic Bulletin and Review&lt;/em&gt;. &lt;a href=&#34;https://doi.org/10.31234/osf.io/t2pjv/&#34;&gt;https://doi.org/10.31234/osf.io/t2pjv/&lt;/a&gt;&lt;/p&gt;
&lt;/div&gt;
</description>
    </item>
    
    <item>
      <title>More refined typology and design in linguistic relativity: the case of motion event encoding</title>
      <link>/publication/bernabeu-tillman-2019/</link>
      <pubDate>Tue, 01 Jan 2019 00:00:00 +0000</pubDate>
      <guid>/publication/bernabeu-tillman-2019/</guid>
      <description>&lt;h3 id=&#34;reference&#34;&gt;Reference&lt;/h3&gt;
&lt;div style = &#34;text-indent:-2em; margin-left:2em;&#34;&gt;
&lt;p&gt;Bernabeu, P., &amp;amp; Tillman, R. (2019). More refined typology and design in linguistic relativity: The case of motion event encoding. &lt;em&gt;Dutch Journal of Applied Linguistics&lt;/em&gt;. &lt;a href=&#34;http://doi.org/10.1075/dujal.15019.ber/&#34;&gt;http://doi.org/10.1075/dujal.15019.ber/&lt;/a&gt;&lt;/p&gt;
&lt;/div&gt;
</description>
    </item>
    
    <item>
      <title>Review of the Landscape Model of reading: composition, dynamics and application</title>
      <link>/2018/01/01/review-of-the-landscape-model-of-reading-composition-dynamics-and-application/</link>
      <pubDate>Mon, 01 Jan 2018 00:00:00 +0000</pubDate>
      <guid>/2018/01/01/review-of-the-landscape-model-of-reading-composition-dynamics-and-application/</guid>
      <description>


&lt;p&gt;Throughout the 1990s, two opposing theories were used to explain how people understand texts, later bridged by the Landscape Model of reading (van den Broek, Young, Tzeng, &amp;amp; Linderholm, 1999). A review is offered below, including a schematic representation of the Landscape Model.&lt;/p&gt;
&lt;div id=&#34;memory-based-view&#34; class=&#34;section level2&#34;&gt;
&lt;h2&gt;Memory-based view&lt;/h2&gt;
&lt;p&gt;The memory-based view presented reading as an autonomous, unconscious, effortless process. Readers were purported to achieve an understanding of a text as a whole by combining the concepts, and implications readily afforded, in the text with their own background knowledge (Myers &amp;amp; O’Brien, 1998; O’Brien &amp;amp; Myers, 1999). This memory-based view did not include a conscious (re)activation of meaning. Arguably, this absence raises the question of how readers could recover the meaning if ever distracted while reading.&lt;/p&gt;
&lt;/div&gt;
&lt;div id=&#34;constructionist-view&#34; class=&#34;section level2&#34;&gt;
&lt;h2&gt;Constructionist view&lt;/h2&gt;
&lt;p&gt;The constructionist view contended that readers make strategic, time-consuming efforts to access prior text and background knowledge (Graesser, Singer, &amp;amp; Trabasso, 1994; Singer, Graesser, &amp;amp; Trabasso, 1994). A possible challenge for this view is in leisure reading. If reading is effortful, how could it be explained when people become absorbed in leisure reading for hours, and enjoy it? How could this activity become as automatic and fast as it often does?&lt;/p&gt;
&lt;/div&gt;
&lt;div id=&#34;landscape-model&#34; class=&#34;section level2&#34;&gt;
&lt;h2&gt;Landscape Model&lt;/h2&gt;
&lt;p&gt;The memory-based and the constructionist views were bridged in a proposal called the Landscape Model (van den Broek et al., 1999). With a step-based model, van den Broek et al. argued that strategic (re)activations are available to the reader, but need not always be used (see also Converse, 2018). Figure 1 illustrates the dynamic, often cyclical processes.&lt;/p&gt;
&lt;div class=&#34;figure&#34;&gt;
&lt;img src=&#34;../../post/2018-01-01-review-of-the-landscape-model-of-reading-composition-dynamics-and-application_files/Mindmap%20of%20van%20den%20Broek%20et%20al.&amp;#39;s%20Landscape%20Model%20of%20reading%20(Bernabeu,%202013).PNG&#34; alt=&#34;Figure 1. Mindmap of van den Broek et al.’s Landscape Model of reading comprehension. Retrieved from https://doi.org/10.6084/m9.figshare.1591215.&#34; /&gt;
&lt;p class=&#34;caption&#34;&gt;Figure 1. Mindmap of van den Broek et al.’s Landscape Model of reading comprehension. Retrieved from &lt;a href=&#34;https://doi.org/10.6084/m9.figshare.1591215&#34; class=&#34;uri&#34;&gt;https://doi.org/10.6084/m9.figshare.1591215&lt;/a&gt;.&lt;/p&gt;
&lt;/div&gt;
&lt;p&gt;The Landscape Model was applied to the context of discourse analysis by Yeari and van den Broek (2011). The authors noted that discourse analysts may find it useful to adopt a top-down, inductive approach to their task. That is, suppressing the natural, incremental route of meaning making in reading, discourse analysts may want to read through the text to gain a general idea first, before tackling a detailed analysis (see also Bell, 2011).&lt;/p&gt;
&lt;/div&gt;
&lt;div id=&#34;references&#34; class=&#34;section level2&#34;&gt;
&lt;h2&gt;References&lt;/h2&gt;
&lt;div style=&#34;text-indent:-2em; margin-left:2em;&#34;&gt;
&lt;p&gt;Bell, A. (2011). Re-constructing Babel: Discourse analysis, hermeneutics and the Interpretive Arc. &lt;em&gt;Discourse Studies, 13&lt;/em&gt;(5), 519–568. &lt;a href=&#34;https://doi.org/10.1177/1461445611412699&#34; class=&#34;uri&#34;&gt;https://doi.org/10.1177/1461445611412699&lt;/a&gt;.&lt;/p&gt;
&lt;p&gt;Converse, N. E. (2018). The Use of Explicit Comprehension Strategies During Oral Instruction of Informational Text Structures and the Effect on First-graders’ Listening Comprehension (Doctoral dissertation). Retrieved from &lt;a href=&#34;https://digitalcommons.usu.edu/etd/7305&#34; class=&#34;uri&#34;&gt;https://digitalcommons.usu.edu/etd/7305&lt;/a&gt;.&lt;/p&gt;
&lt;p&gt;Graesser, A., Singer, M., &amp;amp; Trabasso, T. (1994). Constructing inferences during narrative comprehension. &lt;em&gt;Psychological Review, 101&lt;/em&gt;(3), 371–395. &lt;a href=&#34;https://doi.org/10.1037/0033-295X.101.3.371&#34; class=&#34;uri&#34;&gt;https://doi.org/10.1037/0033-295X.101.3.371&lt;/a&gt;.&lt;/p&gt;
&lt;p&gt;Myers, J. L., &amp;amp; O’Brien, E. J. (1998). Accessing the discourse representation during reading. &lt;em&gt;Discourse Processes, 26&lt;/em&gt;(2-3), 131–157. &lt;a href=&#34;https://doi.org/10.1080/01638539809545042&#34; class=&#34;uri&#34;&gt;https://doi.org/10.1080/01638539809545042&lt;/a&gt;.&lt;/p&gt;
&lt;p&gt;O’Brien, E. J., &amp;amp; Myers, J. L. (1999). Text comprehension: A view from the bottom up. In S. R. Goldman, A. C. Graesser &amp;amp; P. van den Broek P (Eds.), &lt;em&gt;Narrative Comprehension, Causality, and Coherence: Essays in Honor of Tom Trabasso&lt;/em&gt; (pp. 35-53). Mahwah, NJ: Lawrence Erlbaum Associates.&lt;/p&gt;
&lt;p&gt;Singer, M., Graesser, A. C., &amp;amp; Trabasso, T. (1994). Minimal or global inference during reading. &lt;em&gt;Journal of Memory and Language, 33&lt;/em&gt;(4), 421–441. &lt;a href=&#34;https://doi.org/10.1006/jmla.1994.1020&#34; class=&#34;uri&#34;&gt;https://doi.org/10.1006/jmla.1994.1020&lt;/a&gt;.&lt;/p&gt;
&lt;p&gt;van den Broek, P., Young, M., Tzeng, Y., &amp;amp; Linderholm, T. (1999). The landscape model of reading. In H. van Oostendorp &amp;amp; S. R. Goldman (Eds.), &lt;em&gt;The construction of mental representations during reading&lt;/em&gt; (pp. 71-98). Mahwah, NJ: Erlbaum.&lt;/p&gt;
&lt;p&gt;Yeari, M., &amp;amp; van den Broek, P. (2011). A cognitive account of discourse understanding and discourse interpretation: The Landscape Model of reading. &lt;em&gt;Discourse Studies, 13&lt;/em&gt;(5), 635-643. &lt;a href=&#34;https://doi.org/10.1177/1461445611412748&#34; class=&#34;uri&#34;&gt;https://doi.org/10.1177/1461445611412748&lt;/a&gt;.&lt;/p&gt;
&lt;/div&gt;
&lt;/div&gt;
</description>
    </item>
    
    <item>
      <title>Modality switch effects emerge early and increase throughout conceptual processing: evidence from ERPs [Blog]</title>
      <link>/2017/01/01/modality-switch-effects-emerge-early-and-increase-throughout-conceptual-processing-evidence-from-erps/</link>
      <pubDate>Sun, 01 Jan 2017 00:00:00 +0000</pubDate>
      <guid>/2017/01/01/modality-switch-effects-emerge-early-and-increase-throughout-conceptual-processing-evidence-from-erps/</guid>
      <description>&lt;p&gt;Research has extensively investigated whether conceptual processing is modality-specific—that is, whether meaning is processed to a large extent on the basis of perceptual and motor affordances (Barsalou, 2016). This possibility challenges long-established theories. It suggests a strong link between physical experience and language which is not borne out of the paradigmatic arbitrariness of words (see Lockwood, Dingemanse, &amp;amp; Hagoort, 2016). Modality-specificity also clashes with models of language that have no link to sensory and motor systems (Barsalou, 2016).&lt;/p&gt;
&lt;a href=&#39;https://psyarxiv.com/a5pcz/download&#39;&gt;
      &lt;button style = &#34;background-color: white; color: black; border: 2px solid #4CAF50; border-radius: 12px;&#34;&gt;
      &lt;h3 style = &#34;margin-top: 7px !important; margin-left: 9px !important; margin-right: 9px !important;&#34;&gt; 
      &lt;span style=&#34;color:#DBE6DA;&#34;&gt;&lt;i class=&#34;fas fa-mouse-pointer&#34;&gt;&lt;/i&gt;&lt;/span&gt;&amp;nbsp; Article &lt;/h3&gt;&lt;/button&gt;&lt;/a&gt; &amp;nbsp; 
&lt;a href=&#39;https://psyarxiv.com/5gjvk/download&#39;&gt;
      &lt;button style = &#34;background-color: white; color: black; border: 2px solid #196F27; border-radius: 12px;&#34;&gt;
      &lt;h3 style = &#34;margin-top: 7px !important; margin-left: 9px !important; margin-right: 9px !important;&#34;&gt; 
      &lt;span style=&#34;color:#DBE6DA;&#34;&gt;&lt;i class=&#34;fas fa-mouse-pointer&#34;&gt;&lt;/i&gt;&lt;/span&gt;&amp;nbsp; Thesis &lt;/h3&gt;&lt;/button&gt;&lt;/a&gt; &amp;nbsp; 
&lt;br&gt;
&lt;br&gt;
&lt;p&gt;In the Conceptual Modality Switch (CMS) paradigm, participants perform a property verification task, deciding whether certain property words can reasonably describe concept words. Covertly, the conceptual modality of consecutive trials is manipulated in order to produce specific switches in conceptual modality. For instance, after the trial &lt;em&gt;Soundless Answer&lt;/em&gt;, which is primarily auditory, the following trial may match in modality—&lt;em&gt;Loud Welcome&lt;/em&gt;—or mismatch—&lt;em&gt;Fine Selection&lt;/em&gt; (visual).&lt;/p&gt;
&lt;p&gt;&lt;img src=&#34;../../post/2017-01-01-modality-switch-effects-emerge-early-and-increase-throughout-conceptual-processing-evidence-from-erps-a-summary_files/designoverview.png&#34; alt=&#34;&#34;&gt;&lt;/p&gt;
&lt;p&gt;Modality switches incur processing costs, as reflected in brain signals linked to semantic violation, and in longer response times (RTs) (Scerrati, Lugli, Nicoletti, &amp;amp; Borghi, 2016). This effect suggests that perceptual features of concepts are accessed during conceptual processing. More recently, however, the CMS effect was reanalysed using a non-perceptual alternative. Louwerse and Connell (2011) found that language statistics (the co-occurrence of words in a language) were able to approximately predict visual/haptic, olfactory/gustatory, and auditory modalities, but not the subtler differences between visual and haptic and between olfactory and gustatory, which seemed to be reserved for perceptual simulations. Moreover, faster response times (RTs) were best explained by language statistics, whereas slower RTs were best explained by perceptual simulations.&lt;/p&gt;
&lt;p&gt;The time course of word processing is important. Research suggests that word processing spans one second, during which different processes—semantic and post-semantic—gradually accumulate (Hauk, 2016). The later an effect, the more reasons to question it. Yet, having an early emergence does not either make an effect lexicosemantic, as the meaning encoded could have gone through working memory before activating the actual system of interest, e.g., sensorimotor (Mahon &amp;amp; Caramazza, 2008). Research also suggests that modal systems may contribute to conceptual processing early on—within 200 ms (Vukovic, Feurra, Shpektor, Myachykov, &amp;amp; Shtyrov, 2017). Thus, measuring effects online may prove valuable.&lt;/p&gt;
&lt;h2 id=&#34;experiment&#34;&gt;Experiment&lt;/h2&gt;
&lt;p&gt;Bernabeu, Willems and Louwerse (2017) investigated whether CMS reflects a functionally relevant process of simulation or instead arises only after basic conceptual processing has been attained. We also examined whether different processing systems, amodal and modal, may compatibly operate.&lt;/p&gt;
&lt;p&gt;We measured CMS online by time-locking Event-Related brain Potentials (ERPs) to the onset of the first word in the target trials, in order to assess how strongly CMS may be influenced by post-semantic processes. Previous research would predict an increase in the CMS effect over time because earlier processing is relatively amodal (Louwerse &amp;amp; Hutchinson, 2012).&lt;/p&gt;
&lt;p&gt;We tested the compatibility of amodal and modal processing by drawing on Louwerse and Connell’s (2011) findings. In this conceptual replication, we split participants into a Quick and a Slow group based on RT. Maintaining CMS as a within-subjects factor, we predicted that the larger modality switches (e.g., auditory to visual) would be picked up equally by both groups, whereas the subtler switches (e.g., haptic to visual) would be picked up only—or more clearly—by the Slow group.&lt;/p&gt;
&lt;h2 id=&#34;method&#34;&gt;Method&lt;/h2&gt;
&lt;p&gt;The stimuli were normed (Bernabeu, Louwerse, &amp;amp; Willems, in prep.). Three CMS conditions were created—Auditory-to-visual, Haptic-to-visual, Visual-to-visual—, each with 36 target trials. The property verification task was pretested valid (&lt;em&gt;N&lt;/em&gt; = 19).&lt;/p&gt;
&lt;h2 id=&#34;results&#34;&gt;Results&lt;/h2&gt;
&lt;p&gt;All participants but one responded correctly to over half of the trials, with an overall accuracy of 63%.&lt;/p&gt;
&lt;p&gt;ERPs showed a CMS effect from time window 1 on, larger after 350 ms. It appeared with both switch conditions, and was characterized by a more negative amplitude for the switch conditions compared to the no-switch condition. It was generally stronger in the posterior brain regions, and in the Slow group. The results are illustrated in the figure below, which includes 95% Confidence Intervals and time windows.&lt;/p&gt;
&lt;p&gt;&lt;img src=&#34;../../post/2017-01-01-modality-switch-effects-emerge-early-and-increase-throughout-conceptual-processing-evidence-from-erps-a-summary_files/stackERPs.jpg&#34; alt=&#34;&#34;&gt;&lt;/p&gt;
&lt;p&gt;&lt;img style = &#34;float: right; margin-left: 30px;&#34; width = &#39;50%&#39; src=&#39;../../post/2017-01-01-modality-switch-effects-emerge-early-and-increase-throughout-conceptual-processing-evidence-from-erps-a-summary_files/resultsERPs.jpg&#39; /&gt;&lt;/p&gt;
&lt;p&gt;The analysis was done with Linear Mixed Effects models. Final models presented good fits, with R&lt;sup&gt;2&lt;/sup&gt; ranging from .748 to .862. First, the CMS effect in time window 1 was confirmed significant. Such an early emergence is unprecedented in the CMS literature, and it may have been enabled by the time-locking of ERPs to the first word in target trials. In this time window, the only process not lexicosemantic is possibly working memory (Hauk, 2016), and therefore this early emergence adds support to the possibility that CMS was directly caused by perceptual simulation.&lt;/p&gt;
&lt;p&gt;Whereas, in time window 1, the effect was circumscribed to an interaction with Brain Area, by time window 2 a main effect of CMS emerged, and in windows 3 and 4 the only critical effect was CMS.&lt;/p&gt;
&lt;p&gt;Bonferroni-corrected, planned ANOVA contrasts into CMS conditions revealed that the no-switch condition differed significantly from the switch conditions. By contrast, the switch conditions (Haptic-to-visual and Auditory-to-visual) hardly differed from each other, underscoring the CMS effect.&lt;/p&gt;
&lt;p&gt;Although the interaction of Group and CMS was only significant in time windows 1 and 2, windows 2 to 4 presented a pattern fitting our predictions (Louwerse &amp;amp; Connell, 2011). While the Slow group picked up the switches across all modalities similarly, the Quick group picked up the Auditory-to-visual switch more clearly than the Haptic-to-visual switch.&lt;/p&gt;
&lt;h2 id=&#34;discussion&#34;&gt;Discussion&lt;/h2&gt;
&lt;p&gt;Results broadly suggest that cognition may operate on qualitatively different systems for the same task. In conceptual processing, one of these systems appears to be modality-independent, potentially based on linguistic co-occurrences, whereas another system is modality-specific, linked to physical experience.&lt;/p&gt;
&lt;h2 id=&#34;resources&#34;&gt;Resources&lt;/h2&gt;
&lt;ul&gt;
&lt;li&gt;
&lt;a href=&#34;https://psyarxiv.com/a5pcz/&#34; target=&#34;_blank&#34; rel=&#34;noopener&#34;&gt;Paper&lt;/a&gt;&lt;/li&gt;
&lt;li&gt;
&lt;a href=&#34;https://psyarxiv.com/5gjvk/&#34; target=&#34;_blank&#34; rel=&#34;noopener&#34;&gt;Master&amp;rsquo;s thesis&lt;/a&gt;&lt;/li&gt;
&lt;li&gt;
&lt;a href=&#34;https://osf.io/97unm/&#34; target=&#34;_blank&#34; rel=&#34;noopener&#34;&gt;Data and code&lt;/a&gt;&lt;/li&gt;
&lt;li&gt;
&lt;a href=&#34;https://mybinder.org/v2/gh/pablobernabeu/Modality-switch-effects-emerge-early-and-increase-throughout-conceptual-processing/master?urlpath=rstudio&#34; target=&#34;_blank&#34; rel=&#34;noopener&#34;&gt;Analysis environment in RStudio&lt;/a&gt;&lt;/li&gt;
&lt;/ul&gt;
&lt;h2 id=&#34;references&#34;&gt;References&lt;/h2&gt;
&lt;div style = &#34;text-indent:-2em; margin-left:2em;&#34;&gt;
&lt;p&gt;Barsalou, L. W. (2016). On staying grounded and avoiding quixotic dead ends. &lt;em&gt;Psychonomic Bulletin &amp;amp; Review, 23&lt;/em&gt;.&lt;/p&gt;
&lt;p&gt;Bernabeu, P., Louwerse, M. M., &amp;amp; Willems, R. M. (in prep.). Modality exclusivity norms for 747 properties and concepts in Dutch: a replication of English. Retrieved from &lt;a href=&#34;https://osf.io/brkjw/&#34;&gt;https://osf.io/brkjw/&lt;/a&gt;&lt;/p&gt;
&lt;p&gt;Bernabeu, P., Willems, R. M., &amp;amp; Louwerse, M. M. (2017). Modality switch effects emerge early and increase throughout conceptual processing: Evidence from ERPs. In G. Gunzelmann, A. Howes, T. Tenbrink, &amp;amp; E. J. Davelaar (Eds.), Proceedings of the 39th Annual Conference of the Cognitive Science Society (pp. 1629-1634). Austin, TX: Cognitive Science Society.&lt;/p&gt;
&lt;p&gt;Hauk, O. (2016). Only time will tell—Why temporal information is essential for our neuroscientific understanding of semantics. &lt;em&gt;Psychonomic Bulletin &amp;amp; Review, 23&lt;/em&gt;, 4, 1072-1079.&lt;/p&gt;
&lt;p&gt;Lockwood, G., Hagoort, P., &amp;amp; Dingemanse, M. (2016). How iconicity helps people learn new words: neural correlates and individual differences in sound-symbolic bootstrapping. &lt;em&gt;Collabra, 2&lt;/em&gt;, 1, 7.&lt;/p&gt;
&lt;p&gt;Louwerse, M., &amp;amp; Connell, L. (2011). A taste of words: linguistic context and perceptual simulation predict the modality of words. &lt;em&gt;Cognitive Science, 35&lt;/em&gt;, 2, 381-98.&lt;/p&gt;
&lt;p&gt;Louwerse, M., &amp;amp; Hutchinson, S. (2012). Neurological evidence linguistic processes precede perceptual simulation in conceptual processing. &lt;em&gt;Frontiers in Psychology, 3&lt;/em&gt;, 385.&lt;/p&gt;
&lt;p&gt;Mahon, B. Z., &amp;amp; Caramazza, A. (2008). A critical look at the Embodied Cognition Hypothesis and a new proposal for grounding conceptual content. &lt;em&gt;Journal of Physiology - Paris, 102&lt;/em&gt;, 59-70.&lt;/p&gt;
&lt;p&gt;Scerrati, E., Lugli, L., Nicoletti, R., &amp;amp; Borghi, A. M. (2016). The Multilevel Modality-Switch Effect: What Happens When We See the Bees Buzzing and Hear the Diamonds Glistening. &lt;em&gt;Psychonomic Bulletin &amp;amp; Review&lt;/em&gt;, doi:10.3758/s13423-016-1150-2.&lt;/p&gt;
&lt;p&gt;Vukovic, V., Feurra, M., Shpektor, A., Myachykov, A., &amp;amp; Shtyrov, Y. (2017). Primary motor cortex functionally contributes to language comprehension: An online rTMS study. &lt;em&gt;Neuropsychologia, 96&lt;/em&gt;, 222-229.&lt;/p&gt;
&lt;/div&gt;
&lt;h3 id=&#34;bonus-a-conference-poster-with-a-few-further-analyses&#34;&gt;Bonus: A conference poster with a few further analyses&lt;/h3&gt;
&lt;p&gt;
&lt;a href=&#34;http://www.researchgate.net/publication/318542811_Poster_Modality_switch_effects_emerge_early_and_increase_throughout_conceptual_processing_Evidence_from_ERPs?ev=prf_ov_fet_res&amp;amp;_iepl%5BviewId%5D=e31Maxb6SKANvzfuN34ZwpgC9bmvI6w5TsJY&amp;amp;_iepl%5Bcontexts%5D%5B0%5D=prfhpi&amp;amp;_iepl%5Bdata%5D%5BstandardItemCount%5D=1&amp;amp;_iepl%5Bdata%5D%5BuserSelectedItemCount%5D=2&amp;amp;_iepl%5Bdata%5D%5BtopHighlightCount%5D=1&amp;amp;_iepl%5Bdata%5D%5BstandardItemIndex%5D=1&amp;amp;_iepl%5Bdata%5D%5BstandardItem1of1%5D=1&amp;amp;_iepl%5BtargetEntityId%5D=PB%3A318542811&amp;amp;_iepl%5BinteractionType%5D=publicationTitle&#34; target=&#34;_blank&#34; rel=&#34;noopener&#34;&gt;&lt;img src=&#34;../../post/2017-01-01-modality-switch-effects-emerge-early-and-increase-throughout-conceptual-processing-evidence-from-erps-a-summary_files/ERPposter.jpg&#34; alt=&#34;&#34;&gt;&lt;/a&gt;&lt;/p&gt;
</description>
    </item>
    
    <item>
      <title>Modality switch effects emerge early and increase throughout conceptual processing: evidence from ERPs [Dashboard]</title>
      <link>/data-dashboards/bernabeu-etal-2017-modalityswitch/</link>
      <pubDate>Sun, 01 Jan 2017 00:00:00 +0000</pubDate>
      <guid>/data-dashboards/bernabeu-etal-2017-modalityswitch/</guid>
      <description>&lt;a href=&#39;https://mybinder.org/v2/gh/pablobernabeu/Modality-switch-effects-emerge-early-and-increase-throughout-conceptual-processing/0a5542658914a6ed01cf8e96252c48bb5bcf8f18?urlpath=shiny/Shiny-app/&#39;&gt;
      &lt;button style = &#34;background-color: white; color: black; border: 2px solid #196F27; border-radius: 12px;&#34;&gt;
      &lt;h3 style = &#34;margin-top: 7px !important; margin-left: 9px !important; margin-right: 9px !important;&#34;&gt; 
      &lt;span style=&#34;color:#DBE6DA;&#34;&gt;&lt;i class=&#34;fas fa-mouse-pointer&#34;&gt;&lt;/i&gt;&lt;/span&gt;&amp;nbsp; Dashboard
      &lt;/h3&gt;&lt;/button&gt;
      &lt;/a&gt;
&lt;br&gt;
&lt;br&gt;
&lt;p&gt;&lt;strong&gt;Content&lt;/strong&gt;&lt;/p&gt;
&lt;p&gt;The data is from a psychology experiment on the comprehension of words, in which electroencephalographic (EEG) responses were measured. The data are presented in plots spanning 800 milliseconds (the duration of word processing). The aim of this Shiny app is to facilitate the exploration of the data by researchers and the public. Users can delve into the different sections of the data. In a hierarchical order, these sections are groups of participants, individual participants, brain areas, and electrodes.&lt;/p&gt;
&lt;p&gt;&lt;strong&gt;Shiny apps in science&lt;/strong&gt;&lt;/p&gt;
&lt;p&gt;By creating this app, I tried to reach beyond the scope of current &lt;em&gt;open science&lt;/em&gt;, which is often confined to files shared on data repositories. I believe that Shiny apps will become general practice in science within a few years (
&lt;a href=&#34;http://www.research.lancs.ac.uk/portal/en/activities/presenting-data-interactively-online-using-r-shiny%28c9ce06ac-987e-4141-9121-016f6ee6d16b%29.html&#34; target=&#34;_blank&#34; rel=&#34;noopener&#34;&gt;see blog post or slides for more information&lt;/a&gt;).&lt;/p&gt;
&lt;p&gt;&lt;strong&gt;Technical details&lt;/strong&gt;&lt;/p&gt;
&lt;p&gt;I made use of tabs on the top of the dashboard in order to keep the side bar from having too many widgets. I adjusted the appearance of these tabs, and by means of &amp;lsquo;reactivity&amp;rsquo; conditions, also modified the inputs in the sidebar depending on the active tab.&lt;/p&gt;
&lt;pre&gt;&lt;code&gt;mainPanel(

	tags$style(HTML(&#39;
	    .tabbable &amp;gt; .nav &amp;gt; li &amp;gt; a                  		{background-color:white; color:#3E454E}
	    .tabbable &amp;gt; .nav &amp;gt; li &amp;gt; a:hover            		{background-color:#002555; color:white}
	    .tabbable &amp;gt; .nav &amp;gt; li[class=active] &amp;gt; a 		{background-color:#ECF4FF; color:black}
	    .tabbable &amp;gt; .nav &amp;gt; li[class=active] &amp;gt; a:hover	{background-color:#E7F1FF; color:black}
	&#39;)),

	tabsetPanel(id=&#39;tabvals&#39;,

            tabPanel(value=1, h4(strong(&#39;Group &amp;amp; Electrode&#39;)), br(), plotOutput(&#39;plot_GroupAndElectrode&#39;),
			h5(a(strong(&#39;See plots with 95% Confidence Intervals&#39;), href=&#39;https://osf.io/2tpxn/&#39;,
			target=&#39;_blank&#39;), style=&#39;text-decoration: underline;&#39;), 
			downloadButton(&#39;downloadPlot.1&#39;, &#39;Download HD plot&#39;), br(), br(),
			# EEG montage
			img(src=&#39;https://preview.ibb.co/n7qiYR/EEG_montage.png&#39;, height=500, width=1000)),

            tabPanel(value=2, h4(strong(&#39;Participant &amp;amp; Area&#39;)), br(), plotOutput(&#39;plot_ParticipantAndLocation&#39;),
			h5(a(strong(&#39;See plots with 95% Confidence Intervals&#39;), href=&#39;https://osf.io/86ch9/&#39;,
			target=&#39;_blank&#39;), style=&#39;text-decoration: underline;&#39;), 
			downloadButton(&#39;downloadPlot.2&#39;, &#39;Download HD plot&#39;), br(), br(),
			# EEG montage
			img(src=&#39;https://preview.ibb.co/n7qiYR/EEG_montage.png&#39;, height=500, width=1000)),

            tabPanel(value=3, h4(strong(&#39;Participant &amp;amp; Electrode&#39;)), br(), plotOutput(&#39;plot_ParticipantAndElectrode&#39;),
			br(), downloadButton(&#39;downloadPlot.3&#39;, &#39;Download HD plot&#39;), br(), br(),
			# EEG montage
			img(src=&#39;https://preview.ibb.co/n7qiYR/EEG_montage.png&#39;, height=500, width=1000)),

            tabPanel(value=4, h4(strong(&#39;OLD Group &amp;amp; Electrode&#39;)), br(), plotOutput(&#39;plot_OLDGroupAndElectrode&#39;),
			h5(a(strong(&#39;See plots with 95% Confidence Intervals&#39;), href=&#39;https://osf.io/dvs2z/&#39;,
			target=&#39;_blank&#39;), style=&#39;text-decoration: underline;&#39;), 
			downloadButton(&#39;downloadPlot.4&#39;, &#39;Download HD plot&#39;), br(), br(),
			# EEG montage
			img(src=&#39;https://preview.ibb.co/n7qiYR/EEG_montage.png&#39;, height=500, width=1000))
	),
&lt;/code&gt;&lt;/pre&gt;
&lt;p&gt;The data set was fairly large, considering the fact that it&amp;rsquo;s hosted with the free plan. In order to lighten the processing, I split the data into various files, reducing the total size. Furthermore, I outsourced a particularly heavy set of plots (those with Confidence Intervals) to PDF files, to which I linked in the app.&lt;/p&gt;
&lt;pre&gt;&lt;code&gt;h5(a(strong(&#39;See plots with 95% Confidence Intervals&#39;), href=&#39;https://osf.io/dvs2z/&#39;,
			target=&#39;_blank&#39;), style=&#39;text-decoration: underline;&#39;),
&lt;/code&gt;&lt;/pre&gt;
&lt;p&gt;I also used web links to the published paper and raw data, as well as to the &lt;em&gt;server&lt;/em&gt; and &lt;em&gt;ui&lt;/em&gt; scripts. These files, along with the data, are publicly available 
&lt;a href=&#34;https://osf.io/97unm/&#34; target=&#34;_blank&#34; rel=&#34;noopener&#34;&gt;in this repository&lt;/a&gt;; they may be accessed within the &amp;ldquo;Files&amp;rdquo; section, by opening the folders &amp;ldquo;ERPs&amp;rdquo; -&amp;gt; &amp;ldquo;Analyses of ERPs averaged across trials&amp;rdquo; -&amp;gt; &amp;ldquo;Shiny app&amp;rdquo;.&lt;/p&gt;
&lt;p&gt;Another feature I added was the download button.&lt;/p&gt;
&lt;pre&gt;&lt;code&gt;# From server.R script

spec_title = paste0(&#39;ERP waveforms for &#39;, input$var.Group, &#39; Group, Electrode &#39;, input$var.Electrodes.1, &#39; (negative values upward; time windows displayed)&#39;)

plot_GroupAndElectrode = ggplot(df2, aes(x=time, y=-microvolts, color=condition)) +
  geom_rect(xmin=160, xmax=216, ymin=7.5, ymax=-8, color = &#39;grey75&#39;, fill=&#39;black&#39;, alpha=0, linetype=&#39;longdash&#39;) +
  geom_rect(xmin=270, xmax=370, ymin=7.5, ymax=-8, color = &#39;grey75&#39;, fill=&#39;black&#39;, alpha=0, linetype=&#39;longdash&#39;) +
  geom_rect(xmin=350, xmax=550, ymin=8, ymax=-7.5, color = &#39;grey75&#39;, fill=&#39;black&#39;, alpha=0, linetype=&#39;longdash&#39;) +
  geom_rect(xmin=500, xmax=750, ymin=7.5, ymax=-8, color = &#39;grey75&#39;, fill=&#39;black&#39;, alpha=0, linetype=&#39;longdash&#39;) +
  geom_line(size=1, alpha = 1) + scale_linetype_manual(values=colours) +
  scale_y_continuous(limits=c(-8.38, 8.3), breaks=seq(-8,8,by=1), expand = c(0,0.1)) +
  scale_x_continuous(limits=c(-208,808),breaks=seq(-200,800,by=100), expand = c(0.005,0), labels= c(&#39;-200&#39;,&#39;-100 ms&#39;,&#39;0&#39;,&#39;100 ms&#39;,&#39;200&#39;,&#39;300 ms&#39;,&#39;400&#39;,&#39;500 ms&#39;,&#39;600&#39;,&#39;700 ms&#39;,&#39;800&#39;)) +
  ggtitle(spec_title) + theme_bw() + geom_vline(xintercept=0) +
  annotate(geom=&#39;segment&#39;, y=seq(-8,8,1), yend=seq(-8,8,1), x=-4, xend=8, color=&#39;black&#39;) +
  annotate(geom=&#39;segment&#39;, y=-8.2, yend=-8.38, x=seq(-200,800,100), xend=seq(-200,800,100), color=&#39;black&#39;) +
  geom_segment(x = -200, y = 0, xend = 800, yend = 0, size=0.5, color=&#39;black&#39;) +
  theme(legend.position = c(0.100, 0.150), legend.background = element_rect(fill=&#39;#EEEEEE&#39;, size=0),
	axis.title=element_blank(), legend.key.width = unit(1.2,&#39;cm&#39;), legend.text=element_text(size=17),
	legend.title = element_text(size=17, face=&#39;bold&#39;), plot.title= element_text(size=20, hjust = 0.5, vjust=2),
	axis.text.y = element_blank(), axis.text.x = element_text(size = 14, vjust= 2.12, face=&#39;bold&#39;, color = &#39;grey32&#39;, family=&#39;sans&#39;),
	axis.ticks=element_blank(), panel.border = element_blank(), panel.grid.major = element_blank(), 
	panel.grid.minor = element_blank(), plot.margin = unit(c(0.1,0.1,0,0), &#39;cm&#39;)) +
  annotate(&#39;segment&#39;, x=160, xend=216, y=-8, yend=-8, colour = &#39;grey75&#39;, size = 1.5) +
  annotate(&#39;segment&#39;, x=270, xend=370, y=-8, yend=-8, colour = &#39;grey75&#39;, size = 1.5) +
  annotate(&#39;segment&#39;, x=350, xend=550, y=-7.5, yend=-7.5, colour = &#39;grey75&#39;, size = 1.5) +
  annotate(&#39;segment&#39;, x=500, xend=750, y=-8, yend=-8, colour = &#39;grey75&#39;, size = 1.5) +
  scale_fill_manual(name = &#39;Context / Target trial&#39;, values=colours) +
  scale_color_manual(name = &#39;Context / Target trial&#39;, values=colours) +
  guides(linetype=guide_legend(override.aes = list(size=1.2))) +
   guides(color=guide_legend(override.aes = list(size=2.5))) +
# Print y axis labels within plot area:
  annotate(&#39;text&#39;, label = expression(bold(&#39;\u2013&#39; * &#39;3 &#39; * &#39;\u03bc&#39; * &#39;V&#39;)), x = -29, y = 3, size = 4.5, color = &#39;grey32&#39;, family=&#39;sans&#39;) +
  annotate(&#39;text&#39;, label = expression(bold(&#39;+3 &#39; * &#39;\u03bc&#39; * &#39;V&#39;)), x = -29, y = -3, size = 4.5, color = &#39;grey32&#39;, family=&#39;sans&#39;) +
  annotate(&#39;text&#39;, label = expression(bold(&#39;\u2013&#39; * &#39;6 &#39; * &#39;\u03bc&#39; * &#39;V&#39;)), x = -29, y = 6, size = 4.5, color = &#39;grey32&#39;, family=&#39;sans&#39;)

print(plot_GroupAndElectrode)

output$downloadPlot.1 &amp;lt;- downloadHandler(
	filename &amp;lt;- function(file){
	paste0(input$var.Group, &#39; group, electrode &#39;, input$var.Electrodes.1, &#39;, &#39;, Sys.Date(), &#39;.png&#39;)},
   	content &amp;lt;- function(file){
      		png(file, units=&#39;in&#39;, width=13, height=5, res=900)
      		print(plot_GroupAndElectrode)
      		dev.off()},
	contentType = &#39;image/png&#39;)
  } )
&lt;/code&gt;&lt;/pre&gt;
&lt;pre&gt;&lt;code&gt;# From ui.R script

downloadButton(&#39;downloadPlot.1&#39;, &#39;Download HD plot&#39;)
&lt;/code&gt;&lt;/pre&gt;
&lt;p&gt;&lt;strong&gt;&lt;em&gt;Rising to the challenge&lt;/em&gt;&lt;/strong&gt;&lt;/p&gt;
&lt;p&gt;My experience with Shiny has been so good I&amp;rsquo;ve been sharing 
&lt;a href=&#34;https://pablobernabeu.github.io/2017/01/01/the-case-for-data-dashboards.-first-steps-with-r-shiny/&#34; target=&#34;_blank&#34; rel=&#34;noopener&#34;&gt;my experience&lt;/a&gt;. Yet, on my first crawling days, I spent an eternity stuck with this elephant in my room: &amp;ldquo;μ&amp;rdquo;. This &lt;em&gt;μ&lt;/em&gt; letter (micro-souvenir from hell, as I later knew it), was part of the labels of my plots. All I knew was that I could not deploy the app online, even while I could perfectly launch it locally in my laptop. So, I wondered what use was to deploy locally if I couldn&amp;rsquo;t publish the app?! Eventually, I read about UTF-8 encoding in one forum. Bless them forums. All I had to do was use &amp;ldquo;Âμ&amp;rdquo; instead of the single &amp;ldquo;μ&amp;rdquo;. A better option I found later was: &lt;code&gt;expression(&amp;quot;\u03bc&amp;quot;)&lt;/code&gt;.&lt;/p&gt;
&lt;p&gt;Beyond encoding issues, I had a tough time embedding images. You know, the &amp;lsquo;www&amp;rsquo; folder&amp;hellip; To be honest, I still haven&amp;rsquo;t handled the &amp;lsquo;www&amp;rsquo; way&amp;ndash;but where there&amp;rsquo;s a will there&amp;rsquo;s a way. I managed to include my images by uploading them to a website and then entering their URL in &amp;ldquo;img(src&amp;rdquo;, avoiding the use of folder paths.&lt;/p&gt;
&lt;pre&gt;&lt;code&gt;img(src=&amp;quot;https://preview.ibb.co/n7qiYR/EEG_montage.png 1&amp;quot;, height=500, width=1000)
&lt;/code&gt;&lt;/pre&gt;
&lt;p&gt;Long after I had built the app, I added another image&amp;ndash;the &lt;em&gt;favicon&lt;/em&gt; (the little icon on the browser tab).&lt;/p&gt;
&lt;pre&gt;&lt;code&gt;tags$head(tags$link(rel=&amp;quot;shortcut icon&amp;quot;, href=&amp;quot;https://image.ibb.co/fXUwzb/favic.png&amp;quot;)),  # web favicon
&lt;/code&gt;&lt;/pre&gt;
&lt;h3 id=&#34;reference&#34;&gt;Reference&lt;/h3&gt;
&lt;div style = &#34;text-indent:-2em; margin-left:2em;&#34;&gt;
&lt;p&gt;Bernabeu, P., Willems, R. M., &amp;amp; Louwerse, M. M. (2017). Modality switch effects emerge early and increase throughout conceptual processing: Evidence from ERPs [Data dashboard]. Retrieved from &lt;a href=&#34;https://pablobernabeu.shinyapps.io/ERP-waveform-visualization_CMS-experiment/&#34;&gt;https://pablobernabeu.shinyapps.io/ERP-waveform-visualization_CMS-experiment/&lt;/a&gt;.&lt;/p&gt;
&lt;/div&gt;
</description>
    </item>
    
    <item>
      <title>Modality switch effects emerge early and increase throughout conceptual processing: evidence from ERPs [Paper]</title>
      <link>/publication/bernabeu-etal-2017/</link>
      <pubDate>Sun, 01 Jan 2017 00:00:00 +0000</pubDate>
      <guid>/publication/bernabeu-etal-2017/</guid>
      <description>&lt;h3 id=&#34;reference&#34;&gt;Reference&lt;/h3&gt;
&lt;div style = &#34;text-indent:-2em; margin-left:2em;&#34;&gt;
&lt;p&gt;Bernabeu, P., Willems, R. M., &amp;amp; Louwerse, M. M. (2017). Modality switch effects emerge early and increase throughout conceptual processing: Evidence from ERPs. In G. Gunzelmann, A. Howes, T. Tenbrink, &amp;amp; E. J. Davelaar (Eds.), &lt;em&gt;Proceedings of the 39th Annual Conference of the Cognitive Science Society&lt;/em&gt; (pp. 1629-1634). Austin, TX: Cognitive Science Society. &lt;a href=&#34;https://mindmodeling.org/cogsci2017/papers/0318/&#34;&gt;https://mindmodeling.org/cogsci2017/papers/0318/&lt;/a&gt;&lt;/p&gt;
&lt;/div&gt;
</description>
    </item>
    
  </channel>
</rss>
