<?xml version="1.0" encoding="utf-8" standalone="yes" ?>
<rss version="2.0" xmlns:atom="http://www.w3.org/2005/Atom">
  <channel>
    <title>language research | Pablo Bernabeu</title>
    <link>/categories/language-research/</link>
      <atom:link href="/categories/language-research/index.xml" rel="self" type="application/rss+xml" />
    <description>language research</description>
    <generator>Source Themes Academic (https://sourcethemes.com/academic/)</generator><language>en-uk</language><copyright>© Pablo Bernabeu, 2020 — [CC BY Attribution licence](https://creativecommons.org/licenses/by/4.0/). Cookies only used [by Disqus to enable comments](https://help.disqus.com/en/articles/1717155-use-of-cookies).</copyright><lastBuildDate>Mon, 01 Jan 2018 00:00:00 +0000</lastBuildDate>
    <image>
      <url>/img/pablobernabeu_image_sharing.png</url>
      <title>language research</title>
      <link>/categories/language-research/</link>
    </image>
    
    <item>
      <title>Modality exclusivity norms for 747 properties and concepts in Dutch: a replication of English</title>
      <link>/2018/2018-modality-exclusivity-norms-for-747-properties-and-concepts-in-dutch-a-replication-of-english/</link>
      <pubDate>Mon, 01 Jan 2018 00:00:00 +0000</pubDate>
      <guid>/2018/2018-modality-exclusivity-norms-for-747-properties-and-concepts-in-dutch-a-replication-of-english/</guid>
      <description>



</description>
    </item>
    
  </channel>
</rss>
