<?xml version="1.0" encoding="utf-8" standalone="yes" ?>
<rss version="2.0" xmlns:atom="http://www.w3.org/2005/Atom">
  <channel>
    <title>data dashboards | Pablo Bernabeu</title>
    <link>/categories/data-dashboards/</link>
      <atom:link href="/categories/data-dashboards/index.xml" rel="self" type="application/rss+xml" />
    <description>data dashboards</description>
    <generator>Source Themes Academic (https://sourcethemes.com/academic/)</generator><language>en-uk</language><copyright>© Pablo Bernabeu, 2020. [Creative Commons BY Attribution licence](https://creativecommons.org/licenses/by/4.0/). Cookies only used by Disqus to enable comments ([see details](https://help.disqus.com/en/articles/1717155-use-of-cookies)).</copyright><lastBuildDate>Sun, 01 Jan 2017 00:00:00 +0000</lastBuildDate>
    <image>
      <url>/img/pablobernabeu_sharing_image.png</url>
      <title>data dashboards</title>
      <link>/categories/data-dashboards/</link>
    </image>
    
    <item>
      <title>The case for data dashboards. First steps with R Shiny</title>
      <link>/2017/01/01/the-case-for-data-dashboards.-first-steps-with-r-shiny/</link>
      <pubDate>Sun, 01 Jan 2017 00:00:00 +0000</pubDate>
      <guid>/2017/01/01/the-case-for-data-dashboards.-first-steps-with-r-shiny/</guid>
      <description>


&lt;div id=&#34;dashboards-for-data-visualisation-such-as-r-shiny-and-tableau-allow-the-interactive-exploration-of-data-by-means-of-drop-down-lists-and-checkboxes-with-no-coding-required-from-the-final-users.-the-apps-can-be-useful-for-both-the-data-analyst-and-the-public.&#34; class=&#34;section level4&#34;&gt;
&lt;h4&gt;Dashboards for data visualisation, such as &lt;a href=&#34;https://shiny.rstudio.com/&#34;&gt;R Shiny&lt;/a&gt; and &lt;a href=&#34;https://www.tableau.com/&#34;&gt;Tableau&lt;/a&gt;, allow the interactive exploration of data by means of drop-down lists and checkboxes, with no coding required from the final users. The apps can be useful for both the data analyst and the public.&lt;/h4&gt;
&lt;p&gt;&lt;img style = &#34;float: right; margin-left: 30px;&#34; width = &#34;25%&#34; src=&#34;https://media-exp1.licdn.com/dms/image/C5612AQGK2MyRynkKQg/article-inline_image-shrink_1500_2232/0?e=1585785600&amp;v=beta&amp;t=zUzndOwgBfw72NytYfbHrQG9CD4Nh1PqqoI9YDAFtY0&#34; /&gt;&lt;/p&gt;
&lt;p&gt;Visualisation apps run on internet browsers. This allows for three options: private viewing (useful during analysis), selective sharing (used within work groups), or internet publication. Among the available platforms, &lt;a href=&#34;https://shiny.rstudio.com/&#34;&gt;R Shiny&lt;/a&gt; and &lt;a href=&#34;https://www.tableau.com/&#34;&gt;Tableau&lt;/a&gt; stand out due to being relatively accessible to new users. Apps serve a broad variety of purposes (see &lt;a href=&#34;https://shiny.rstudio.com/gallery/&#34;&gt;this gallery&lt;/a&gt; and &lt;a href=&#34;https://www.tableau.com/products/desktop&#34;&gt;this one&lt;/a&gt;). In science and beyond, these apps allow us to go &lt;a href=&#34;https://www.frontiersin.org/articles/10.3389/fpsyg.2015.01782/full&#34;&gt;the extra mile in sharing data&lt;/a&gt;. Alongside files and code shared in repositories, we can present the data in a website, in the form of plots or tables. This facilitates the public exploration of each section of the data (groups, participants, trials…) &lt;a href=&#34;https://www.nature.com/articles/d41586-019-01506-x&#34;&gt;to anyone interested, and allows researchers to account for their proceeding&lt;/a&gt; in the analysis.&lt;/p&gt;
&lt;p&gt;&lt;img width = &#39;70%&#39; src=&#39;https://media-exp1.licdn.com/dms/image/C4D12AQHYcdpmcmSypg/article-inline_image-shrink_1500_2232/0?e=1585785600&amp;v=beta&amp;t=0xfTYFRu_OsWN4lkwnO1IonW6HgAuJD79443sf1-4Ms&#39; /&gt;&lt;/p&gt;
&lt;p&gt;&lt;img style = &#34;float: right; margin-left: 30px;&#34; width = &#39;60%&#39; src=&#39;https://media-exp1.licdn.com/dms/image/C4D12AQHzuOJOCZBpTA/article-inline_image-shrink_1500_2232/0?e=1585785600&amp;v=beta&amp;t=duyn6c5MvUwZHuyua1JDKnPpqlhqpwqV4W5Ye2iDupg&#39; /&gt;&lt;/p&gt;
&lt;p&gt;Publishers and journals highly encourage authors to make the most of their data by facilitating its easy exploration by the readership–even though they don’t normally offer options for hosting web visualisations yet.&lt;/p&gt;
&lt;p&gt;Apps can also prove valuable to those analysing the data. For instance, my app helped me a lot in identifying the extent of noise in a section of the data. Instead of running through a heavy score of code, the drop-down lists of the app let me seamlessly surf through the different sections.&lt;/p&gt;
&lt;p&gt;&lt;img src=&#34;https://media-exp1.licdn.com/dms/image/C4D12AQGQ_a0WksT1xQ/article-inline_image-shrink_1500_2232/0?e=1585785600&amp;amp;v=beta&amp;amp;t=KGu7N65PWyU6Gc4YFxkDluxdhX2kdeYmsjeGWCMbCzY&#34; /&gt;&lt;/p&gt;
&lt;p&gt;At a certain point, I found a data section that was consistently noisier than the rest, and eventually I had to discard it from further statistical analyses. Yet, instead of removing that from the app, I maintained it with a note attached. This particular trait in the data was rather salient.&lt;/p&gt;
&lt;p&gt;&lt;img src=&#34;https://media-exp1.licdn.com/dms/image/C4D12AQG5xrI2EYhM1w/article-inline_image-shrink_1500_2232/0?e=1585785600&amp;amp;v=beta&amp;amp;t=bSeuYdlt1B1qko_-3z27MPPRDOpNJWHAjXS_UIN3bnU&#34; /&gt;&lt;/p&gt;
&lt;p&gt;Beyond such a salient feature in the data, a visualisation app may also help to spot subtler patterns such as third variables or individual differences.&lt;/p&gt;
&lt;p&gt;There are several platforms for creating apps (e.g., Tableau, D3.js, and R Shiny). I focus on R Shiny here for three reasons: it is affordable to use, fairly accessible to new users, and well suited for science as it is based on the R language (see for instance &lt;a href=&#34;https://doi.org/10.1080/10691898.2018.1436999&#34;&gt;this article&lt;/a&gt;).&lt;/p&gt;
&lt;/div&gt;
&lt;div id=&#34;how-to-shiny&#34; class=&#34;section level4&#34;&gt;
&lt;h4&gt;How to Shiny&lt;/h4&gt;
&lt;p&gt;&lt;img style = &#34;float: right; margin-left: 30px;&#34; width = &#39;30%&#39; src=&#39;https://media-exp1.licdn.com/dms/image/C4D12AQF9JEbpZQydZQ/article-inline_image-shrink_1000_1488/0?e=1585785600&amp;v=beta&amp;t=fWrIOYlCowIAIMaj-5GLcE7k_KfAInJtw77T0eL_Mhc&#39; /&gt;&lt;/p&gt;
&lt;p&gt;Shiny apps draw on any standard R code that you may already have. This is most commonly plots or tables, but other stuff such as images or Markdown texts are valid too. This is a nice thing to keep in mind when having to create a new app. Part of the job may already be done! The app is distributed among five different areas.&lt;/p&gt;
&lt;ul&gt;
&lt;li&gt;Data file(s)
These are whatever data files you’re using (e.g., with csv or rds extensions).&lt;/li&gt;
&lt;/ul&gt;
&lt;div id=&#34;a.-server.r-script&#34; class=&#34;section level5&#34;&gt;
&lt;h5&gt;1a. &lt;code&gt;server.R&lt;/code&gt; script&lt;/h5&gt;
&lt;p&gt;The &lt;code&gt;server&lt;/code&gt; script contains the central processes: plots, tables, etc. Code that existed independently of the app app may be brought into this script by slightly adapting it. At the top, call the &lt;code&gt;shiny&lt;/code&gt; library and any others used (e.g., ‘ggplot2’), and also read in the data. The snippet below shows the beginning of an example &lt;code&gt;server.R&lt;/code&gt; script.&lt;/p&gt;
&lt;pre&gt;&lt;code&gt;
# server

library(shiny)
library(ggplot2)

EEG.ParticipantAndElectrode = readRDS(&amp;#39;EEG.ParticipantAndElectrode.rds&amp;#39;)
EEG.ParticipantAndBrainArea = readRDS(&amp;#39;EEG.ParticipantAndBrainArea.rds&amp;#39;)
EEG.GroupAndElectrode = readRDS(&amp;#39;EEG.GroupAndElectrode.rds&amp;#39;)
EEG.OLDGroupAndElectrode = readRDS(&amp;#39;EEG.OLDGroupAndElectrode.rds&amp;#39;)


server =

shinyServer(

  function(input, output) {

# plot_GroupAndElectrode:
    output$plot_GroupAndElectrode &amp;lt;- renderPlot({

dfelectrode &amp;lt;- aggregate(microvolts ~ electrode*time*condition, 
EEG.GroupAndElectrode[EEG.GroupAndElectrode$RT.based_Groups==input$var.Group,], mean)

df2 &amp;lt;- subset(dfelectrode, electrode == input$var.Electrodes.1)

df2$condition= as.factor(df2$condition)
df2$condition &amp;lt;- gsub(&amp;#39;visual2visual&amp;#39;, &amp;#39; Visual / Visual&amp;#39;, df2$condition)
df2$condition &amp;lt;- gsub(&amp;#39;haptic2visual&amp;#39;, &amp;#39; Haptic / Visual&amp;#39;, df2$condition)
df2$condition &amp;lt;- gsub(&amp;#39;auditory2visual&amp;#39;, &amp;#39; Auditory / Visual&amp;#39;, df2$condition)

df2$time &amp;lt;- as.integer(as.character(df2$time))
colours &amp;lt;- c(&amp;#39;firebrick1&amp;#39;, &amp;#39;dodgerblue&amp;#39;, &amp;#39;forestgreen&amp;#39;)
# green:visual2visual, blue:haptic2visual, red:auditory2visual

spec_title = paste0(&amp;#39;ERP waveforms for &amp;#39;, input$var.Group, &amp;#39; Group, Electrode &amp;#39;, input$var.Electrodes.1, &amp;#39; (negative values upward; time windows displayed)&amp;#39;)

plot_GroupAndElectrode = ggplot(df2, aes(x=time, y=-microvolts, color=condition)) +
  geom_rect(xmin=160, xmax=216, ymin=7.5, ymax=-8, color = &amp;#39;grey75&amp;#39;, fill=&amp;#39;black&amp;#39;, alpha=0, linetype=&amp;#39;longdash&amp;#39;) +
  geom_rect(xmin=270, xmax=370, ymin=7.5, ymax=-8, color = &amp;#39;grey75&amp;#39;, fill=&amp;#39;black&amp;#39;, alpha=0, linetype=&amp;#39;longdash&amp;#39;) +
  geom_rect(xmin=350, xmax=550, ymin=8, ymax=-7.5, color = &amp;#39;grey75&amp;#39;, fill=&amp;#39;black&amp;#39;, alpha=0, linetype=&amp;#39;longdash&amp;#39;) +
  geom_rect(xmin=500, xmax=750, ymin=7.5, ymax=-8, color = &amp;#39;grey75&amp;#39;, fill=&amp;#39;black&amp;#39;, alpha=0, linetype=&amp;#39;longdash&amp;#39;) +
  geom_line(size=1, alpha = 1) + scale_linetype_manual(values=colours) +
  scale_y_continuous(limits=c(-8.38, 8.3), breaks=seq(-8,8,by=1), expand = c(0,0.1)) +
  scale_x_continuous(limits=c(-208,808),breaks=seq(-200,800,by=100), expand = c(0.005,0), labels= c(&amp;#39;-200&amp;#39;,&amp;#39;-100 ms&amp;#39;,&amp;#39;0&amp;#39;,&amp;#39;100 ms&amp;#39;,&amp;#39;200&amp;#39;,&amp;#39;300 ms&amp;#39;,&amp;#39;400&amp;#39;,&amp;#39;500 ms&amp;#39;,&amp;#39;600&amp;#39;,&amp;#39;700 ms&amp;#39;,&amp;#39;800&amp;#39;)) +
  ggtitle(spec_title) + theme_bw() + geom_vline(xintercept=0) +
  annotate(geom=&amp;#39;segment&amp;#39;, y=seq(-8,8,1), yend=seq(-8,8,1), x=-4, xend=8, color=&amp;#39;black&amp;#39;) +
  annotate(geom=&amp;#39;segment&amp;#39;, y=-8.2, yend=-8.38, x=seq(-200,800,100), xend=seq(-200,800,100), color=&amp;#39;black&amp;#39;) +
  geom_segment(x = -200, y = 0, xend = 800, yend = 0, size=0.5, color=&amp;#39;black&amp;#39;) +
  theme(legend.position = c(0.100, 0.150), legend.background = element_rect(fill=&amp;#39;#EEEEEE&amp;#39;, size=0),
    axis.title=element_blank(), legend.key.width = unit(1.2,&amp;#39;cm&amp;#39;), legend.text=element_text(size=17),
    legend.title = element_text(size=17, face=&amp;#39;bold&amp;#39;), plot.title= element_text(size=20, hjust = 0.5, vjust=2),
    axis.text.y = element_blank(), axis.text.x = element_text(size = 14, vjust= 2.12, face=&amp;#39;bold&amp;#39;, color = &amp;#39;grey32&amp;#39;, family=&amp;#39;sans&amp;#39;),
    axis.ticks=element_blank(), panel.border = element_blank(), panel.grid.major = element_blank(), 
    panel.grid.minor = element_blank(), plot.margin = unit(c(0.1,0.1,0,0), &amp;#39;cm&amp;#39;)) +
  annotate(&amp;#39;segment&amp;#39;, x=160, xend=216, y=-8, yend=-8, colour = &amp;#39;grey75&amp;#39;, size = 1.5) +
  annotate(&amp;#39;segment&amp;#39;, x=270, xend=370, y=-8, yend=-8, colour = &amp;#39;grey75&amp;#39;, size = 1.5) +
  annotate(&amp;#39;segment&amp;#39;, x=350, xend=550, y=-7.5, yend=-7.5, colour = &amp;#39;grey75&amp;#39;, size = 1.5) +
  annotate(&amp;#39;segment&amp;#39;, x=500, xend=750, y=-8, yend=-8, colour = &amp;#39;grey75&amp;#39;, size = 1.5) +
  scale_fill_manual(name = &amp;#39;Context / Target trial&amp;#39;, values=colours) +
  scale_color_manual(name = &amp;#39;Context / Target trial&amp;#39;, values=colours) +
  guides(linetype=guide_legend(override.aes = list(size=1.2))) +
   guides(color=guide_legend(override.aes = list(size=2.5))) +
# Print y axis labels within plot area:
  annotate(&amp;#39;text&amp;#39;, label = expression(bold(&amp;#39;\u2013&amp;#39; * &amp;#39;3 &amp;#39; * &amp;#39;\u03bc&amp;#39; * &amp;#39;V&amp;#39;)), x = -29, y = 3, size = 4.5, color = &amp;#39;grey32&amp;#39;, family=&amp;#39;sans&amp;#39;) +
  annotate(&amp;#39;text&amp;#39;, label = expression(bold(&amp;#39;+3 &amp;#39; * &amp;#39;\u03bc&amp;#39; * &amp;#39;V&amp;#39;)), x = -29, y = -3, size = 4.5, color = &amp;#39;grey32&amp;#39;, family=&amp;#39;sans&amp;#39;) +
  annotate(&amp;#39;text&amp;#39;, label = expression(bold(&amp;#39;\u2013&amp;#39; * &amp;#39;6 &amp;#39; * &amp;#39;\u03bc&amp;#39; * &amp;#39;V&amp;#39;)), x = -29, y = 6, size = 4.5, color = &amp;#39;grey32&amp;#39;, family=&amp;#39;sans&amp;#39;)

print(plot_GroupAndElectrode)

output$downloadPlot.1 &amp;lt;- downloadHandler(
    filename &amp;lt;- function(file){
    paste0(input$var.Group, &amp;#39; group, electrode &amp;#39;, input$var.Electrodes.1, &amp;#39;, &amp;#39;, Sys.Date(), &amp;#39;.png&amp;#39;)},
    content &amp;lt;- function(file){
            png(file, units=&amp;#39;in&amp;#39;, width=13, height=5, res=900)
            print(plot_GroupAndElectrode)
            dev.off()},
    contentType = &amp;#39;image/png&amp;#39;)
  } )

# ...
&lt;/code&gt;&lt;/pre&gt;
&lt;p&gt;&lt;a href=&#34;https://osf.io/uj8z4/&#34;&gt;— Whole script&lt;/a&gt;&lt;/p&gt;
&lt;/div&gt;
&lt;div id=&#34;b.-ui.r-script&#34; class=&#34;section level5&#34;&gt;
&lt;h5&gt;1b. &lt;code&gt;ui.R&lt;/code&gt; script&lt;/h5&gt;
&lt;p&gt;The &lt;code&gt;ui&lt;/code&gt; script defines the user interface. For instance, a factor column in the data that has multiple categories may be neatly displayed with a drop-down list on the side bar of the website. The interface may present a central plot before by a legend key below. The snippet below shows the beginning of an example &lt;code&gt;ui.R&lt;/code&gt; script.&lt;/p&gt;
&lt;pre&gt;&lt;code&gt;
# UI

library(shiny)
library(ggplot2)

EEG.GroupAndElectrode = readRDS(&amp;#39;EEG.GroupAndElectrode.rds&amp;#39;)
EEG.ParticipantAndBrainArea = readRDS(&amp;#39;EEG.ParticipantAndBrainArea.rds&amp;#39;)
EEG.ParticipantAndElectrode = readRDS(&amp;#39;EEG.ParticipantAndElectrode.rds&amp;#39;)
EEG.OLDGroupAndElectrode = readRDS(&amp;#39;EEG.OLDGroupAndElectrode.rds&amp;#39;)


ui =

shinyUI(

   fluidPage(

    tags$head(includeHTML(&amp;#39;google-analytics.html&amp;#39;)),    # Google Analytics tag
    tags$head(tags$link(rel=&amp;#39;shortcut icon&amp;#39;, href=&amp;#39;https://image.ibb.co/fXUwzb/favic.png&amp;#39;)),  # web favicon
    tags$meta(charset=&amp;#39;UTF-8&amp;#39;),
    tags$meta(name=&amp;#39;description&amp;#39;, content=&amp;#39;This R Shiny visualisation dashboard presents data from a psycholinguistic ERP experiment (Bernabeu et al., 2017).&amp;#39;),
    tags$meta(name=&amp;#39;keywords&amp;#39;, content=&amp;#39;R, Shiny, ggplot2, visualisation, data, psycholinguistics, conceptual processing, modality switch, embodied cognition&amp;#39;),
    tags$meta(name=&amp;#39;viewport&amp;#39;, content=&amp;#39;width=device-width, initial-scale=1.0&amp;#39;),
    tags$meta(name=&amp;#39;google-site-verification&amp;#39;, content=&amp;#39;HgyhSO1YSk59r3mwlZU9XmouP5oSXmoICeRfH6ytF1k&amp;#39;),  # Google Search Console tag

    titlePanel(h3(strong(&amp;#39;Waveforms in detail from an ERP experiment on the Conceptual Modality Switch&amp;#39;), a(&amp;#39;(Bernabeu et al., 2017)&amp;#39;,
    href=&amp;#39;https://figshare.com/articles/EEG_study_on_conceptual_modality-switching_Bernabeu_et_al_in_prep_/4210863&amp;#39;, target=&amp;#39;_blank&amp;#39;,
    style = &amp;#39;color:#3E454E; text-decoration:underline; font-weight:normal&amp;#39;),    align = &amp;#39;center&amp;#39;, style = &amp;#39;color:black&amp;#39;),

    windowTitle = &amp;#39;Visualization of ERP waveforms from experiment on Conceptual Modality Switch (Bernabeu et al., 2017)&amp;#39;),


    sidebarLayout(
    sidebarPanel(width = 2,


# Condition 1 for reactivity between tabs and sidebars

   conditionalPanel(
    condition = &amp;#39;input.tabvals == 1&amp;#39;,

    h5(a(strong(&amp;#39;See paper, statistics, all data.&amp;#39;), &amp;#39;Plots by group and brain area shown in paper.&amp;#39;,
    href=&amp;#39;https://figshare.com/articles/EEG_study_on_conceptual_modality-switching_Bernabeu_et_al_in_prep_/4210863&amp;#39;,
    target=&amp;#39;_blank&amp;#39;), align = &amp;#39;center&amp;#39;),
br(),

    selectInput(&amp;#39;var.Group&amp;#39;, label = &amp;#39;Group&amp;#39;, choices = list(&amp;#39;Quick&amp;#39;,&amp;#39;Slow&amp;#39;), selected = &amp;#39;Quick&amp;#39;),
    h6(&amp;#39;Quick G.: 23 participants&amp;#39;),
    h6(&amp;#39;Slow G.: 23 participants&amp;#39;),
br(),

    selectInput(&amp;#39;var.Electrodes.1&amp;#39;, label = h5(strong(&amp;#39;Electrode&amp;#39;), br(), &amp;#39;(see montage below)&amp;#39;),
                  choices = list(&amp;#39;1&amp;#39;,&amp;#39;2&amp;#39;,&amp;#39;3&amp;#39;,&amp;#39;4&amp;#39;,&amp;#39;5&amp;#39;,&amp;#39;6&amp;#39;,&amp;#39;7&amp;#39;,&amp;#39;8&amp;#39;,&amp;#39;9&amp;#39;,&amp;#39;10&amp;#39;,
            &amp;#39;11&amp;#39;,&amp;#39;12&amp;#39;,&amp;#39;13&amp;#39;,&amp;#39;14&amp;#39;,&amp;#39;15&amp;#39;,&amp;#39;16&amp;#39;,&amp;#39;17&amp;#39;,&amp;#39;18&amp;#39;,&amp;#39;19&amp;#39;,&amp;#39;20&amp;#39;,&amp;#39;21&amp;#39;,
            &amp;#39;22&amp;#39;,&amp;#39;23&amp;#39;,&amp;#39;24&amp;#39;,&amp;#39;25&amp;#39;,&amp;#39;26&amp;#39;,&amp;#39;27&amp;#39;,&amp;#39;28&amp;#39;,&amp;#39;29&amp;#39;,&amp;#39;30&amp;#39;,&amp;#39;31&amp;#39;,&amp;#39;33&amp;#39;,
            &amp;#39;34&amp;#39;,&amp;#39;35&amp;#39;,&amp;#39;36&amp;#39;,&amp;#39;37&amp;#39;,&amp;#39;38&amp;#39;,&amp;#39;39&amp;#39;,&amp;#39;40&amp;#39;,&amp;#39;41&amp;#39;,&amp;#39;42&amp;#39;,&amp;#39;43&amp;#39;,&amp;#39;44&amp;#39;,
            &amp;#39;45&amp;#39;,&amp;#39;46&amp;#39;,&amp;#39;47&amp;#39;,&amp;#39;48&amp;#39;,&amp;#39;49&amp;#39;,&amp;#39;50&amp;#39;,&amp;#39;51&amp;#39;,&amp;#39;52&amp;#39;,&amp;#39;53&amp;#39;,&amp;#39;54&amp;#39;,&amp;#39;55&amp;#39;,
            &amp;#39;56&amp;#39;,&amp;#39;57&amp;#39;,&amp;#39;58&amp;#39;,&amp;#39;59&amp;#39;,&amp;#39;60&amp;#39;), selected = &amp;#39;30&amp;#39; ),
br(), br(),

    h6(&amp;#39;Source code:&amp;#39;),
    h6(strong(&amp;#39;-  &amp;#39;), a(&amp;#39;server.R&amp;#39;, href=&amp;#39;https://osf.io/uj8z4/&amp;#39;, target=&amp;#39;_blank&amp;#39;, style = &amp;#39;text-decoration: underline;&amp;#39;)),
    h6(strong(&amp;#39;-  &amp;#39;), a(&amp;#39;ui.R&amp;#39;, href=&amp;#39;https://osf.io/8bwcx/&amp;#39;, target=&amp;#39;_blank&amp;#39;, style = &amp;#39;text-decoration: underline;&amp;#39;)),
br(),
    h6(a(&amp;#39;CC-By 4.0 License&amp;#39;, href=&amp;#39;https://osf.io/97unm/&amp;#39;, target=&amp;#39;_blank&amp;#39;), align = &amp;#39;center&amp;#39;, style = &amp;#39;text-decoration: underline;&amp;#39;),

br(), br(), br(), br(), br(), br(), br(), br(), br(), br(), br(), br(), br(), br(),
br(), br(), br(), br(), br(), br(), br(), br(), br(), br(), br(), br(), br(), br(), br(), br(), br(), br(),

    h5(a(strong(&amp;#39;See paper, statistics, all data.&amp;#39;),
    href=&amp;#39;https://figshare.com/articles/EEG_study_on_conceptual_modality-switching_Bernabeu_et_al_in_prep_/4210863&amp;#39;,
    target=&amp;#39;_blank&amp;#39;), align = &amp;#39;center&amp;#39;),
br(), br(), br(), br(), br(), br(), br(), br()
),

# ...
&lt;/code&gt;&lt;/pre&gt;
&lt;p&gt;&lt;a href=&#34;https://osf.io/8bwcx&#34;&gt;— Whole script&lt;/a&gt;&lt;/p&gt;
&lt;/div&gt;
&lt;div id=&#34;deployment-and-logs&#34; class=&#34;section level5&#34;&gt;
&lt;h5&gt;2. Deployment and logs&lt;/h5&gt;
&lt;p&gt;This script contains the commands for deploying the app on- or off-line, and for checking the session logs in case of any errors.&lt;/p&gt;
&lt;/div&gt;
&lt;div id=&#34;automatically-created-folder&#34; class=&#34;section level5&#34;&gt;
&lt;h5&gt;3. Automatically created folder&lt;/h5&gt;
&lt;p&gt;When the app is first deployed on the internet, a subfolder is automatically created with the name ‘rsconnect’. This folder contains a text file which can be used to modify the URL and the title of the webpage.&lt;/p&gt;
&lt;p&gt;Steps to create a Shiny app from scratch:&lt;/p&gt;
&lt;p&gt;&lt;a href=&#34;https://shiny.rstudio.com/articles/shinyapps.html&#34;&gt;&lt;strong&gt;1. Tutorials (link).&lt;/strong&gt; Being open-source software, excellent directions are available through a Google search.&lt;/a&gt;&lt;/p&gt;
&lt;p&gt;&lt;img src=&#34;https://media-exp1.licdn.com/dms/image/C4D12AQGIWUkkDbIJHw/article-inline_image-shrink_1500_2232/0?e=1585785600&amp;amp;v=beta&amp;amp;t=hdYkLYrvC3-NHklASAMh4JRL2s7fllQIpzNW8hbsPzA&#34; /&gt;&lt;/p&gt;
&lt;p&gt;&lt;a href=&#34;https://shiny.rstudio.com/articles/shinyapps.html&#34;&gt;The core ideas are:&lt;/a&gt;&lt;/p&gt;
&lt;p&gt;As mentioned above, create a &lt;code&gt;ui.R&lt;/code&gt; script for the code containing the user interface, and create a &lt;code&gt;server.R&lt;/code&gt; script for the code containing the main content (your plots / tables, etc).&lt;/p&gt;
&lt;p&gt;At the top of both ui.R and server.R scripts, enter the command &lt;code&gt;library(shiny)&lt;/code&gt; and also load any other libraries you’re using (e.g., &lt;code&gt;ggplot2&lt;/code&gt;).&lt;/p&gt;
&lt;p&gt;Test your app by deploying it locally, before launching online. For this purpose, first save the &lt;code&gt;ui&lt;/code&gt; and &lt;code&gt;server&lt;/code&gt; parts independently, as in:&lt;/p&gt;
&lt;pre&gt;&lt;code&gt;
ui =

 shinyUI(

   fluidPage(

# ...
&lt;/code&gt;&lt;/pre&gt;
&lt;p&gt;Then deploy locally by running:&lt;/p&gt;
&lt;pre&gt;&lt;code&gt;shinyApp(ui, server)&lt;/code&gt;&lt;/pre&gt;
&lt;p&gt;Managing to run the app locally is a great first step before launching online (which may sometimes prove a bit trickier).&lt;/p&gt;
&lt;p&gt;&lt;a href=&#34;https://shiny.rstudio.com/articles/shinyapps.html&#34;&gt;&lt;strong&gt;2. User token (link).&lt;/strong&gt; Sign up and read in your private key—just to be done once in a computer.&lt;/a&gt;&lt;/p&gt;
&lt;p&gt;&lt;strong&gt;3. Go for it.&lt;/strong&gt; After locally testing and saving the two main scripts (&lt;code&gt;ui.R&lt;/code&gt; and &lt;code&gt;server.R&lt;/code&gt;), run &lt;code&gt;deployApp()&lt;/code&gt; to launch the app online.&lt;/p&gt;
&lt;p&gt;&lt;strong&gt;4. Bugs and session logs.&lt;/strong&gt; Most often they won’t be bugs actually, but fancies, as it were. For instance, some special characters have to get even more special (technically, UTF-8 encoding). For a character such as ‘μ’, Shiny prefers ‘Âμ’, or better, the Javascript code:&lt;/p&gt;
&lt;pre&gt;&lt;code&gt;expression(&amp;quot;\u03bc&amp;quot;)&lt;/code&gt;&lt;/pre&gt;
&lt;p&gt;Cling to your logs by calling the line below, which you may keep at hand in your ‘Shiny deployer.R’ script.&lt;/p&gt;
&lt;pre&gt;&lt;code&gt;showLogs(appPath = getwd(), appFile = NULL, appName = NULL, account = NULL,
entries = 50, streaming = FALSE)&lt;/code&gt;&lt;/pre&gt;
&lt;p&gt;At best, the log output will mention any typos and unaccepted characters, pointing to specific lines in your code.&lt;/p&gt;
&lt;p&gt;It may take a couple of intense days to get a first Shiny app running. Although the usual rabbit holes do exist, years of Shiny have already yielded a sizeable body of free resources online (tutorials, blogs, vlogs). Moreover, there’s also &lt;a href=&#34;https://community.rstudio.com/&#34;&gt;the RStudio Community&lt;/a&gt;, and then StackOverflow etc., where you can post any needs/despair. Post your code, log, and explanation, and you’ll be rescued out in a couple of days. Long live those contributors.&lt;/p&gt;
&lt;p&gt;It’s sometimes enough to upload a bare app, but you might then think it can look better.&lt;/p&gt;
&lt;p&gt;&lt;strong&gt;5&lt;/strong&gt; (optional). &lt;strong&gt;Advance.&lt;/strong&gt; Use tabs to combine multiple apps on one webpage, use different widgets, include a download option, etc. Tutorials like &lt;a href=&#34;https://www.youtube.com/watch?v=Q9sRKkaNveI&#34;&gt;this one on Youtube&lt;/a&gt; can take you there, especially those that provide the code, as in the description of that video. Use those scripts as templates. For example, I made use of tabs on the top of the dashboard in order to keep the side bar from having too many widgets. The appearance of these tabs can be adjusted. More importantly, the inputs in the sidebar can be modified depending on the active tab, by means of ‘reactivity’ conditions.&lt;/p&gt;
&lt;pre&gt;&lt;code&gt;
mainPanel(

    tags$style(HTML(&amp;#39;
        .tabbable &amp;gt; .nav &amp;gt; li &amp;gt; a                       {background-color:white; color:#3E454E}
        .tabbable &amp;gt; .nav &amp;gt; li &amp;gt; a:hover                 {background-color:#002555; color:white}
        .tabbable &amp;gt; .nav &amp;gt; li[class=active] &amp;gt; a         {background-color:#ECF4FF; color:black}
        .tabbable &amp;gt; .nav &amp;gt; li[class=active] &amp;gt; a:hover   {background-color:#E7F1FF; color:black}
    &amp;#39;)),

    tabsetPanel(id=&amp;#39;tabvals&amp;#39;,

            tabPanel(value=1, h4(strong(&amp;#39;Group &amp;amp; Electrode&amp;#39;)), br(), plotOutput(&amp;#39;plot_GroupAndElectrode&amp;#39;),
            h5(a(strong(&amp;#39;See plots with 95% Confidence Intervals&amp;#39;), href=&amp;#39;https://osf.io/2tpxn/&amp;#39;,
            target=&amp;#39;_blank&amp;#39;), style=&amp;#39;text-decoration: underline;&amp;#39;), 
            downloadButton(&amp;#39;downloadPlot.1&amp;#39;, &amp;#39;Download HD plot&amp;#39;), br(), br(),
            # EEG montage
            img(src=&amp;#39;https://preview.ibb.co/n7qiYR/EEG_montage.png&amp;#39;, height=500, width=1000)),

            tabPanel(value=2, h4(strong(&amp;#39;Participant &amp;amp; Area&amp;#39;)), br(), plotOutput(&amp;#39;plot_ParticipantAndLocation&amp;#39;),
            h5(a(strong(&amp;#39;See plots with 95% Confidence Intervals&amp;#39;), href=&amp;#39;https://osf.io/86ch9/&amp;#39;,
            target=&amp;#39;_blank&amp;#39;), style=&amp;#39;text-decoration: underline;&amp;#39;), 
            downloadButton(&amp;#39;downloadPlot.2&amp;#39;, &amp;#39;Download HD plot&amp;#39;), br(), br(),
            # EEG montage
            img(src=&amp;#39;https://preview.ibb.co/n7qiYR/EEG_montage.png&amp;#39;, height=500, width=1000)),

            tabPanel(value=3, h4(strong(&amp;#39;Participant &amp;amp; Electrode&amp;#39;)), br(), plotOutput(&amp;#39;plot_ParticipantAndElectrode&amp;#39;),
            br(), downloadButton(&amp;#39;downloadPlot.3&amp;#39;, &amp;#39;Download HD plot&amp;#39;), br(), br(),
            # EEG montage
            img(src=&amp;#39;https://preview.ibb.co/n7qiYR/EEG_montage.png&amp;#39;, height=500, width=1000)),

            tabPanel(value=4, h4(strong(&amp;#39;OLD Group &amp;amp; Electrode&amp;#39;)), br(), plotOutput(&amp;#39;plot_OLDGroupAndElectrode&amp;#39;),
            h5(a(strong(&amp;#39;See plots with 95% Confidence Intervals&amp;#39;), href=&amp;#39;https://osf.io/dvs2z/&amp;#39;,
            target=&amp;#39;_blank&amp;#39;), style=&amp;#39;text-decoration: underline;&amp;#39;), 
            downloadButton(&amp;#39;downloadPlot.4&amp;#39;, &amp;#39;Download HD plot&amp;#39;), br(), br(),
            # EEG montage
            img(src=&amp;#39;https://preview.ibb.co/n7qiYR/EEG_montage.png&amp;#39;, height=500, width=1000))
    ),
&lt;/code&gt;&lt;/pre&gt;
&lt;p&gt;&lt;br&gt;&lt;/p&gt;
&lt;p&gt;The &lt;a href=&#34;https://shiny.rstudio.com/gallery/&#34;&gt;official Shiny gallery&lt;/a&gt; offers a great array of apps including their code (e.g., &lt;a href=&#34;https://shiny.rstudio.com/gallery/kmeans-example.html&#34;&gt;basic example&lt;/a&gt;). Another feature you may add is the option to download your plots, tables, data…&lt;/p&gt;
&lt;pre&gt;&lt;code&gt;
# In ui.R script

downloadButton(&amp;#39;downloadPlot.1&amp;#39;, &amp;#39;Download HD plot&amp;#39;)

#___________________________________________________


# In server.R script

spec_title = paste0(&amp;#39;ERP waveforms for &amp;#39;, input$var.Group, &amp;#39; Group, Electrode &amp;#39;, input$var.Electrodes.1, &amp;#39; (negative values upward; time windows displayed)&amp;#39;)

plot_GroupAndElectrode = ggplot(df2, aes(x=time, y=-microvolts, color=condition)) +
  geom_rect(xmin=160, xmax=216, ymin=7.5, ymax=-8, color = &amp;#39;grey75&amp;#39;, fill=&amp;#39;black&amp;#39;, alpha=0, linetype=&amp;#39;longdash&amp;#39;) +
  geom_rect(xmin=270, xmax=370, ymin=7.5, ymax=-8, color = &amp;#39;grey75&amp;#39;, fill=&amp;#39;black&amp;#39;, alpha=0, linetype=&amp;#39;longdash&amp;#39;) +
  geom_rect(xmin=350, xmax=550, ymin=8, ymax=-7.5, color = &amp;#39;grey75&amp;#39;, fill=&amp;#39;black&amp;#39;, alpha=0, linetype=&amp;#39;longdash&amp;#39;) +
  geom_rect(xmin=500, xmax=750, ymin=7.5, ymax=-8, color = &amp;#39;grey75&amp;#39;, fill=&amp;#39;black&amp;#39;, alpha=0, linetype=&amp;#39;longdash&amp;#39;) +
  geom_line(size=1, alpha = 1) + scale_linetype_manual(values=colours) +
  scale_y_continuous(limits=c(-8.38, 8.3), breaks=seq(-8,8,by=1), expand = c(0,0.1)) +
  scale_x_continuous(limits=c(-208,808),breaks=seq(-200,800,by=100), expand = c(0.005,0), labels= c(&amp;#39;-200&amp;#39;,&amp;#39;-100 ms&amp;#39;,&amp;#39;0&amp;#39;,&amp;#39;100 ms&amp;#39;,&amp;#39;200&amp;#39;,&amp;#39;300 ms&amp;#39;,&amp;#39;400&amp;#39;,&amp;#39;500 ms&amp;#39;,&amp;#39;600&amp;#39;,&amp;#39;700 ms&amp;#39;,&amp;#39;800&amp;#39;)) +
  ggtitle(spec_title) + theme_bw() + geom_vline(xintercept=0) +
  annotate(geom=&amp;#39;segment&amp;#39;, y=seq(-8,8,1), yend=seq(-8,8,1), x=-4, xend=8, color=&amp;#39;black&amp;#39;) +
  annotate(geom=&amp;#39;segment&amp;#39;, y=-8.2, yend=-8.38, x=seq(-200,800,100), xend=seq(-200,800,100), color=&amp;#39;black&amp;#39;) +
  geom_segment(x = -200, y = 0, xend = 800, yend = 0, size=0.5, color=&amp;#39;black&amp;#39;) +
  theme(legend.position = c(0.100, 0.150), legend.background = element_rect(fill=&amp;#39;#EEEEEE&amp;#39;, size=0),
    axis.title=element_blank(), legend.key.width = unit(1.2,&amp;#39;cm&amp;#39;), legend.text=element_text(size=17),
    legend.title = element_text(size=17, face=&amp;#39;bold&amp;#39;), plot.title= element_text(size=20, hjust = 0.5, vjust=2),
    axis.text.y = element_blank(), axis.text.x = element_text(size = 14, vjust= 2.12, face=&amp;#39;bold&amp;#39;, color = &amp;#39;grey32&amp;#39;, family=&amp;#39;sans&amp;#39;),
    axis.ticks=element_blank(), panel.border = element_blank(), panel.grid.major = element_blank(), 
    panel.grid.minor = element_blank(), plot.margin = unit(c(0.1,0.1,0,0), &amp;#39;cm&amp;#39;)) +
  annotate(&amp;#39;segment&amp;#39;, x=160, xend=216, y=-8, yend=-8, colour = &amp;#39;grey75&amp;#39;, size = 1.5) +
  annotate(&amp;#39;segment&amp;#39;, x=270, xend=370, y=-8, yend=-8, colour = &amp;#39;grey75&amp;#39;, size = 1.5) +
  annotate(&amp;#39;segment&amp;#39;, x=350, xend=550, y=-7.5, yend=-7.5, colour = &amp;#39;grey75&amp;#39;, size = 1.5) +
  annotate(&amp;#39;segment&amp;#39;, x=500, xend=750, y=-8, yend=-8, colour = &amp;#39;grey75&amp;#39;, size = 1.5) +
  scale_fill_manual(name = &amp;#39;Context / Target trial&amp;#39;, values=colours) +
  scale_color_manual(name = &amp;#39;Context / Target trial&amp;#39;, values=colours) +
  guides(linetype=guide_legend(override.aes = list(size=1.2))) +
   guides(color=guide_legend(override.aes = list(size=2.5))) +
# Print y axis labels within plot area:
  annotate(&amp;#39;text&amp;#39;, label = expression(bold(&amp;#39;\u2013&amp;#39; * &amp;#39;3 &amp;#39; * &amp;#39;\u03bc&amp;#39; * &amp;#39;V&amp;#39;)), x = -29, y = 3, size = 4.5, color = &amp;#39;grey32&amp;#39;, family=&amp;#39;sans&amp;#39;) +
  annotate(&amp;#39;text&amp;#39;, label = expression(bold(&amp;#39;+3 &amp;#39; * &amp;#39;\u03bc&amp;#39; * &amp;#39;V&amp;#39;)), x = -29, y = -3, size = 4.5, color = &amp;#39;grey32&amp;#39;, family=&amp;#39;sans&amp;#39;) +
  annotate(&amp;#39;text&amp;#39;, label = expression(bold(&amp;#39;\u2013&amp;#39; * &amp;#39;6 &amp;#39; * &amp;#39;\u03bc&amp;#39; * &amp;#39;V&amp;#39;)), x = -29, y = 6, size = 4.5, color = &amp;#39;grey32&amp;#39;, family=&amp;#39;sans&amp;#39;)

print(plot_GroupAndElectrode)

output$downloadPlot.1 &amp;lt;- downloadHandler(
    filename &amp;lt;- function(file){
    paste0(input$var.Group, &amp;#39; group, electrode &amp;#39;, input$var.Electrodes.1, &amp;#39;, &amp;#39;, Sys.Date(), &amp;#39;.png&amp;#39;)},
    content &amp;lt;- function(file){
            png(file, units=&amp;#39;in&amp;#39;, width=13, height=5, res=900)
            print(plot_GroupAndElectrode)
            dev.off()},
    contentType = &amp;#39;image/png&amp;#39;)
  } )
&lt;/code&gt;&lt;/pre&gt;
&lt;p&gt;&lt;br&gt;&lt;/p&gt;
&lt;p&gt;Apps can include any text, such as explanations of any length and web links. For instance, we can link back to the data repository, where the code for the app can be found.&lt;/p&gt;
&lt;p&gt;&lt;img src=&#34;https://media-exp1.licdn.com/dms/image/C4D12AQGwmyG6UdLgZg/article-inline_image-shrink_1500_2232/0?e=1585785600&amp;amp;v=beta&amp;amp;t=qrZzrv5OyEosGhkx6ObpG7FoW0-K4MT3_jr6gZ5RTeE&#34; /&gt;&lt;/p&gt;
&lt;p&gt;An example of a &lt;a href=&#34;https://pablobernabeu.shinyapps.io/ERP-waveform-visualization_CMS-experiment/&#34;&gt;Shiny app is available&lt;/a&gt;, which may also be &lt;a href=&#34;https://mybinder.org/v2/gh/pablobernabeu/Modality-switch-effects-emerge-early-and-increase-throughout-conceptual-processing/master?urlpath=rstudio&#34;&gt;edited and run in this RStudio environment&lt;/a&gt;, inside the ‘Shiny-app’ folder.&lt;/p&gt;
&lt;p&gt;The Shiny server (shinyapps.io) allows publishing dashboards built with various frameworks besides Shiny proper. &lt;a href=&#34;https://rmarkdown.rstudio.com/flexdashboard/&#34;&gt;Flexdashboard&lt;/a&gt; and &lt;a href=&#34;https://rstudio.github.io/shinydashboard/&#34;&gt;Shinydashboard&lt;/a&gt; are two of these frameworks, which have visible advantages over basic Shiny, in terms of layout. An &lt;a href=&#34;https://pablobernabeu.shinyapps.io/Dutch-modality-exclusivity-norms/&#34;&gt;example with Flexdashboard is available&lt;/a&gt;.&lt;/p&gt;
&lt;p align=&#34;center&#34;&gt;
★ &lt;b&gt; Flexdashboard &lt;/b&gt; ★
&lt;/p&gt;
&lt;p align=&#34;center&#34;&gt;
★ ★ &lt;b&gt; Shiny &lt;/b&gt; ★ ★
&lt;/p&gt;
&lt;p align=&#34;center&#34;&gt;
★ ★ ★ &lt;b&gt; Flexdashboard-Shiny &lt;/b&gt; ★ ★ ★
&lt;/p&gt;
&lt;p&gt;&lt;img src=&#34;https://raw.githubusercontent.com/pablobernabeu/data-is-present/master/dashboard%20gif.gif&#34; /&gt;&lt;/p&gt;
&lt;/div&gt;
&lt;/div&gt;
&lt;div id=&#34;logistics&#34; class=&#34;section level4&#34;&gt;
&lt;h4&gt;Logistics&lt;/h4&gt;
&lt;p&gt;Memory capacity can become an issue as you go on, which will be flagged in the error logs as: ‘Shiny cannot use on-disk bookmarking’. This doesn’t necessarily lead you to a paid subscription or to &lt;a href=&#34;https://www.r-bloggers.com/alternative-approaches-to-scaling-shiny-with-rstudio-shiny-server-shinyproxy-or-custom-architecture/&#34;&gt;host the website on a custom server&lt;/a&gt;. Try pruning the data file, outsourcing data sections across the five available apps.&lt;/p&gt;
&lt;p&gt;App providers have specific terms of use. To begin, Shiny has a free starter license with limited use, where free apps can handle a certain amount of data, and up to five apps may be created. Beyond that, RStudio offers a wide range of &lt;a href=&#34;http://www.shinyapps.io/#_pricing&#34;&gt;subscriptions&lt;/a&gt; starting at $9/month. For its part, Tableau in principle deals only with &lt;a href=&#34;https://www.tableau.com/pricing&#34;&gt;subscriptions&lt;/a&gt; from $35/month on. While they offer 1-year licenses to students and instructors for free, these don’t include web hosting, unlike Shiny’s free plan. &lt;a href=&#34;https://www.linkedin.com/pulse/r-shiny-v-tableau-dawn-graphics-anand-gupta?lipi=urn%3Ali%3Apage%3Ad_flagship3_pulse_read%3BCDbB2MVuQA6l%2BRNxwqWzQg%3D%3D&#34;&gt;Further comparisons&lt;/a&gt; of these platforms are available online. Last, I’ll just mention a third language, &lt;a href=&#34;https://d3js.org/&#34;&gt;D3&lt;/a&gt;, which is powerful, and may also be used &lt;a href=&#34;https://rstudio.github.io/r2d3/&#34;&gt;through R&lt;/a&gt;.&lt;/p&gt;
&lt;p&gt;In the case of very heavy data or frequent public use, if you don’t want to host your Shiny app externally, you might consider rendering a PDF with your visualisations instead.&lt;/p&gt;
&lt;pre&gt;&lt;code&gt;
pdf(&amp;quot;List of plots per page&amp;quot;, width=13, height=5)
print(plot1)
print(plot2)
# ...
print(plot150)
dev.off()
&lt;/code&gt;&lt;/pre&gt;
&lt;p&gt;High-resolution plots can be rendered into a PDF document in a snap. Conveniently, all text is indexed, so it can be searched (Ctrl+f / Cmd+f / 🔍) (&lt;a href=&#34;https://osf.io/2tpxn/&#34;&gt;see example&lt;/a&gt;). Furthermore, you may also &lt;a href=&#34;http://www.ilovepdf.com/&#34;&gt;merge the rendered PDF&lt;/a&gt; with any other documents.&lt;/p&gt;
&lt;p&gt;Summary in &lt;a href=&#34;https://www.slideshare.net/PabloBernabeu/presenting-data-interactively-online-using-r-shiny-126064157&#34;&gt;slides available&lt;/a&gt;.&lt;/p&gt;
&lt;iframe src=&#34;//www.slideshare.net/slideshow/embed_code/key/mDJ6IF1RGTiAR8&#34; width=&#34;595&#34; height=&#34;485&#34; frameborder=&#34;0&#34; marginwidth=&#34;0&#34; marginheight=&#34;0&#34; scrolling=&#34;no&#34; style=&#34;border:1px solid #CCC; border-width:1px; margin-bottom:5px; max-width: 100%;&#34; allowfullscreen&gt;
&lt;/iframe&gt;
&lt;div style=&#34;margin-bottom:5px&#34;&gt;
&lt;strong&gt; &lt;a href=&#34;//www.slideshare.net/PabloBernabeu/presenting-data-interactively-online-using-r-shiny-126064157&#34; title=&#34;Presenting data interactively online using R Shiny&#34; target=&#34;_blank&#34;&gt;Presenting data interactively online using R Shiny&lt;/a&gt; &lt;/strong&gt; from &lt;strong&gt;&lt;a href=&#34;https://www.slideshare.net/PabloBernabeu&#34; target=&#34;_blank&#34;&gt;Pablo Bernabeu&lt;/a&gt;&lt;/strong&gt;
&lt;/div&gt;
&lt;p&gt;&lt;br&gt;&lt;/p&gt;
&lt;p&gt;Feel free to share any thoughts or questions in a comment below.&lt;/p&gt;
&lt;/div&gt;
</description>
    </item>
    
  </channel>
</rss>
