<?xml version="1.0" encoding="utf-8" standalone="yes" ?>
<rss version="2.0" xmlns:atom="http://www.w3.org/2005/Atom">
  <channel>
    <title>Demo | Pablo Bernabeu</title>
    <link>/tags/demo/</link>
      <atom:link href="/tags/demo/index.xml" rel="self" type="application/rss+xml" />
    <description>Demo</description>
    <generator>Source Themes Academic (https://sourcethemes.com/academic/)</generator><language>en-uk</language><copyright>© Pablo Bernabeu, 2020 — [CC BY Attribution licence](https://creativecommons.org/licenses/by/4.0/). Cookies only used [by Disqus to enable comments](https://help.disqus.com/en/articles/1717155-use-of-cookies).</copyright><lastBuildDate>Wed, 27 Apr 2016 00:00:00 +0000</lastBuildDate>
    <image>
      <url>/img/pablobernabeu_image_sharing.png</url>
      <title>Demo</title>
      <link>/tags/demo/</link>
    </image>
    
    <item>
      <title>External Project</title>
      <link>/project/external-project/</link>
      <pubDate>Wed, 27 Apr 2016 00:00:00 +0000</pubDate>
      <guid>/project/external-project/</guid>
      <description></description>
    </item>
    
  </channel>
</rss>
