<?xml version="1.0" encoding="utf-8" standalone="yes" ?>
<rss version="2.0" xmlns:atom="http://www.w3.org/2005/Atom">
  <channel>
    <title>Authors | Pablo Bernabeu</title>
    <link>/authors/</link>
      <atom:link href="/authors/index.xml" rel="self" type="application/rss+xml" />
    <description>Authors</description>
    <generator>Source Themes Academic (https://sourcethemes.com/academic/)</generator><language>en-uk</language><copyright>© Pablo Bernabeu, 2020. [Creative Commons BY Attribution licence](https://creativecommons.org/licenses/by/4.0/). Cookies only used by Disqus to enable comments ([see details](https://help.disqus.com/en/articles/1717155-use-of-cookies)).</copyright>
    <image>
      <url>/img/pablobernabeu_sharing_image.png</url>
      <title>Authors</title>
      <link>/authors/</link>
    </image>
    
  </channel>
</rss>
