<?xml version="1.0" encoding="utf-8" standalone="yes" ?>
<rss version="2.0" xmlns:atom="http://www.w3.org/2005/Atom">
  <channel>
    <title>language evolution | Pablo Bernabeu</title>
    <link>/tags/language-evolution/</link>
      <atom:link href="/tags/language-evolution/index.xml" rel="self" type="application/rss+xml" />
    <description>language evolution</description>
    <generator>Source Themes Academic (https://sourcethemes.com/academic/)</generator><language>en-uk</language><copyright>© Pablo Bernabeu, 2020. [CC BY Attribution licence](https://creativecommons.org/licenses/by/4.0/). Cookies only used by Disqus to enable comments ([see details](https://help.disqus.com/en/articles/1717155-use-of-cookies)).</copyright><lastBuildDate>Thu, 01 Jan 2015 00:00:00 +0000</lastBuildDate>
    <image>
      <url>/img/pablobernabeu_image_sharing.png</url>
      <title>language evolution</title>
      <link>/tags/language-evolution/</link>
    </image>
    
    <item>
      <title>Language evolution: current status and future directions</title>
      <link>/publication/bernabeu_vogt2015/</link>
      <pubDate>Thu, 01 Jan 2015 00:00:00 +0000</pubDate>
      <guid>/publication/bernabeu_vogt2015/</guid>
      <description>&lt;h3 id=&#34;reference&#34;&gt;Reference&lt;/h3&gt;
&lt;p&gt;Bernabeu, P., &amp;amp; Vogt, P. (2015). Language evolution: current status and future directions. &lt;em&gt;Tenth Language at the University of Essex (LangUE) Postgraduate Conference&lt;/em&gt;. &lt;a href=&#34;https://researchgate.net/publication/280858062/&#34;&gt;https://researchgate.net/publication/280858062/&lt;/a&gt;&lt;/p&gt;
</description>
    </item>
    
  </channel>
</rss>
