<?xml version="1.0" encoding="utf-8" standalone="yes" ?>
<rss version="2.0" xmlns:atom="http://www.w3.org/2005/Atom">
  <channel>
    <title>Psychological Science Accelerator | Pablo Bernabeu</title>
    <link>/tags/psychological-science-accelerator/</link>
      <atom:link href="/tags/psychological-science-accelerator/index.xml" rel="self" type="application/rss+xml" />
    <description>Psychological Science Accelerator</description>
    <generator>Source Themes Academic (https://sourcethemes.com/academic/)</generator><language>en-uk</language><copyright>© Pablo Bernabeu, 2020. [CC BY Attribution licence](https://creativecommons.org/licenses/by/4.0/). Cookies only used by Disqus to enable comments ([see details](https://help.disqus.com/en/articles/1717155-use-of-cookies)).</copyright><lastBuildDate>Wed, 01 Jan 2020 00:00:00 +0000</lastBuildDate>
    <image>
      <url>/img/pablobernabeu_image_sharing.png</url>
      <title>Psychological Science Accelerator</title>
      <link>/tags/psychological-science-accelerator/</link>
    </image>
    
    <item>
      <title>Investigating object orientation effects across 14 languages</title>
      <link>/publication/chen-etal-inprep/</link>
      <pubDate>Wed, 01 Jan 2020 00:00:00 +0000</pubDate>
      <guid>/publication/chen-etal-inprep/</guid>
      <description>&lt;h4 id=&#34;nbsp-i-classfas-fa-eyeinbsp-a-hrefhttpsosfioh36wrvideo-demonstration-of-the-procedure-followed-in-our-laba&#34;&gt;  &lt;i class=&#34;fas fa-eye&#34;&gt;&lt;/i&gt;  &lt;a href=&#39;https://osf.io/h36wr/&#39;&gt;Video demonstration of the procedure followed in our lab&lt;/a&gt;&lt;/h4&gt;
&lt;h4 id=&#34;reference&#34;&gt;Reference&lt;/h4&gt;
&lt;div style = &#34;text-indent:-2em; margin-left:2em;&#34;&gt;
&lt;p&gt;Chen, S., Szabelska, A., Chartier, C. R., Kekecs, Z., Lynott, D., Bernabeu, P., … Schmidt, K. (conditionally accepted). Investigating object orientation effects across 14 languages. &lt;em&gt;Psychonomic Bulletin and Review&lt;/em&gt;. &lt;a href=&#34;https://doi.org/10.31234/osf.io/t2pjv/&#34;&gt;https://doi.org/10.31234/osf.io/t2pjv/&lt;/a&gt;&lt;/p&gt;
&lt;/div&gt;
</description>
    </item>
    
  </channel>
</rss>
