<?xml version="1.0" encoding="utf-8" standalone="yes" ?>
<rss version="2.0" xmlns:atom="http://www.w3.org/2005/Atom">
  <channel>
    <title>research | Pablo Bernabeu</title>
    <link>/categories/research/</link>
      <atom:link href="/categories/research/index.xml" rel="self" type="application/rss+xml" />
    <description>research</description>
    <generator>Source Themes Academic (https://sourcethemes.com/academic/)</generator><language>en-uk</language><copyright>© Pablo Bernabeu, 2020 — [CC BY Attribution licence](https://creativecommons.org/licenses/by/4.0/). Cookies only used [by Disqus to enable comments](https://help.disqus.com/en/articles/1717155-use-of-cookies).</copyright><lastBuildDate>Fri, 29 May 2020 00:00:00 +0000</lastBuildDate>
    <image>
      <url>/img/pablobernabeu_image_sharing.png</url>
      <title>research</title>
      <link>/categories/research/</link>
    </image>
    
    <item>
      <title>How to engage Research Group Leaders in sustainable software practices</title>
      <link>/2020/how-to-engage-research-group-leaders-in-sustainable-software-practices/</link>
      <pubDate>Fri, 29 May 2020 00:00:00 +0000</pubDate>
      <guid>/2020/how-to-engage-research-group-leaders-in-sustainable-software-practices/</guid>
      <description>



</description>
    </item>
    
  </channel>
</rss>
