<?xml version="1.0" encoding="utf-8" standalone="yes" ?>
<rss version="2.0" xmlns:atom="http://www.w3.org/2005/Atom">
  <channel>
    <title>modality exclusivity norms | Pablo Bernabeu</title>
    <link>/tags/modality-exclusivity-norms/</link>
      <atom:link href="/tags/modality-exclusivity-norms/index.xml" rel="self" type="application/rss+xml" />
    <description>modality exclusivity norms</description>
    <generator>Source Themes Academic (https://sourcethemes.com/academic/)</generator><language>en-uk</language><copyright>© Pablo Bernabeu, 2020 — [CC BY Attribution licence](https://creativecommons.org/licenses/by/4.0/). Cookies only used [by Disqus to enable comments](https://help.disqus.com/en/articles/1717155-use-of-cookies).</copyright><lastBuildDate>Sun, 01 Jan 2017 00:00:00 +0000</lastBuildDate>
    <image>
      <url>/img/pablobernabeu_image_sharing.png</url>
      <title>modality exclusivity norms</title>
      <link>/tags/modality-exclusivity-norms/</link>
    </image>
    
    <item>
      <title>Dutch modality exclusivity norms</title>
      <link>/applications-and-dashboards/bernabeu-etal-2017-modalitynorms/</link>
      <pubDate>Sun, 01 Jan 2017 00:00:00 +0000</pubDate>
      <guid>/applications-and-dashboards/bernabeu-etal-2017-modalitynorms/</guid>
      <description>&lt;a href=&#39;../../dashboards/Dutch-modality-exclusivity-norms/d.html&#39;&gt;
      &lt;button style = &#34;background-color: white; color: black; border: 2px solid #4CAF50; border-radius: 12px;&#34;&gt;
      &lt;h3 style = &#34;margin-top: 7px !important; margin-left: 9px !important; margin-right: 9px !important;&#34;&gt; 
      &lt;span style=&#34;color:#DBE6DA;&#34;&gt;&lt;i class=&#34;fas fa-mouse-pointer&#34;&gt;&lt;/i&gt;&lt;/span&gt;&amp;nbsp; Reduced dashboard &lt;font style=&#39;font-size:60%;&#39;&gt;&lt;i&gt;Flexdashboard&lt;/i&gt;&lt;/font&gt; &lt;/h3&gt;&lt;/button&gt;&lt;/a&gt; &amp;nbsp; 
&lt;br&gt;
&lt;br&gt;
&lt;a href=&#39;https://pablobernabeu.shinyapps.io/Dutch-modality-exclusivity-norms&#39;&gt;
      &lt;button style = &#34;background-color: white; color: black; border: 2px solid #196F27; border-radius: 12px;&#34;&gt;
      &lt;h3 style = &#34;margin-top: 7px !important; margin-left: 9px !important; margin-right: 9px !important;&#34;&gt; 
      &lt;span style=&#34;color:#DBE6DA;&#34;&gt;&lt;i class=&#34;fas fa-mouse-pointer&#34;&gt;&lt;/i&gt;&lt;/span&gt;&amp;nbsp; Complete dashboard &lt;font style=&#39;font-size:60%;&#39;&gt;&lt;i&gt;Flexdashboard-Shiny&lt;/i&gt;&lt;/font&gt; &lt;/h3&gt;&lt;/button&gt;&lt;/a&gt;
&lt;br&gt;
&lt;br&gt;
&lt;p&gt;This web application presents linguistic data over several tabs. The code combines the great front-end of Flexdashboard—based on R Markdown and yielding an unmatched user interface—, with the great back-end of Shiny—allowing users to download sections of data they select, in various formats.&lt;/p&gt;
&lt;ul&gt;
&lt;li&gt;
&lt;p&gt;A cool, recent finding was the reactable package, which puts Javascript into the cells, allowing coloured bars, etc.&lt;/p&gt;
&lt;pre&gt;&lt;code&gt;  
Auditory = colDef(header = with_tooltip(&#39;Auditory Rating&#39;,
                                        &#39;Mean rating of each word on the auditory modality across participants.&#39;),
                  cell = function(value) {
                    width &amp;lt;- paste0(value / max(table_data$Auditory) * 100, &amp;quot;%&amp;quot;)
                    value = sprintf(&amp;quot;%.2f&amp;quot;, round(value,2))  # Round to two digits, keeping trailing zeros
                    bar_chart(value, width = width, fill = &#39;#ff3030&#39;)
                    },
                  align = &#39;left&#39;),
  
&lt;/code&gt;&lt;/pre&gt;
&lt;/li&gt;
&lt;li&gt;
&lt;p&gt;One of the hardest nuts to crack was allowing the full functionality of tables—i.e, scaling to screen, frozen header, and vertical and horizontal scrolling—whilst having tweaked the vertical/horizontal orientation of the dashboard sections. Initial clashes were sorted by adjusting the section&amp;rsquo;s CSS styles&lt;/p&gt;
&lt;pre&gt;&lt;code&gt;Table {#table style=&amp;quot;background-color:#FCFCFC;&amp;quot;}
=======================================================================
  
Inputs {.sidebar style=&#39;position:fixed; padding-top: 65px; padding-bottom:30px;&#39;}
-----------------------------------------------------------------------
&lt;/code&gt;&lt;/pre&gt;
&lt;p&gt;and by also adjusting the reactable settings.&lt;/p&gt;
&lt;pre&gt;&lt;code&gt;  
renderReactable({
  reactable(selected_words(),
            defaultSorted = list(cat = &#39;desc&#39;, word = &#39;asc&#39;),
            defaultColDef = colDef(footerStyle = list(fontWeight = &amp;quot;bold&amp;quot;)),
            height = 840, striped = TRUE, pagination = FALSE, highlight = TRUE,
  
&lt;/code&gt;&lt;/pre&gt;
&lt;/li&gt;
&lt;li&gt;
&lt;p&gt;A nice feature, especially suited to Flexdashboard, was the use of different formats across tabs. Whereas the Info tab presents long text using HTML and CSS styling, along with rmarkdown code output, the other tabs rely more strongly on Javascript features, enabled by R packages such as ‘shiny’ and sweetalert (e.g., allowing modal dialogs—pop-ups), reactable and plotly (e.g., allowing information opened by hovering—tooltips).&lt;/p&gt;
&lt;pre&gt;&lt;code&gt;```{r}
  
# reactive for the word bar
highlighted_properties = reactive(input$highlighted_properties)
  
renderPlotly({
 ggplotly(
  ggplot( selected_props(), aes(RC1, RC2, label = as.character(word), color = main, 
    # Html tags below used for format. Decimals rounded to two.
    text = paste0(&#39; &#39;, &#39;&amp;lt;span style=&amp;quot;padding-top:3px; padding-bottom:3px; font-size:2.2em; color:#EEEEEE&amp;quot;&amp;gt;&#39;, capitalize(word), &#39;&amp;lt;/span&amp;gt; &#39;, &#39;&amp;lt;br&amp;gt;&#39;,
     &#39;&amp;lt;/b&amp;gt;&amp;lt;br&amp;gt;&amp;lt;span style=&amp;quot;color:#EEEEEE&amp;quot;&amp;gt; Dominant modality: &amp;lt;/span&amp;gt;&amp;lt;b style=&amp;quot;color:#EEEEEE&amp;quot;&amp;gt;&#39;, main, &#39; &#39;,
     &#39; &#39;, &#39;&amp;lt;/b&amp;gt;&amp;lt;br&amp;gt;&amp;lt;span style=&amp;quot;color:#EEEEEE&amp;quot;&amp;gt; Modality exclusivity: &amp;lt;/span&amp;gt;&amp;lt;b style=&amp;quot;color:#EEEEEE&amp;quot;&amp;gt;&#39;, sprintf(&amp;quot;%.2f&amp;quot;, round(Exclusivity, 2)), &#39;% &#39;,
     &#39;&amp;lt;/b&amp;gt;&amp;lt;br&amp;gt;&amp;lt;span style=&amp;quot;color:#EEEEEE&amp;quot;&amp;gt; Perceptual strength: &amp;lt;/span&amp;gt;&amp;lt;b style=&amp;quot;color:#EEEEEE&amp;quot;&amp;gt;&#39;, sprintf(&amp;quot;%.2f&amp;quot;, round(Perceptualstrength, 2)),
     &#39;&amp;lt;/b&amp;gt;&amp;lt;br&amp;gt;&amp;lt;span style=&amp;quot;color:#EEEEEE&amp;quot;&amp;gt; Auditory rating: &amp;lt;/span&amp;gt;&amp;lt;b style=&amp;quot;color:#EEEEEE&amp;quot;&amp;gt;&#39;, sprintf(&amp;quot;%.2f&amp;quot;, round(Auditory, 2)), &#39; &#39;,
     &#39;&amp;lt;/b&amp;gt;&amp;lt;br&amp;gt;&amp;lt;span style=&amp;quot;color:#EEEEEE&amp;quot;&amp;gt; Haptic rating: &amp;lt;/span&amp;gt;&amp;lt;b style=&amp;quot;color:#EEEEEE&amp;quot;&amp;gt;&#39;, sprintf(&amp;quot;%.2f&amp;quot;, round(Haptic, 2)), &#39; &#39;,
     &#39;&amp;lt;/b&amp;gt;&amp;lt;br&amp;gt;&amp;lt;span style=&amp;quot;color:#EEEEEE&amp;quot;&amp;gt; Visual rating: &amp;lt;/span&amp;gt;&amp;lt;b style=&amp;quot;color:#EEEEEE&amp;quot;&amp;gt;&#39;, sprintf(&amp;quot;%.2f&amp;quot;, round(Visual, 2)), &#39; &#39;,
     &#39;&amp;lt;/b&amp;gt;&amp;lt;br&amp;gt;&amp;lt;span style=&amp;quot;color:#EEEEEE&amp;quot;&amp;gt; Concreteness (Brysbaert et al., 2014): &amp;lt;/span&amp;gt;&amp;lt;b style=&amp;quot;color:#EEEEEE&amp;quot;&amp;gt;&#39;, 
       sprintf(&amp;quot;%.2f&amp;quot;, round(concrete_Brysbaertetal2014, 2)), &#39; &#39;,
     &#39;&amp;lt;/b&amp;gt;&amp;lt;br&amp;gt;&amp;lt;span style=&amp;quot;color:#EEEEEE&amp;quot;&amp;gt; Number of letters: &amp;lt;/span&amp;gt;&amp;lt;b style=&amp;quot;color:#EEEEEE&amp;quot;&amp;gt;&#39;, letters, &#39; &#39;,
     &#39;&amp;lt;/b&amp;gt;&amp;lt;br&amp;gt;&amp;lt;span style=&amp;quot;color:#EEEEEE&amp;quot;&amp;gt; Number of phonemes (DutchPOND): &amp;lt;/span&amp;gt;&amp;lt;b style=&amp;quot;color:#EEEEEE&amp;quot;&amp;gt;&#39;, 
     round(phonemes_DUTCHPOND, 2), &#39; &#39;,
     &#39;&amp;lt;/b&amp;gt;&amp;lt;br&amp;gt;&amp;lt;span style=&amp;quot;color:#EEEEEE&amp;quot;&amp;gt; Contextual diversity (lg10CD SUBTLEX-NL): &amp;lt;/span&amp;gt;&amp;lt;b style=&amp;quot;color:#EEEEEE&amp;quot;&amp;gt;&#39;,
       sprintf(&amp;quot;%.2f&amp;quot;, round(freq_lg10CD_SUBTLEXNL, 2)), &#39; &#39;,
     &#39;&amp;lt;/b&amp;gt;&amp;lt;br&amp;gt;&amp;lt;span style=&amp;quot;color:#EEEEEE&amp;quot;&amp;gt; Word frequency (lg10WF SUBTLEX-NL): &amp;lt;/span&amp;gt;&amp;lt;b style=&amp;quot;color:#EEEEEE&amp;quot;&amp;gt;&#39;,
       sprintf(&amp;quot;%.2f&amp;quot;, round(freq_lg10WF_SUBTLEXNL, 2)), &#39; &#39;,
     &#39;&amp;lt;/b&amp;gt;&amp;lt;br&amp;gt;&amp;lt;span style=&amp;quot;color:#EEEEEE&amp;quot;&amp;gt; Lemma frequency (CELEX): &amp;lt;/span&amp;gt;&amp;lt;b style=&amp;quot;color:#EEEEEE&amp;quot;&amp;gt;&#39;, 
       sprintf(&amp;quot;%.2f&amp;quot;, round(freq_CELEX_lem, 2)), &#39; &#39;,
     &#39;&amp;lt;/b&amp;gt;&amp;lt;br&amp;gt;&amp;lt;span style=&amp;quot;color:#EEEEEE&amp;quot;&amp;gt; Phonological neighbourhood size (DutchPOND): &amp;lt;/span&amp;gt;&amp;lt;b style=&amp;quot;color:#EEEEEE&amp;quot;&amp;gt;&#39;, 
     round(phon_neighbours_DUTCHPOND, 2), &#39; &#39;,
     &#39;&amp;lt;/b&amp;gt;&amp;lt;br&amp;gt;&amp;lt;span style=&amp;quot;color:#EEEEEE&amp;quot;&amp;gt; Orthographic neighbourhood size (DutchPOND): &amp;lt;/span&amp;gt;&amp;lt;b style=&amp;quot;color:#EEEEEE&amp;quot;&amp;gt;&#39;,
     round(orth_neighbours_DUTCHPOND, 2), &#39; &#39;,
     &#39;&amp;lt;/b&amp;gt;&amp;lt;br&amp;gt;&amp;lt;span style=&amp;quot;color:#EEEEEE&amp;quot;&amp;gt; Age of acquisition (Brysbaert et al., 2014): &amp;lt;/span&amp;gt;&amp;lt;b style=&amp;quot;color:#EEEEEE&amp;quot;&amp;gt;&#39;,
     sprintf(&amp;quot;%.2f&amp;quot;, round(AoA_Brysbaertetal2014, 2)), &#39; &#39;, &#39;&amp;lt;br&amp;gt; &#39;
     ) ) ) +
  geom_text(size = ifelse(selected_props()$word %in% highlighted_properties(), 7,
             ifelse(is.null(highlighted_properties()), 3, 2.8)),
      fontface = ifelse(selected_props()$word %in% highlighted_properties(), &#39;bold&#39;, &#39;plain&#39;)) +
geom_point(alpha = 0) +  # This geom_point helps to colour the tooltip according to the dominant modality
scale_colour_manual(values = colours, drop = FALSE) + theme_bw() + ggtitle(&#39;Property words&#39;) +
labs(x = &#39;Varimax-rotated Principal Component 1&#39;, y = &#39;Varimax-rotated Principal Component 2&#39;) +
guides(color = guide_legend(title = &#39;Main&amp;lt;br&amp;gt;modality&#39;)) +
theme( plot.background = element_blank(), panel.grid.major = element_blank(),
   panel.grid.minor = element_blank(), panel.border = element_blank(),
   axis.line = element_line(color = &#39;black&#39;), plot.title = element_text(size = 14, hjust = .5),
   axis.title.x = element_text(colour = &#39;black&#39;, size = 12, margin = margin(15,15,0,15)),
   axis.title.y = element_text(colour = &#39;black&#39;, size = 12, margin = margin(0,15,15,5)),
   axis.text.x = element_text(size = 8), axis.text.y  = element_text(size = 8),
   legend.background = element_rect(size = 2), legend.position = &#39;none&#39;,
 legend.title = element_blank(),
 legend.text = element_text(colour = colours, size = 13) ),
tooltip = &#39;text&#39;
)
})
  
# For download, save plot without the interactive &#39;plotly&#39; part
  
properties_png = reactive({ ggplot(selected_props(), aes(RC1, RC2, color = main, label = as.character(word))) +
geom_text(show.legend = FALSE, size = ifelse(selected_props()$word %in% highlighted_properties(), 7,
         ifelse(is.null(highlighted_properties()), 3, 2.8)),
      fontface = ifelse(selected_props()$word %in% highlighted_properties(), &#39;bold&#39;, &#39;plain&#39;)) +
geom_point(alpha = 0) + scale_colour_manual(values = colours, drop = FALSE) + theme_bw() +
guides(color = guide_legend(title = &#39;Main&amp;lt;br&amp;gt;modality&#39;, override.aes = list(size = 7, alpha = 1))) +
ggtitle( paste0(&#39;Properties&#39;, &#39; (showing &#39;, nrow(selected_props()), &#39; out of &#39;, nrow(props), &#39;)&#39;) ) + 
labs(x = &#39;Varimax-rotated Principal Component 1&#39;, y = &#39;Varimax-rotated Principal Component 2&#39;) +
theme( plot.background = element_blank(), panel.grid.major = element_blank(),
   panel.grid.minor = element_blank(), panel.border = element_blank(),
   axis.line = element_line(color = &#39;black&#39;), plot.title = element_text(size = 17, hjust = .5, margin = margin(3,3,7,3)),
   axis.title.x = element_text(colour = &#39;black&#39;, size = 12, margin = margin(10,10,2,10)),
   axis.title.y = element_text(colour = &#39;black&#39;, size = 12, margin = margin(10,10,10,5)),
   axis.text.x = element_text(size = 8), axis.text.y  = element_text(size = 8),
   legend.background = element_rect(size = 2), legend.position = &#39;right&#39;,
   legend.title = element_blank(), legend.text = element_text(size = 15))
})
  
```
&lt;/code&gt;&lt;/pre&gt;
&lt;p&gt;The only instance in which I drew on javascript code outside R packages was to enable tooltips beyond the packages’ limits—for instance, in the side bar. This javascript feature is created at the top of the script, in the head area.&lt;/p&gt;
&lt;pre&gt;&lt;code&gt;&amp;lt;!-- Javascript function to enable a hovering tooltip --&amp;gt;
&amp;lt;script&amp;gt;
$(document).ready(function(){
   $(&#39;[data-toggle=&amp;quot;tooltip1&amp;quot;]&#39;).tooltip();
});
&amp;lt;/script&amp;gt;
&lt;/code&gt;&lt;/pre&gt;
&lt;/li&gt;
&lt;li&gt;
&lt;p&gt;In the side bar, I added a reactive mean for each variable, complementing the range selector.&lt;/p&gt;
&lt;pre&gt;&lt;code&gt;reactive(cat(paste0(&#39;Mean = &#39;, 
  sprintf(&amp;quot;%.2f&amp;quot;, round(mean(selected_words()$Exclusivity),2)))))
&lt;/code&gt;&lt;/pre&gt;
&lt;/li&gt;
&lt;/ul&gt;
&lt;h2 id=&#34;static-version-published-on-rpubs&#34;&gt;Static version published on RPubs&lt;/h2&gt;
&lt;p&gt;A reduced, &amp;lsquo;static&amp;rsquo; version was also created to increase the availability of the content. Removing some reactivity features allows the dashboard to be published as a standard website (i.e., on a personal website, on 
&lt;a href=&#34;rpubs.com&#34;&gt;RPubs&lt;/a&gt;, etc.), without the need for a back-end Shiny server. Note that this type of website is dubbed &amp;lsquo;static&amp;rsquo;, but it can retain multiple interactive features thanks to Javascript-based tools under the hood, allowed by R packages such as &lt;code&gt;leaflet&lt;/code&gt; for maps, &lt;code&gt;DT&lt;/code&gt; for tables, &lt;code&gt;plotly&lt;/code&gt; for plots, etc.&lt;/p&gt;
&lt;p&gt;To create the Flexdashboard-only version departing from the Flexdashboard-Shiny version, I added a setting in the header of the script&lt;/p&gt;
&lt;pre&gt;&lt;code&gt;knit: (function(inputFile, encoding) {
  rmarkdown::render(inputFile, encoding = encoding) })
&lt;/code&gt;&lt;/pre&gt;
&lt;p&gt;and disabled reactive features.&lt;/p&gt;
&lt;pre&gt;&lt;code&gt;```{r}
# Number of words selected on sidebar
# reactive(cat(paste0(&#39;Words selected below: &#39;, nrow(selected_props()))))
```
&lt;/code&gt;&lt;/pre&gt;
&lt;h3 id=&#34;reference&#34;&gt;Reference&lt;/h3&gt;
&lt;div style = &#34;text-indent:-2em; margin-left:2em;&#34;&gt;
&lt;p&gt;Bernabeu, P. (2018). Dutch modality exclusivity norms for 336 properties and 411 concepts [Data dashboard]. Retrieved from &lt;a href=&#34;https://pablobernabeu.shinyapps.io/Dutch-Modality-Exclusivity-Norms/&#34;&gt;https://pablobernabeu.shinyapps.io/Dutch-Modality-Exclusivity-Norms/&lt;/a&gt;.&lt;/p&gt;
&lt;/div&gt;
&lt;br&gt;
</description>
    </item>
    
    <item>
      <title>Modality switch effects emerge early and increase throughout conceptual processing: evidence from ERPs</title>
      <link>/2017/modality-switch-effects-emerge-early-and-increase-throughout-conceptual-processing-evidence-from-erps/</link>
      <pubDate>Sun, 01 Jan 2017 00:00:00 +0000</pubDate>
      <guid>/2017/modality-switch-effects-emerge-early-and-increase-throughout-conceptual-processing-evidence-from-erps/</guid>
      <description>&lt;p&gt;Research has extensively investigated whether conceptual processing is modality-specific—that is, whether meaning is processed to a large extent on the basis of perceptual and motor affordances (Barsalou, 2016). This possibility challenges long-established theories. It suggests a strong link between physical experience and language which is not borne out of the paradigmatic arbitrariness of words (see Lockwood, Dingemanse, &amp;amp; Hagoort, 2016). Modality-specificity also clashes with models of language that have no link to sensory and motor systems (Barsalou, 2016).&lt;/p&gt;
&lt;a href=&#39;https://psyarxiv.com/a5pcz/download&#39;&gt;
      &lt;button style = &#34;background-color: white; color: black; border: 2px solid #4CAF50; border-radius: 12px;&#34;&gt;
      &lt;h3 style = &#34;margin-top: 7px !important; margin-left: 9px !important; margin-right: 9px !important;&#34;&gt; 
      &lt;span style=&#34;color:#DBE6DA;&#34;&gt;&lt;i class=&#34;fas fa-mouse-pointer&#34;&gt;&lt;/i&gt;&lt;/span&gt;&amp;nbsp; Article &lt;/h3&gt;&lt;/button&gt;&lt;/a&gt; &amp;nbsp; 
&lt;a href=&#39;https://psyarxiv.com/5gjvk/download/&#39;&gt;
      &lt;button style = &#34;background-color: white; color: black; border: 2px solid #196F27; border-radius: 12px;&#34;&gt;
      &lt;h3 style = &#34;margin-top: 7px !important; margin-left: 9px !important; margin-right: 9px !important;&#34;&gt; 
      &lt;span style=&#34;color:#DBE6DA;&#34;&gt;&lt;i class=&#34;fas fa-mouse-pointer&#34;&gt;&lt;/i&gt;&lt;/span&gt;&amp;nbsp; Download thesis &lt;/h3&gt;&lt;/button&gt;&lt;/a&gt; &amp;nbsp; 
&lt;br&gt;
&lt;br&gt;
&lt;ul&gt;
&lt;li&gt;
&lt;a href=&#34;https://www.researchgate.net/post/Conceptual_modality_switch_effect_measured_at_first_word&#34; target=&#34;_blank&#34; rel=&#34;noopener&#34;&gt;Early discussion on ResearchGate&lt;/a&gt;&lt;/li&gt;
&lt;li&gt;
&lt;a href=&#34;https://osf.io/97unm/&#34; target=&#34;_blank&#34; rel=&#34;noopener&#34;&gt;data and code&lt;/a&gt;&lt;/li&gt;
&lt;li&gt;
&lt;a href=&#34;https://mybinder.org/v2/gh/pablobernabeu/Modality-switch-effects-emerge-early-and-increase-throughout-conceptual-processing/master?urlpath=rstudio&#34; target=&#34;_blank&#34; rel=&#34;noopener&#34;&gt;analysis environment in RStudio&lt;/a&gt;&lt;/li&gt;
&lt;/ul&gt;
&lt;p&gt;In the Conceptual Modality Switch (CMS) paradigm, participants perform a property verification task, deciding whether certain property words can reasonably describe concept words. Covertly, the conceptual modality of consecutive trials is manipulated in order to produce specific switches in conceptual modality. For instance, after the trial &lt;em&gt;Soundless Answer&lt;/em&gt;, which is primarily auditory, the following trial may match in modality—&lt;em&gt;Loud Welcome&lt;/em&gt;—or mismatch—&lt;em&gt;Fine Selection&lt;/em&gt; (visual).&lt;/p&gt;
&lt;p&gt;&lt;img src=&#34;designoverview.png&#34; alt=&#34;&#34;&gt;&lt;/p&gt;
&lt;p&gt;Modality switches incur processing costs, as reflected in brain signals linked to semantic violation, and in longer response times (RTs) (Scerrati, Lugli, Nicoletti, &amp;amp; Borghi, 2016). This effect suggests that perceptual features of concepts are accessed during conceptual processing. More recently, however, the CMS effect was reanalysed using a non-perceptual alternative. Louwerse and Connell (2011) found that language statistics (the co-occurrence of words in a language) were able to approximately predict visual/haptic, olfactory/gustatory, and auditory modalities, but not the subtler differences between visual and haptic and between olfactory and gustatory, which seemed to be reserved for perceptual simulations. Moreover, faster response times (RTs) were best explained by language statistics, whereas slower RTs were best explained by perceptual simulations.&lt;/p&gt;
&lt;p&gt;The time course of word processing is important. Research suggests that word processing spans one second, during which different processes—semantic and post-semantic—gradually accumulate (Hauk, 2016). The later an effect, the more reasons to question it. Yet, having an early emergence does not either make an effect lexicosemantic, as the meaning encoded could have gone through working memory before activating the actual system of interest, e.g., sensorimotor (Mahon &amp;amp; Caramazza, 2008). Research also suggests that modal systems may contribute to conceptual processing early on—within 200 ms (Vukovic, Feurra, Shpektor, Myachykov, &amp;amp; Shtyrov, 2017). Thus, measuring effects online may prove valuable.&lt;/p&gt;
&lt;h2 id=&#34;experiment&#34;&gt;Experiment&lt;/h2&gt;
&lt;p&gt;Bernabeu, Willems and Louwerse (2017) investigated whether CMS reflects a functionally relevant process of simulation or instead arises only after basic conceptual processing has been attained. We also examined whether different processing systems, amodal and modal, may compatibly operate.&lt;/p&gt;
&lt;p&gt;We measured CMS online by time-locking Event-Related brain Potentials (ERPs) to the onset of the first word in the target trials, in order to assess how strongly CMS may be influenced by post-semantic processes. Previous research would predict an increase in the CMS effect over time because earlier processing is relatively amodal (Louwerse &amp;amp; Hutchinson, 2012).&lt;/p&gt;
&lt;p&gt;We tested the compatibility of amodal and modal processing by drawing on Louwerse and Connell’s (2011) findings. In this conceptual replication, we split participants into a Quick and a Slow group based on RT. Maintaining CMS as a within-subjects factor, we predicted that the larger modality switches (e.g., auditory to visual) would be picked up equally by both groups, whereas the subtler switches (e.g., haptic to visual) would be picked up only—or more clearly—by the Slow group.&lt;/p&gt;
&lt;h2 id=&#34;method&#34;&gt;Method&lt;/h2&gt;
&lt;p&gt;The stimuli were normed (Bernabeu, Louwerse, &amp;amp; Willems, in prep.). Three CMS conditions were created—Auditory-to-visual, Haptic-to-visual, Visual-to-visual—, each with 36 target trials. The property verification task was pretested valid (&lt;em&gt;N&lt;/em&gt; = 19).&lt;/p&gt;
&lt;h2 id=&#34;results&#34;&gt;Results&lt;/h2&gt;
&lt;p&gt;All participants but one responded correctly to over half of the trials, with an overall accuracy of 63%.&lt;/p&gt;
&lt;p&gt;ERPs showed a CMS effect from time window 1 on, larger after 350 ms. It appeared with both switch conditions, and was characterized by a more negative amplitude for the switch conditions compared to the no-switch condition. It was generally stronger in the posterior brain regions, and in the Slow group. The results are illustrated in the figure below, which includes 95% Confidence Intervals and time windows.&lt;/p&gt;
&lt;p&gt;&lt;img src=&#34;stackERPs.png&#34; alt=&#34;&#34;&gt;&lt;/p&gt;
&lt;p&gt;&lt;img style = &#34;float: right; margin-left: 30px;&#34; width = &#39;50%&#39; src=&#39;results.jpg&#39; /&gt;&lt;/p&gt;
&lt;p&gt;The analysis was done with Linear Mixed Effects models. Final models presented good fits, with R&lt;sup&gt;2&lt;/sup&gt; ranging from .748 to .862. First, the CMS effect in time window 1 was confirmed significant. Such an early emergence is unprecedented in the CMS literature, and it may have been enabled by the time-locking of ERPs to the first word in target trials. In this time window, the only process not lexicosemantic is possibly working memory (Hauk, 2016), and therefore this early emergence adds support to the possibility that CMS was directly caused by perceptual simulation.&lt;/p&gt;
&lt;p&gt;Whereas in time window 1, the effect was circumscribed to an interaction with Brain Area, by Time Window 2, a main effect of CMS emerged. In Windows 3 and 4, the only experimental effect was CMS.&lt;/p&gt;
&lt;p&gt;Bonferroni-corrected, planned ANOVA contrasts into CMS conditions revealed that the no-switch condition differed significantly from the switch conditions. By contrast, the switch conditions (Haptic-to-visual and Auditory-to-visual) hardly differed from each other, underscoring the CMS effect.&lt;/p&gt;
&lt;p&gt;Although the interaction of Group and CMS was only significant in Time Windows 1 and 2, Windows 2 to 4 presented a pattern fitting our predictions (Louwerse &amp;amp; Connell, 2011). While the Slow group picked up the switches across all modalities similarly, the Quick group picked up the Auditory-to-visual switch more clearly than the Haptic-to-visual switch.&lt;/p&gt;
&lt;h3 id=&#34;statistical-analysishttpsosfiosx3nw&#34;&gt;
&lt;a href=&#34;https://osf.io/sx3nw/&#34; target=&#34;_blank&#34; rel=&#34;noopener&#34;&gt;Statistical analysis&lt;/a&gt;&lt;/h3&gt;
&lt;style&gt;.embed-responsive{position:relative;height:100%;}.embed-responsive iframe{position:absolute;height:100%;}&lt;/style&gt;&lt;script&gt;window.jQuery || document.write(&#39;&lt;script src=&#34;//code.jquery.com/jquery-1.11.2.min.js&#34;&gt;\x3C/script&gt;&#39;) &lt;/script&gt;&lt;link href=&#34;https://mfr.osf.io/static/css/mfr.css&#34; media=&#34;all&#34; rel=&#34;stylesheet&#34;&gt;&lt;div id=&#34;mfrIframe&#34; class=&#34;mfr mfr-file&#34;&gt;&lt;/div&gt;&lt;script src=&#34;https://mfr.osf.io/static/js/mfr.js&#34;&gt;&lt;/script&gt; &lt;script&gt;var mfrRender = new mfr.Render(&#34;mfrIframe&#34;, &#34;https://mfr.osf.io/render?url=https://osf.io/sx3nw/?direct%26mode=render%26action=download%26mode=render&#34;);&lt;/script&gt;
&lt;h2 id=&#34;discussion&#34;&gt;Discussion&lt;/h2&gt;
&lt;p&gt;Results broadly suggest that cognition may operate on qualitatively different systems for the same task. In conceptual processing, one of these systems appears to be modality-independent, potentially based on linguistic co-occurrences, whereas another system is modality-specific, linked to physical experience.&lt;/p&gt;
&lt;p&gt;A conference poster with further analyses is 
&lt;a href=&#34;https://mfr.osf.io/render?url=https://osf.io/dj52n/?direct%26mode=render%26action=download%26mode=render&#34; target=&#34;_blank&#34; rel=&#34;noopener&#34;&gt;also available&lt;/a&gt;.&lt;/p&gt;
&lt;h2 id=&#34;references&#34;&gt;References&lt;/h2&gt;
&lt;div style = &#34;text-indent:-2em; margin-left:2em;&#34;&gt;
&lt;p&gt;Barsalou, L. W. (2016). On staying grounded and avoiding quixotic dead ends. &lt;em&gt;Psychonomic Bulletin &amp;amp; Review, 23&lt;/em&gt;.&lt;/p&gt;
&lt;p&gt;Bernabeu, P., Louwerse, M. M., &amp;amp; Willems, R. M. (in prep.). Modality exclusivity norms for 747 properties and concepts in Dutch: a replication of English. Retrieved from &lt;a href=&#34;https://osf.io/brkjw/&#34;&gt;https://osf.io/brkjw/&lt;/a&gt;&lt;/p&gt;
&lt;p&gt;Bernabeu, P., Willems, R. M., &amp;amp; Louwerse, M. M. (2017). Modality switch effects emerge early and increase throughout conceptual processing: Evidence from ERPs. In G. Gunzelmann, A. Howes, T. Tenbrink, &amp;amp; E. J. Davelaar (Eds.), Proceedings of the 39th Annual Conference of the Cognitive Science Society (pp. 1629-1634). Austin, TX: Cognitive Science Society.&lt;/p&gt;
&lt;p&gt;Hauk, O. (2016). Only time will tell—Why temporal information is essential for our neuroscientific understanding of semantics. &lt;em&gt;Psychonomic Bulletin &amp;amp; Review, 23&lt;/em&gt;, 4, 1072-1079.&lt;/p&gt;
&lt;p&gt;Lockwood, G., Hagoort, P., &amp;amp; Dingemanse, M. (2016). How iconicity helps people learn new words: neural correlates and individual differences in sound-symbolic bootstrapping. &lt;em&gt;Collabra, 2&lt;/em&gt;, 1, 7.&lt;/p&gt;
&lt;p&gt;Louwerse, M., &amp;amp; Connell, L. (2011). A taste of words: linguistic context and perceptual simulation predict the modality of words. &lt;em&gt;Cognitive Science, 35&lt;/em&gt;, 2, 381-98.&lt;/p&gt;
&lt;p&gt;Louwerse, M., &amp;amp; Hutchinson, S. (2012). Neurological evidence linguistic processes precede perceptual simulation in conceptual processing. &lt;em&gt;Frontiers in Psychology, 3&lt;/em&gt;, 385.&lt;/p&gt;
&lt;p&gt;Mahon, B. Z., &amp;amp; Caramazza, A. (2008). A critical look at the Embodied Cognition Hypothesis and a new proposal for grounding conceptual content. &lt;em&gt;Journal of Physiology - Paris, 102&lt;/em&gt;, 59-70.&lt;/p&gt;
&lt;p&gt;Scerrati, E., Lugli, L., Nicoletti, R., &amp;amp; Borghi, A. M. (2016). The Multilevel Modality-Switch Effect: What Happens When We See the Bees Buzzing and Hear the Diamonds Glistening. &lt;em&gt;Psychonomic Bulletin &amp;amp; Review&lt;/em&gt;, doi:10.3758/s13423-016-1150-2.&lt;/p&gt;
&lt;p&gt;Vukovic, V., Feurra, M., Shpektor, A., Myachykov, A., &amp;amp; Shtyrov, Y. (2017). Primary motor cortex functionally contributes to language comprehension: An online rTMS study. &lt;em&gt;Neuropsychologia, 96&lt;/em&gt;, 222-229.&lt;/p&gt;
&lt;/div&gt;
</description>
    </item>
    
    <item>
      <title>Modality exclusivity norms for 747 properties and concepts in Dutch: a replication of English</title>
      <link>/2016/2016-modality-exclusivity-norms-for-747-properties-and-concepts-in-dutch-a-replication-of-english/</link>
      <pubDate>Fri, 01 Jan 2016 00:00:00 +0000</pubDate>
      <guid>/2016/2016-modality-exclusivity-norms-for-747-properties-and-concepts-in-dutch-a-replication-of-english/</guid>
      <description>



</description>
    </item>
    
  </channel>
</rss>
