<?xml version="1.0" encoding="utf-8" standalone="yes" ?>
<rss version="2.0" xmlns:atom="http://www.w3.org/2005/Atom">
  <channel>
    <title>web application | Pablo Bernabeu</title>
    <link>/tags/web-application/</link>
      <atom:link href="/tags/web-application/index.xml" rel="self" type="application/rss+xml" />
    <description>web application</description>
    <generator>Source Themes Academic (https://sourcethemes.com/academic/)</generator><language>en-uk</language><copyright>© Pablo Bernabeu, 2020 — [CC BY Attribution licence](https://creativecommons.org/licenses/by/4.0/). Cookies only used [by Disqus to enable comments](https://help.disqus.com/en/articles/1717155-use-of-cookies).</copyright><lastBuildDate>Mon, 01 Jun 2020 00:00:00 +0000</lastBuildDate>
    <image>
      <url>/img/pablobernabeu_image_sharing.png</url>
      <title>web application</title>
      <link>/tags/web-application/</link>
    </image>
    
    <item>
      <title>Web application for the simulation of experimental data</title>
      <link>/applications-and-dashboards/experimental-data-simulation/</link>
      <pubDate>Mon, 01 Jun 2020 00:00:00 +0000</pubDate>
      <guid>/applications-and-dashboards/experimental-data-simulation/</guid>
      <description>


&lt;div style=&#34;font-size: 25px; color: #614064; padding-top: 15px; padding-bottom: 10px;&#34;&gt;
&lt;i class=&#34;fas fa-chalkboard-teacher fa-xs&#34; aria-hidden=&#34;true&#34;&gt;&lt;/i&gt; &lt;i class=&#34;fas fa-university fa-xs&#34; aria-hidden=&#34;true&#34;&gt;&lt;/i&gt;  Purposes
&lt;/div&gt;
&lt;p&gt;This web application is suitable for educational and research purposes in experimental and quantitative sciences. It allows the &lt;strong&gt;creation of varied data sets with specified structures, such as between-group or within-participant variables, that can be categorical or continuous.&lt;/strong&gt; These features can be selected along the different tabs. In the penultimate tab, a custom summary of the current data set can be constructed. In the last tab, the list of parameters and the data set can be downloaded.&lt;/p&gt;
&lt;p&gt;Screenshot of the &lt;em&gt;Dependent&lt;/em&gt; tab (&lt;a href=&#34;https://github.com/pablobernabeu/Experimental-data-simulation/raw/master/Screenshot.png&#34;&gt;view larger&lt;/a&gt;)&lt;/p&gt;
&lt;p&gt;&lt;img style=&#34;max-width: 800px; display: block; margin-left: auto; margin-right: auto; padding-bottom: 15px;&#34; src=&#34;https://github.com/pablobernabeu/Experimental-data-simulation/raw/master/Screenshot.png&#34; /&gt;&lt;/p&gt;
&lt;div id=&#34;reference&#34; class=&#34;section level3&#34;&gt;
&lt;h3&gt;Reference&lt;/h3&gt;
&lt;p&gt;Bernabeu, P., &amp;amp; Lynott, D. (2020). Web application for the simulation of experimental data (Version 0.2). Retrieved from &lt;a href=&#34;https://github.com/pablobernabeu/Experiment-simulation-app/&#34;&gt;https://github.com/pablobernabeu/Experiment-simulation-app/&lt;/a&gt;.&lt;/p&gt;
&lt;/div&gt;
&lt;div id=&#34;code&#34; class=&#34;section level3&#34;&gt;
&lt;h3&gt;Code&lt;/h3&gt;
&lt;p&gt;This web application was developed in &lt;a href=&#34;https://www.r-project.org/about.html&#34;&gt;R&lt;/a&gt; (R Core Team, 2020). The code is &lt;a href=&#34;https://github.com/pablobernabeu/Experimental-data-simulation/blob/master/web-application.Rmd&#34;&gt;available on Github&lt;/a&gt;, where contributions may be made. The initial code for this application was influenced by Section 5.7 in Crump (2017; &lt;a href=&#34;https://crumplab.github.io/programmingforpsych/simulating-and-analyzing-data-in-r.html#simulating-data-for-multi-factor-designs&#34;&gt;&lt;em&gt;Simulating data for multi-factor designs&lt;/em&gt;&lt;/a&gt;). The R packages used include Shiny (Chang, Cheng, Allaire, Xie, &amp;amp; McPherson, 2020), Tidyverse (Wickham et al., 2019) and DT (Xie, 2020).&lt;/p&gt;
&lt;/div&gt;
&lt;div id=&#34;acknowledgements&#34; class=&#34;section level3&#34;&gt;
&lt;h3&gt;Acknowledgements&lt;/h3&gt;
&lt;p&gt;Thank you to RStudio for the free hosting server used by this application, &lt;a href=&#34;https://www.shinyapps.io/&#34;&gt;shinyapps.io&lt;/a&gt;.&lt;/p&gt;
&lt;/div&gt;
&lt;div id=&#34;references&#34; class=&#34;section level3&#34;&gt;
&lt;h3&gt;References&lt;/h3&gt;
&lt;div style=&#34;text-indent:-1.5em; margin-left:1.5em;&#34;&gt;
&lt;p&gt;Chang, W., Cheng, J., Allaire, J., Xie, Y., &amp;amp; McPherson, J. (2020). shiny: Web Application Framework for R. R package version 1.4.0. Available at &lt;a href=&#34;http://CRAN.R-project.org/package=shiny&#34;&gt;http://CRAN.R-project.org/package=shiny&lt;/a&gt;.&lt;/p&gt;
&lt;p&gt;Crump, M. J. C. (2017). Programming for Psychologists: Data Creation and Analysis (Version 1.1). &lt;a href=&#34;https://crumplab.github.io/programmingforpsych/&#34;&gt;https://crumplab.github.io/programmingforpsych/&lt;/a&gt;.&lt;/p&gt;
&lt;p&gt;R Core Team (2020). R: A language and environment for statistical computing. R Foundation for Statistical Computing, Vienna, Austria. URL &lt;a href=&#34;https://www.R-project.org/&#34;&gt;https://www.R-project.org/&lt;/a&gt;.&lt;/p&gt;
&lt;p&gt;Wickham, H., Averick, M., Bryan, J., Chang, W., McGowan, L. D. A., François, R., … Kuhn, M. (2019). Welcome to the Tidyverse. &lt;em&gt;Journal of Open Source Software, 4&lt;/em&gt;(43), 1686. &lt;a href=&#34;https://doi.org/10.21105/joss.01686&#34;&gt;https://doi.org/10.21105/joss.01686&lt;/a&gt;.&lt;/p&gt;
&lt;p&gt;Xie, Y. (2020). DT: A Wrapper of the JavaScript Library “DataTables”. R package version 0.14. Available at &lt;a href=&#34;https://CRAN.R-project.org/package=DT&#34;&gt;https://CRAN.R-project.org/package=DT&lt;/a&gt;.&lt;/p&gt;
&lt;/div&gt;
&lt;/div&gt;
&lt;div id=&#34;contact&#34; class=&#34;section level3&#34;&gt;
&lt;h3&gt;Contact&lt;/h3&gt;
&lt;p&gt;To submit any questions or feedback, please post &lt;a href=&#34;https://github.com/pablobernabeu/Experimental-data-simulation/issues&#34;&gt;an issue&lt;/a&gt;, or email Pablo Bernabeu at &lt;a href=&#34;mailto:p.bernabeu@lancaster.ac.uk&#34;&gt;p.bernabeu@lancaster.ac.uk&lt;/a&gt;.&lt;/p&gt;
&lt;p&gt;&lt;br&gt;&lt;/p&gt;
&lt;/div&gt;
</description>
    </item>
    
  </channel>
</rss>
