<?xml version="1.0" encoding="utf-8" standalone="yes" ?>
<rss version="2.0" xmlns:atom="http://www.w3.org/2005/Atom">
  <channel>
    <title>0 | Pablo Bernabeu</title>
    <link>/publication_types/0/</link>
      <atom:link href="/publication_types/0/index.xml" rel="self" type="application/rss+xml" />
    <description>0</description>
    <generator>Source Themes Academic (https://sourcethemes.com/academic/)</generator><language>en-uk</language><copyright>© Pablo Bernabeu, 2020. [Creative Commons BY Attribution licence](https://creativecommons.org/licenses/by/4.0/). Cookies only used by Disqus to enable comments ([see details](https://help.disqus.com/en/articles/1717155-use-of-cookies)).</copyright><lastBuildDate>Mon, 01 Jan 2018 00:00:00 +0000</lastBuildDate>
    <image>
      <url>/img/pablobernabeu_sharing_image.png</url>
      <title>0</title>
      <link>/publication_types/0/</link>
    </image>
    
    <item>
      <title>Review of the Landscape Model of reading: composition, dynamics and application</title>
      <link>/publication/bernabeu2018/</link>
      <pubDate>Mon, 01 Jan 2018 00:00:00 +0000</pubDate>
      <guid>/publication/bernabeu2018/</guid>
      <description>&lt;h3 id=&#34;reference&#34;&gt;Reference&lt;/h3&gt;
&lt;p&gt;Bernabeu, P. (2018). Review of the Landscape Model of reading: composition, dynamics and application. &lt;em&gt;PsyArxiv&lt;/em&gt; (unreviewed). &lt;a href=&#34;https://osf.io/frhtj&#34;&gt;https://osf.io/frhtj&lt;/a&gt;&lt;/p&gt;
</description>
    </item>
    
  </channel>
</rss>
